entity,birth_date,week_start,days_from_birth,mention_count,metric,query_used,status,as_of,ct_precision
ElevenLabs,2023-01-23,2022-12-26,-28,0,raw_count,"""ElevenLabs""",ok,2026-07-08,NOT_AUDITED
ElevenLabs,2023-01-23,2023-01-02,-21,0,raw_count,"""ElevenLabs""",ok,2026-07-08,NOT_AUDITED
ElevenLabs,2023-01-23,2023-01-09,-14,0,raw_count,"""ElevenLabs""",ok,2026-07-08,NOT_AUDITED
ElevenLabs,2023-01-23,2023-01-16,-7,0,raw_count,"""ElevenLabs""",ok,2026-07-08,NOT_AUDITED
ElevenLabs,2023-01-23,2023-01-23,0,1,raw_count,"""ElevenLabs""",ok,2026-07-08,NOT_AUDITED
ElevenLabs,2023-01-23,2023-01-30,7,48,raw_count,"""ElevenLabs""",ok,2026-07-08,NOT_AUDITED
ElevenLabs,2023-01-23,2023-02-06,14,28,raw_count,"""ElevenLabs""",ok,2026-07-08,NOT_AUDITED
ElevenLabs,2023-01-23,2023-02-13,21,7,raw_count,"""ElevenLabs""",ok,2026-07-08,NOT_AUDITED
ElevenLabs,2023-01-23,2023-02-20,28,14,raw_count,"""ElevenLabs""",ok,2026-07-08,NOT_AUDITED
ElevenLabs,2023-01-23,2023-02-27,35,10,raw_count,"""ElevenLabs""",ok,2026-07-08,NOT_AUDITED
ElevenLabs,2023-01-23,2023-03-06,42,13,raw_count,"""ElevenLabs""",ok,2026-07-08,NOT_AUDITED
ElevenLabs,2023-01-23,2023-03-13,49,5,raw_count,"""ElevenLabs""",ok,2026-07-08,NOT_AUDITED
ElevenLabs,2023-01-23,2023-03-20,56,4,raw_count,"""ElevenLabs""",ok,2026-07-08,NOT_AUDITED
ElevenLabs,2023-01-23,2023-03-27,63,5,raw_count,"""ElevenLabs""",ok,2026-07-08,NOT_AUDITED
ElevenLabs,2023-01-23,2023-04-03,70,3,raw_count,"""ElevenLabs""",ok,2026-07-08,NOT_AUDITED
ElevenLabs,2023-01-23,2023-04-10,77,2,raw_count,"""ElevenLabs""",ok,2026-07-08,NOT_AUDITED
ElevenLabs,2023-01-23,2023-04-17,84,7,raw_count,"""ElevenLabs""",ok,2026-07-08,NOT_AUDITED
ElevenLabs,2023-01-23,2023-04-24,91,2,raw_count,"""ElevenLabs""",ok,2026-07-08,NOT_AUDITED
ElevenLabs,2023-01-23,2023-05-01,98,19,raw_count,"""ElevenLabs""",ok,2026-07-08,NOT_AUDITED
ElevenLabs,2023-01-23,2023-05-08,105,5,raw_count,"""ElevenLabs""",ok,2026-07-08,NOT_AUDITED
ElevenLabs,2023-01-23,2023-05-15,112,3,raw_count,"""ElevenLabs""",ok,2026-07-08,NOT_AUDITED
ElevenLabs,2023-01-23,2023-05-22,119,8,raw_count,"""ElevenLabs""",ok,2026-07-08,NOT_AUDITED
ElevenLabs,2023-01-23,2023-05-29,126,3,raw_count,"""ElevenLabs""",ok,2026-07-08,NOT_AUDITED
ElevenLabs,2023-01-23,2023-06-05,133,3,raw_count,"""ElevenLabs""",ok,2026-07-08,NOT_AUDITED
ElevenLabs,2023-01-23,2023-06-12,140,28,raw_count,"""ElevenLabs""",ok,2026-07-08,NOT_AUDITED
ElevenLabs,2023-01-23,2023-06-19,147,11,raw_count,"""ElevenLabs""",ok,2026-07-08,NOT_AUDITED
ElevenLabs,2023-01-23,2023-06-26,154,4,raw_count,"""ElevenLabs""",ok,2026-07-08,NOT_AUDITED
ElevenLabs,2023-01-23,2023-07-03,161,8,raw_count,"""ElevenLabs""",ok,2026-07-08,NOT_AUDITED
ElevenLabs,2023-01-23,2023-07-10,168,5,raw_count,"""ElevenLabs""",ok,2026-07-08,NOT_AUDITED
ElevenLabs,2023-01-23,2023-07-17,175,3,raw_count,"""ElevenLabs""",ok,2026-07-08,NOT_AUDITED
ElevenLabs,2023-01-23,2023-07-24,182,1,raw_count,"""ElevenLabs""",ok,2026-07-08,NOT_AUDITED
ElevenLabs,2023-01-23,2023-07-31,189,2,raw_count,"""ElevenLabs""",ok,2026-07-08,NOT_AUDITED
ElevenLabs,2023-01-23,2023-08-07,196,6,raw_count,"""ElevenLabs""",ok,2026-07-08,NOT_AUDITED
ElevenLabs,2023-01-23,2023-08-14,203,6,raw_count,"""ElevenLabs""",ok,2026-07-08,NOT_AUDITED
ElevenLabs,2023-01-23,2023-08-21,210,4,raw_count,"""ElevenLabs""",ok,2026-07-08,NOT_AUDITED
ElevenLabs,2023-01-23,2023-08-28,217,3,raw_count,"""ElevenLabs""",ok,2026-07-08,NOT_AUDITED
ElevenLabs,2023-01-23,2023-09-04,224,3,raw_count,"""ElevenLabs""",ok,2026-07-08,NOT_AUDITED
ElevenLabs,2023-01-23,2023-09-11,231,4,raw_count,"""ElevenLabs""",ok,2026-07-08,NOT_AUDITED
ElevenLabs,2023-01-23,2023-09-18,238,3,raw_count,"""ElevenLabs""",ok,2026-07-08,NOT_AUDITED
ElevenLabs,2023-01-23,2023-09-25,245,2,raw_count,"""ElevenLabs""",ok,2026-07-08,NOT_AUDITED
ElevenLabs,2023-01-23,2023-10-02,252,3,raw_count,"""ElevenLabs""",ok,2026-07-08,NOT_AUDITED
ElevenLabs,2023-01-23,2023-10-09,259,4,raw_count,"""ElevenLabs""",ok,2026-07-08,NOT_AUDITED
ElevenLabs,2023-01-23,2023-10-16,266,31,raw_count,"""ElevenLabs""",ok,2026-07-08,NOT_AUDITED
ElevenLabs,2023-01-23,2023-10-23,273,3,raw_count,"""ElevenLabs""",ok,2026-07-08,NOT_AUDITED
ElevenLabs,2023-01-23,2023-10-30,280,0,raw_count,"""ElevenLabs""",ok,2026-07-08,NOT_AUDITED
ElevenLabs,2023-01-23,2023-11-06,287,3,raw_count,"""ElevenLabs""",ok,2026-07-08,NOT_AUDITED
ElevenLabs,2023-01-23,2023-11-13,294,2,raw_count,"""ElevenLabs""",ok,2026-07-08,NOT_AUDITED
ElevenLabs,2023-01-23,2023-11-20,301,1,raw_count,"""ElevenLabs""",ok,2026-07-08,NOT_AUDITED
ElevenLabs,2023-01-23,2023-11-27,308,2,raw_count,"""ElevenLabs""",ok,2026-07-08,NOT_AUDITED
ElevenLabs,2023-01-23,2023-12-04,315,1,raw_count,"""ElevenLabs""",ok,2026-07-08,NOT_AUDITED
ElevenLabs,2023-01-23,2023-12-11,322,2,raw_count,"""ElevenLabs""",ok,2026-07-08,NOT_AUDITED
ElevenLabs,2023-01-23,2023-12-18,329,35,raw_count,"""ElevenLabs""",ok,2026-07-08,NOT_AUDITED
ElevenLabs,2023-01-23,2023-12-25,336,2,raw_count,"""ElevenLabs""",ok,2026-07-08,NOT_AUDITED
ElevenLabs,2023-01-23,2024-01-01,343,5,raw_count,"""ElevenLabs""",ok,2026-07-08,NOT_AUDITED
ElevenLabs,2023-01-23,2024-01-08,350,3,raw_count,"""ElevenLabs""",ok,2026-07-08,NOT_AUDITED
ElevenLabs,2023-01-23,2024-01-15,357,1,raw_count,"""ElevenLabs""",ok,2026-07-08,NOT_AUDITED
ElevenLabs,2023-01-23,2024-01-22,364,29,raw_count,"""ElevenLabs""",ok,2026-07-08,NOT_AUDITED
ElevenLabs,2023-01-23,2024-01-29,371,12,raw_count,"""ElevenLabs""",ok,2026-07-08,NOT_AUDITED
ElevenLabs,2023-01-23,2024-02-05,378,59,raw_count,"""ElevenLabs""",ok,2026-07-08,NOT_AUDITED
ElevenLabs,2023-01-23,2024-02-12,385,74,raw_count,"""ElevenLabs""",ok,2026-07-08,NOT_AUDITED
ElevenLabs,2023-01-23,2024-02-19,392,16,raw_count,"""ElevenLabs""",ok,2026-07-08,NOT_AUDITED
ElevenLabs,2023-01-23,2024-02-26,399,8,raw_count,"""ElevenLabs""",ok,2026-07-08,NOT_AUDITED
ElevenLabs,2023-01-23,2024-03-04,406,7,raw_count,"""ElevenLabs""",ok,2026-07-08,NOT_AUDITED
ElevenLabs,2023-01-23,2024-03-11,413,36,raw_count,"""ElevenLabs""",ok,2026-07-08,NOT_AUDITED
ElevenLabs,2023-01-23,2024-03-18,420,7,raw_count,"""ElevenLabs""",ok,2026-07-08,NOT_AUDITED
ElevenLabs,2023-01-23,2024-03-25,427,18,raw_count,"""ElevenLabs""",ok,2026-07-08,NOT_AUDITED
ElevenLabs,2023-01-23,2024-04-01,434,29,raw_count,"""ElevenLabs""",ok,2026-07-08,NOT_AUDITED
ElevenLabs,2023-01-23,2024-04-08,441,27,raw_count,"""ElevenLabs""",ok,2026-07-08,NOT_AUDITED
ElevenLabs,2023-01-23,2024-04-15,448,4,raw_count,"""ElevenLabs""",ok,2026-07-08,NOT_AUDITED
ElevenLabs,2023-01-23,2024-04-22,455,7,raw_count,"""ElevenLabs""",ok,2026-07-08,NOT_AUDITED
ElevenLabs,2023-01-23,2024-04-29,462,8,raw_count,"""ElevenLabs""",ok,2026-07-08,NOT_AUDITED
ElevenLabs,2023-01-23,2024-05-06,469,11,raw_count,"""ElevenLabs""",ok,2026-07-08,NOT_AUDITED
ElevenLabs,2023-01-23,2024-05-13,476,40,raw_count,"""ElevenLabs""",ok,2026-07-08,NOT_AUDITED
ElevenLabs,2023-01-23,2024-05-20,483,3,raw_count,"""ElevenLabs""",ok,2026-07-08,NOT_AUDITED
ElevenLabs,2023-01-23,2024-05-27,490,45,raw_count,"""ElevenLabs""",ok,2026-07-08,NOT_AUDITED
ElevenLabs,2023-01-23,2024-06-03,497,11,raw_count,"""ElevenLabs""",ok,2026-07-08,NOT_AUDITED
ElevenLabs,2023-01-23,2024-06-10,504,4,raw_count,"""ElevenLabs""",ok,2026-07-08,NOT_AUDITED
ElevenLabs,2023-01-23,2024-06-17,511,7,raw_count,"""ElevenLabs""",ok,2026-07-08,NOT_AUDITED
ElevenLabs,2023-01-23,2024-06-24,518,12,raw_count,"""ElevenLabs""",ok,2026-07-08,NOT_AUDITED
ElevenLabs,2023-01-23,2024-07-01,525,20,raw_count,"""ElevenLabs""",ok,2026-07-08,NOT_AUDITED
ElevenLabs,2023-01-23,2024-07-08,532,33,raw_count,"""ElevenLabs""",ok,2026-07-08,NOT_AUDITED
ElevenLabs,2023-01-23,2024-07-15,539,13,raw_count,"""ElevenLabs""",ok,2026-07-08,NOT_AUDITED
ElevenLabs,2023-01-23,2024-07-22,546,67,raw_count,"""ElevenLabs""",ok,2026-07-08,NOT_AUDITED
ElevenLabs,2023-01-23,2024-07-29,553,16,raw_count,"""ElevenLabs""",ok,2026-07-08,NOT_AUDITED
ElevenLabs,2023-01-23,2024-08-05,560,9,raw_count,"""ElevenLabs""",ok,2026-07-08,NOT_AUDITED
ElevenLabs,2023-01-23,2024-08-12,567,69,raw_count,"""ElevenLabs""",ok,2026-07-08,NOT_AUDITED
ElevenLabs,2023-01-23,2024-08-19,574,7,raw_count,"""ElevenLabs""",ok,2026-07-08,NOT_AUDITED
ElevenLabs,2023-01-23,2024-08-26,581,3,raw_count,"""ElevenLabs""",ok,2026-07-08,NOT_AUDITED
ElevenLabs,2023-01-23,2024-09-02,588,3,raw_count,"""ElevenLabs""",ok,2026-07-08,NOT_AUDITED
ElevenLabs,2023-01-23,2024-09-09,595,3,raw_count,"""ElevenLabs""",ok,2026-07-08,NOT_AUDITED
ElevenLabs,2023-01-23,2024-09-16,602,4,raw_count,"""ElevenLabs""",ok,2026-07-08,NOT_AUDITED
ElevenLabs,2023-01-23,2024-09-23,609,7,raw_count,"""ElevenLabs""",ok,2026-07-08,NOT_AUDITED
ElevenLabs,2023-01-23,2024-09-30,616,11,raw_count,"""ElevenLabs""",ok,2026-07-08,NOT_AUDITED
ElevenLabs,2023-01-23,2024-10-07,623,7,raw_count,"""ElevenLabs""",ok,2026-07-08,NOT_AUDITED
ElevenLabs,2023-01-23,2024-10-14,630,35,raw_count,"""ElevenLabs""",ok,2026-07-08,NOT_AUDITED
ElevenLabs,2023-01-23,2024-10-21,637,2,raw_count,"""ElevenLabs""",ok,2026-07-08,NOT_AUDITED
ElevenLabs,2023-01-23,2024-10-28,644,4,raw_count,"""ElevenLabs""",ok,2026-07-08,NOT_AUDITED
ElevenLabs,2023-01-23,2024-11-04,651,3,raw_count,"""ElevenLabs""",ok,2026-07-08,NOT_AUDITED
ElevenLabs,2023-01-23,2024-11-11,658,69,raw_count,"""ElevenLabs""",ok,2026-07-08,NOT_AUDITED
ElevenLabs,2023-01-23,2024-11-18,665,10,raw_count,"""ElevenLabs""",ok,2026-07-08,NOT_AUDITED
ElevenLabs,2023-01-23,2024-11-25,672,8,raw_count,"""ElevenLabs""",ok,2026-07-08,NOT_AUDITED
ElevenLabs,2023-01-23,2024-12-02,679,7,raw_count,"""ElevenLabs""",ok,2026-07-08,NOT_AUDITED
ElevenLabs,2023-01-23,2024-12-09,686,7,raw_count,"""ElevenLabs""",ok,2026-07-08,NOT_AUDITED
ElevenLabs,2023-01-23,2024-12-16,693,8,raw_count,"""ElevenLabs""",ok,2026-07-08,NOT_AUDITED
ElevenLabs,2023-01-23,2024-12-23,700,6,raw_count,"""ElevenLabs""",ok,2026-07-08,NOT_AUDITED
ElevenLabs,2023-01-23,2024-12-30,707,8,raw_count,"""ElevenLabs""",ok,2026-07-08,NOT_AUDITED
ElevenLabs,2023-01-23,2025-01-06,714,3,raw_count,"""ElevenLabs""",ok,2026-07-08,NOT_AUDITED
ElevenLabs,2023-01-23,2025-01-13,721,6,raw_count,"""ElevenLabs""",ok,2026-07-08,NOT_AUDITED
ElevenLabs,2023-01-23,2025-01-20,728,1,raw_count,"""ElevenLabs""",ok,2026-07-08,NOT_AUDITED
ElevenLabs,2023-01-23,2025-01-27,735,9,raw_count,"""ElevenLabs""",ok,2026-07-08,NOT_AUDITED
ElevenLabs,2023-01-23,2025-02-03,742,20,raw_count,"""ElevenLabs""",ok,2026-07-08,NOT_AUDITED
ElevenLabs,2023-01-23,2025-02-10,749,21,raw_count,"""ElevenLabs""",ok,2026-07-08,NOT_AUDITED
ElevenLabs,2023-01-23,2025-02-17,756,18,raw_count,"""ElevenLabs""",ok,2026-07-08,NOT_AUDITED
ElevenLabs,2023-01-23,2025-02-24,763,11,raw_count,"""ElevenLabs""",ok,2026-07-08,NOT_AUDITED
ElevenLabs,2023-01-23,2025-03-03,770,20,raw_count,"""ElevenLabs""",ok,2026-07-08,NOT_AUDITED
ElevenLabs,2023-01-23,2025-03-10,777,22,raw_count,"""ElevenLabs""",ok,2026-07-08,NOT_AUDITED
ElevenLabs,2023-01-23,2025-03-17,784,8,raw_count,"""ElevenLabs""",ok,2026-07-08,NOT_AUDITED
ElevenLabs,2023-01-23,2025-03-24,791,5,raw_count,"""ElevenLabs""",ok,2026-07-08,NOT_AUDITED
ElevenLabs,2023-01-23,2025-03-31,798,7,raw_count,"""ElevenLabs""",ok,2026-07-08,NOT_AUDITED
ElevenLabs,2023-01-23,2025-04-07,805,4,raw_count,"""ElevenLabs""",ok,2026-07-08,NOT_AUDITED
ElevenLabs,2023-01-23,2025-04-14,812,10,raw_count,"""ElevenLabs""",ok,2026-07-08,NOT_AUDITED
ElevenLabs,2023-01-23,2025-04-21,819,14,raw_count,"""ElevenLabs""",ok,2026-07-08,NOT_AUDITED
ElevenLabs,2023-01-23,2025-04-28,826,9,raw_count,"""ElevenLabs""",ok,2026-07-08,NOT_AUDITED
ElevenLabs,2023-01-23,2025-05-05,833,10,raw_count,"""ElevenLabs""",ok,2026-07-08,NOT_AUDITED
ElevenLabs,2023-01-23,2025-05-12,840,5,raw_count,"""ElevenLabs""",ok,2026-07-08,NOT_AUDITED
ElevenLabs,2023-01-23,2025-05-19,847,33,raw_count,"""ElevenLabs""",ok,2026-07-08,NOT_AUDITED
ElevenLabs,2023-01-23,2025-05-26,854,6,raw_count,"""ElevenLabs""",ok,2026-07-08,NOT_AUDITED
ElevenLabs,2023-01-23,2025-06-02,861,23,raw_count,"""ElevenLabs""",ok,2026-07-08,NOT_AUDITED
ElevenLabs,2023-01-23,2025-06-09,868,5,raw_count,"""ElevenLabs""",ok,2026-07-08,NOT_AUDITED
ElevenLabs,2023-01-23,2025-06-16,875,0,raw_count,"""ElevenLabs""",ok,2026-07-08,NOT_AUDITED
ElevenLabs,2023-01-23,2025-06-23,882,0,raw_count,"""ElevenLabs""",ok,2026-07-08,NOT_AUDITED
ElevenLabs,2023-01-23,2025-06-30,889,12,raw_count,"""ElevenLabs""",ok,2026-07-08,NOT_AUDITED
ElevenLabs,2023-01-23,2025-07-07,896,2,raw_count,"""ElevenLabs""",ok,2026-07-08,NOT_AUDITED
ElevenLabs,2023-01-23,2025-07-14,903,8,raw_count,"""ElevenLabs""",ok,2026-07-08,NOT_AUDITED
ElevenLabs,2023-01-23,2025-07-21,910,2,raw_count,"""ElevenLabs""",ok,2026-07-08,NOT_AUDITED
ElevenLabs,2023-01-23,2025-07-28,917,7,raw_count,"""ElevenLabs""",ok,2026-07-08,NOT_AUDITED
ElevenLabs,2023-01-23,2025-08-04,924,16,raw_count,"""ElevenLabs""",ok,2026-07-08,NOT_AUDITED
ElevenLabs,2023-01-23,2025-08-11,931,8,raw_count,"""ElevenLabs""",ok,2026-07-08,NOT_AUDITED
ElevenLabs,2023-01-23,2025-08-18,938,20,raw_count,"""ElevenLabs""",ok,2026-07-08,NOT_AUDITED
ElevenLabs,2023-01-23,2025-08-25,945,15,raw_count,"""ElevenLabs""",ok,2026-07-08,NOT_AUDITED
ElevenLabs,2023-01-23,2025-09-01,952,12,raw_count,"""ElevenLabs""",ok,2026-07-08,NOT_AUDITED
ElevenLabs,2023-01-23,2025-09-08,959,11,raw_count,"""ElevenLabs""",ok,2026-07-08,NOT_AUDITED
ElevenLabs,2023-01-23,2025-09-15,966,7,raw_count,"""ElevenLabs""",ok,2026-07-08,NOT_AUDITED
ElevenLabs,2023-01-23,2025-09-22,973,9,raw_count,"""ElevenLabs""",ok,2026-07-08,NOT_AUDITED
ElevenLabs,2023-01-23,2025-09-29,980,13,raw_count,"""ElevenLabs""",ok,2026-07-08,NOT_AUDITED
ElevenLabs,2023-01-23,2025-10-06,987,12,raw_count,"""ElevenLabs""",ok,2026-07-08,NOT_AUDITED
ElevenLabs,2023-01-23,2025-10-13,994,14,raw_count,"""ElevenLabs""",ok,2026-07-08,NOT_AUDITED
ElevenLabs,2023-01-23,2025-10-20,1001,9,raw_count,"""ElevenLabs""",ok,2026-07-08,NOT_AUDITED
ElevenLabs,2023-01-23,2025-10-27,1008,19,raw_count,"""ElevenLabs""",ok,2026-07-08,NOT_AUDITED
ElevenLabs,2023-01-23,2025-11-03,1015,8,raw_count,"""ElevenLabs""",ok,2026-07-08,NOT_AUDITED
ElevenLabs,2023-01-23,2025-11-10,1022,131,raw_count,"""ElevenLabs""",ok,2026-07-08,NOT_AUDITED
ElevenLabs,2023-01-23,2025-11-17,1029,13,raw_count,"""ElevenLabs""",ok,2026-07-08,NOT_AUDITED
ElevenLabs,2023-01-23,2025-11-24,1036,14,raw_count,"""ElevenLabs""",ok,2026-07-08,NOT_AUDITED
ElevenLabs,2023-01-23,2025-12-01,1043,15,raw_count,"""ElevenLabs""",ok,2026-07-08,NOT_AUDITED
ElevenLabs,2023-01-23,2025-12-08,1050,50,raw_count,"""ElevenLabs""",ok,2026-07-08,NOT_AUDITED
ElevenLabs,2023-01-23,2025-12-15,1057,9,raw_count,"""ElevenLabs""",ok,2026-07-08,NOT_AUDITED
ElevenLabs,2023-01-23,2025-12-22,1064,7,raw_count,"""ElevenLabs""",ok,2026-07-08,NOT_AUDITED
ElevenLabs,2023-01-23,2025-12-29,1071,5,raw_count,"""ElevenLabs""",ok,2026-07-08,NOT_AUDITED
ElevenLabs,2023-01-23,2026-01-05,1078,16,raw_count,"""ElevenLabs""",ok,2026-07-08,NOT_AUDITED
ElevenLabs,2023-01-23,2026-01-12,1085,33,raw_count,"""ElevenLabs""",ok,2026-07-08,NOT_AUDITED
ElevenLabs,2023-01-23,2026-01-19,1092,90,raw_count,"""ElevenLabs""",ok,2026-07-08,NOT_AUDITED
ElevenLabs,2023-01-23,2026-01-26,1099,19,raw_count,"""ElevenLabs""",ok,2026-07-08,NOT_AUDITED
ElevenLabs,2023-01-23,2026-02-02,1106,24,raw_count,"""ElevenLabs""",ok,2026-07-08,NOT_AUDITED
ElevenLabs,2023-01-23,2026-02-09,1113,19,raw_count,"""ElevenLabs""",ok,2026-07-08,NOT_AUDITED
ElevenLabs,2023-01-23,2026-02-16,1120,20,raw_count,"""ElevenLabs""",ok,2026-07-08,NOT_AUDITED
ElevenLabs,2023-01-23,2026-02-23,1127,11,raw_count,"""ElevenLabs""",ok,2026-07-08,NOT_AUDITED
ElevenLabs,2023-01-23,2026-03-02,1134,9,raw_count,"""ElevenLabs""",ok,2026-07-08,NOT_AUDITED
ElevenLabs,2023-01-23,2026-03-09,1141,76,raw_count,"""ElevenLabs""",ok,2026-07-08,NOT_AUDITED
ElevenLabs,2023-01-23,2026-03-16,1148,29,raw_count,"""ElevenLabs""",ok,2026-07-08,NOT_AUDITED
ElevenLabs,2023-01-23,2026-03-23,1155,42,raw_count,"""ElevenLabs""",ok,2026-07-08,NOT_AUDITED
ElevenLabs,2023-01-23,2026-03-30,1162,18,raw_count,"""ElevenLabs""",ok,2026-07-08,NOT_AUDITED
ElevenLabs,2023-01-23,2026-04-06,1169,4,raw_count,"""ElevenLabs""",ok,2026-07-08,NOT_AUDITED
ElevenLabs,2023-01-23,2026-04-13,1176,14,raw_count,"""ElevenLabs""",ok,2026-07-08,NOT_AUDITED
ElevenLabs,2023-01-23,2026-04-20,1183,25,raw_count,"""ElevenLabs""",ok,2026-07-08,NOT_AUDITED
ElevenLabs,2023-01-23,2026-04-27,1190,72,raw_count,"""ElevenLabs""",ok,2026-07-08,NOT_AUDITED
ElevenLabs,2023-01-23,2026-05-04,1197,19,raw_count,"""ElevenLabs""",ok,2026-07-08,NOT_AUDITED
ElevenLabs,2023-01-23,2026-05-11,1204,18,raw_count,"""ElevenLabs""",ok,2026-07-08,NOT_AUDITED
ElevenLabs,2023-01-23,2026-05-18,1211,39,raw_count,"""ElevenLabs""",ok,2026-07-08,NOT_AUDITED
ElevenLabs,2023-01-23,2026-05-25,1218,25,raw_count,"""ElevenLabs""",ok,2026-07-08,NOT_AUDITED
ElevenLabs,2023-01-23,2026-06-01,1225,22,raw_count,"""ElevenLabs""",ok,2026-07-08,NOT_AUDITED
ElevenLabs,2023-01-23,2026-06-08,1232,16,raw_count,"""ElevenLabs""",ok,2026-07-08,NOT_AUDITED
ElevenLabs,2023-01-23,2026-06-15,1239,30,raw_count,"""ElevenLabs""",ok,2026-07-08,NOT_AUDITED
ElevenLabs,2023-01-23,2026-06-22,1246,26,raw_count,"""ElevenLabs""",ok,2026-07-08,NOT_AUDITED
ElevenLabs,2023-01-23,2026-06-29,1253,12,raw_count,"""ElevenLabs""",ok,2026-07-08,NOT_AUDITED
Mistral AI,2023-04-28,2023-03-27,-32,0,raw_count,"""Mistral AI""",ok,2026-07-08,NOT_AUDITED
Mistral AI,2023-04-28,2023-04-03,-25,0,raw_count,"""Mistral AI""",ok,2026-07-08,NOT_AUDITED
Mistral AI,2023-04-28,2023-04-10,-18,0,raw_count,"""Mistral AI""",ok,2026-07-08,NOT_AUDITED
Mistral AI,2023-04-28,2023-04-17,-11,0,raw_count,"""Mistral AI""",ok,2026-07-08,NOT_AUDITED
Mistral AI,2023-04-28,2023-04-24,-4,0,raw_count,"""Mistral AI""",ok,2026-07-08,NOT_AUDITED
Mistral AI,2023-04-28,2023-05-01,3,0,raw_count,"""Mistral AI""",ok,2026-07-08,NOT_AUDITED
Mistral AI,2023-04-28,2023-05-08,10,0,raw_count,"""Mistral AI""",ok,2026-07-08,NOT_AUDITED
Mistral AI,2023-04-28,2023-05-15,17,0,raw_count,"""Mistral AI""",ok,2026-07-08,NOT_AUDITED
Mistral AI,2023-04-28,2023-05-22,24,0,raw_count,"""Mistral AI""",ok,2026-07-08,NOT_AUDITED
Mistral AI,2023-04-28,2023-05-29,31,0,raw_count,"""Mistral AI""",ok,2026-07-08,NOT_AUDITED
Mistral AI,2023-04-28,2023-06-05,38,3,raw_count,"""Mistral AI""",ok,2026-07-08,NOT_AUDITED
Mistral AI,2023-04-28,2023-06-12,45,25,raw_count,"""Mistral AI""",ok,2026-07-08,NOT_AUDITED
Mistral AI,2023-04-28,2023-06-19,52,5,raw_count,"""Mistral AI""",ok,2026-07-08,NOT_AUDITED
Mistral AI,2023-04-28,2023-06-26,59,16,raw_count,"""Mistral AI""",ok,2026-07-08,NOT_AUDITED
Mistral AI,2023-04-28,2023-07-03,66,6,raw_count,"""Mistral AI""",ok,2026-07-08,NOT_AUDITED
Mistral AI,2023-04-28,2023-07-10,73,7,raw_count,"""Mistral AI""",ok,2026-07-08,NOT_AUDITED
Mistral AI,2023-04-28,2023-07-17,80,19,raw_count,"""Mistral AI""",ok,2026-07-08,NOT_AUDITED
Mistral AI,2023-04-28,2023-07-24,87,0,raw_count,"""Mistral AI""",ok,2026-07-08,NOT_AUDITED
Mistral AI,2023-04-28,2023-07-31,94,2,raw_count,"""Mistral AI""",ok,2026-07-08,NOT_AUDITED
Mistral AI,2023-04-28,2023-08-07,101,3,raw_count,"""Mistral AI""",ok,2026-07-08,NOT_AUDITED
Mistral AI,2023-04-28,2023-08-14,108,3,raw_count,"""Mistral AI""",ok,2026-07-08,NOT_AUDITED
Mistral AI,2023-04-28,2023-08-21,115,0,raw_count,"""Mistral AI""",ok,2026-07-08,NOT_AUDITED
Mistral AI,2023-04-28,2023-08-28,122,0,raw_count,"""Mistral AI""",ok,2026-07-08,NOT_AUDITED
Mistral AI,2023-04-28,2023-09-04,129,1,raw_count,"""Mistral AI""",ok,2026-07-08,NOT_AUDITED
Mistral AI,2023-04-28,2023-09-11,136,2,raw_count,"""Mistral AI""",ok,2026-07-08,NOT_AUDITED
Mistral AI,2023-04-28,2023-09-18,143,1,raw_count,"""Mistral AI""",ok,2026-07-08,NOT_AUDITED
Mistral AI,2023-04-28,2023-09-25,150,9,raw_count,"""Mistral AI""",ok,2026-07-08,NOT_AUDITED
Mistral AI,2023-04-28,2023-10-02,157,1,raw_count,"""Mistral AI""",ok,2026-07-08,NOT_AUDITED
Mistral AI,2023-04-28,2023-10-09,164,0,raw_count,"""Mistral AI""",ok,2026-07-08,NOT_AUDITED
Mistral AI,2023-04-28,2023-10-16,171,1,raw_count,"""Mistral AI""",ok,2026-07-08,NOT_AUDITED
Mistral AI,2023-04-28,2023-10-23,178,0,raw_count,"""Mistral AI""",ok,2026-07-08,NOT_AUDITED
Mistral AI,2023-04-28,2023-10-30,185,2,raw_count,"""Mistral AI""",ok,2026-07-08,NOT_AUDITED
Mistral AI,2023-04-28,2023-11-06,192,3,raw_count,"""Mistral AI""",ok,2026-07-08,NOT_AUDITED
Mistral AI,2023-04-28,2023-11-13,199,6,raw_count,"""Mistral AI""",ok,2026-07-08,NOT_AUDITED
Mistral AI,2023-04-28,2023-11-20,206,5,raw_count,"""Mistral AI""",ok,2026-07-08,NOT_AUDITED
Mistral AI,2023-04-28,2023-11-27,213,3,raw_count,"""Mistral AI""",ok,2026-07-08,NOT_AUDITED
Mistral AI,2023-04-28,2023-12-04,220,109,raw_count,"""Mistral AI""",ok,2026-07-08,NOT_AUDITED
Mistral AI,2023-04-28,2023-12-11,227,36,raw_count,"""Mistral AI""",ok,2026-07-08,NOT_AUDITED
Mistral AI,2023-04-28,2023-12-18,234,4,raw_count,"""Mistral AI""",ok,2026-07-08,NOT_AUDITED
Mistral AI,2023-04-28,2023-12-25,241,5,raw_count,"""Mistral AI""",ok,2026-07-08,NOT_AUDITED
Mistral AI,2023-04-28,2024-01-01,248,0,raw_count,"""Mistral AI""",ok,2026-07-08,NOT_AUDITED
Mistral AI,2023-04-28,2024-01-08,255,10,raw_count,"""Mistral AI""",ok,2026-07-08,NOT_AUDITED
Mistral AI,2023-04-28,2024-01-15,262,9,raw_count,"""Mistral AI""",ok,2026-07-08,NOT_AUDITED
Mistral AI,2023-04-28,2024-01-22,269,9,raw_count,"""Mistral AI""",ok,2026-07-08,NOT_AUDITED
Mistral AI,2023-04-28,2024-01-29,276,5,raw_count,"""Mistral AI""",ok,2026-07-08,NOT_AUDITED
Mistral AI,2023-04-28,2024-02-05,283,18,raw_count,"""Mistral AI""",ok,2026-07-08,NOT_AUDITED
Mistral AI,2023-04-28,2024-02-12,290,5,raw_count,"""Mistral AI""",ok,2026-07-08,NOT_AUDITED
Mistral AI,2023-04-28,2024-02-19,297,3,raw_count,"""Mistral AI""",ok,2026-07-08,NOT_AUDITED
Mistral AI,2023-04-28,2024-02-26,304,103,raw_count,"""Mistral AI""",ok,2026-07-08,NOT_AUDITED
Mistral AI,2023-04-28,2024-03-04,311,28,raw_count,"""Mistral AI""",ok,2026-07-08,NOT_AUDITED
Mistral AI,2023-04-28,2024-03-11,318,48,raw_count,"""Mistral AI""",ok,2026-07-08,NOT_AUDITED
Mistral AI,2023-04-28,2024-03-18,325,29,raw_count,"""Mistral AI""",ok,2026-07-08,NOT_AUDITED
Mistral AI,2023-04-28,2024-03-25,332,11,raw_count,"""Mistral AI""",ok,2026-07-08,NOT_AUDITED
Mistral AI,2023-04-28,2024-04-01,339,34,raw_count,"""Mistral AI""",ok,2026-07-08,NOT_AUDITED
Mistral AI,2023-04-28,2024-04-08,346,20,raw_count,"""Mistral AI""",ok,2026-07-08,NOT_AUDITED
Mistral AI,2023-04-28,2024-04-15,353,35,raw_count,"""Mistral AI""",ok,2026-07-08,NOT_AUDITED
Mistral AI,2023-04-28,2024-04-22,360,62,raw_count,"""Mistral AI""",ok,2026-07-08,NOT_AUDITED
Mistral AI,2023-04-28,2024-04-29,367,3,raw_count,"""Mistral AI""",ok,2026-07-08,NOT_AUDITED
Mistral AI,2023-04-28,2024-05-06,374,16,raw_count,"""Mistral AI""",ok,2026-07-08,NOT_AUDITED
Mistral AI,2023-04-28,2024-05-13,381,26,raw_count,"""Mistral AI""",ok,2026-07-08,NOT_AUDITED
Mistral AI,2023-04-28,2024-05-20,388,48,raw_count,"""Mistral AI""",ok,2026-07-08,NOT_AUDITED
Mistral AI,2023-04-28,2024-05-27,395,23,raw_count,"""Mistral AI""",ok,2026-07-08,NOT_AUDITED
Mistral AI,2023-04-28,2024-06-03,402,111,raw_count,"""Mistral AI""",ok,2026-07-08,NOT_AUDITED
Mistral AI,2023-04-28,2024-06-10,409,35,raw_count,"""Mistral AI""",ok,2026-07-08,NOT_AUDITED
Mistral AI,2023-04-28,2024-06-17,416,11,raw_count,"""Mistral AI""",ok,2026-07-08,NOT_AUDITED
Mistral AI,2023-04-28,2024-06-24,423,8,raw_count,"""Mistral AI""",ok,2026-07-08,NOT_AUDITED
Mistral AI,2023-04-28,2024-07-01,430,7,raw_count,"""Mistral AI""",ok,2026-07-08,NOT_AUDITED
Mistral AI,2023-04-28,2024-07-08,437,9,raw_count,"""Mistral AI""",ok,2026-07-08,NOT_AUDITED
Mistral AI,2023-04-28,2024-07-15,444,23,raw_count,"""Mistral AI""",ok,2026-07-08,NOT_AUDITED
Mistral AI,2023-04-28,2024-07-22,451,13,raw_count,"""Mistral AI""",ok,2026-07-08,NOT_AUDITED
Mistral AI,2023-04-28,2024-07-29,458,17,raw_count,"""Mistral AI""",ok,2026-07-08,NOT_AUDITED
Mistral AI,2023-04-28,2024-08-05,465,13,raw_count,"""Mistral AI""",ok,2026-07-08,NOT_AUDITED
Mistral AI,2023-04-28,2024-08-12,472,14,raw_count,"""Mistral AI""",ok,2026-07-08,NOT_AUDITED
Mistral AI,2023-04-28,2024-08-19,479,6,raw_count,"""Mistral AI""",ok,2026-07-08,NOT_AUDITED
Mistral AI,2023-04-28,2024-08-26,486,25,raw_count,"""Mistral AI""",ok,2026-07-08,NOT_AUDITED
Mistral AI,2023-04-28,2024-09-02,493,9,raw_count,"""Mistral AI""",ok,2026-07-08,NOT_AUDITED
Mistral AI,2023-04-28,2024-09-09,500,6,raw_count,"""Mistral AI""",ok,2026-07-08,NOT_AUDITED
Mistral AI,2023-04-28,2024-09-16,507,5,raw_count,"""Mistral AI""",ok,2026-07-08,NOT_AUDITED
Mistral AI,2023-04-28,2024-09-23,514,8,raw_count,"""Mistral AI""",ok,2026-07-08,NOT_AUDITED
Mistral AI,2023-04-28,2024-09-30,521,9,raw_count,"""Mistral AI""",ok,2026-07-08,NOT_AUDITED
Mistral AI,2023-04-28,2024-10-07,528,11,raw_count,"""Mistral AI""",ok,2026-07-08,NOT_AUDITED
Mistral AI,2023-04-28,2024-10-14,535,3,raw_count,"""Mistral AI""",ok,2026-07-08,NOT_AUDITED
Mistral AI,2023-04-28,2024-10-21,542,11,raw_count,"""Mistral AI""",ok,2026-07-08,NOT_AUDITED
Mistral AI,2023-04-28,2024-10-28,549,12,raw_count,"""Mistral AI""",ok,2026-07-08,NOT_AUDITED
Mistral AI,2023-04-28,2024-11-04,556,5,raw_count,"""Mistral AI""",ok,2026-07-08,NOT_AUDITED
Mistral AI,2023-04-28,2024-11-11,563,2,raw_count,"""Mistral AI""",ok,2026-07-08,NOT_AUDITED
Mistral AI,2023-04-28,2024-11-18,570,9,raw_count,"""Mistral AI""",ok,2026-07-08,NOT_AUDITED
Mistral AI,2023-04-28,2024-11-25,577,4,raw_count,"""Mistral AI""",ok,2026-07-08,NOT_AUDITED
Mistral AI,2023-04-28,2024-12-02,584,14,raw_count,"""Mistral AI""",ok,2026-07-08,NOT_AUDITED
Mistral AI,2023-04-28,2024-12-09,591,0,raw_count,"""Mistral AI""",ok,2026-07-08,NOT_AUDITED
Mistral AI,2023-04-28,2024-12-16,598,1,raw_count,"""Mistral AI""",ok,2026-07-08,NOT_AUDITED
Mistral AI,2023-04-28,2024-12-23,605,2,raw_count,"""Mistral AI""",ok,2026-07-08,NOT_AUDITED
Mistral AI,2023-04-28,2024-12-30,612,2,raw_count,"""Mistral AI""",ok,2026-07-08,NOT_AUDITED
Mistral AI,2023-04-28,2025-01-06,619,4,raw_count,"""Mistral AI""",ok,2026-07-08,NOT_AUDITED
Mistral AI,2023-04-28,2025-01-13,626,10,raw_count,"""Mistral AI""",ok,2026-07-08,NOT_AUDITED
Mistral AI,2023-04-28,2025-01-20,633,4,raw_count,"""Mistral AI""",ok,2026-07-08,NOT_AUDITED
Mistral AI,2023-04-28,2025-01-27,640,12,raw_count,"""Mistral AI""",ok,2026-07-08,NOT_AUDITED
Mistral AI,2023-04-28,2025-02-03,647,24,raw_count,"""Mistral AI""",ok,2026-07-08,NOT_AUDITED
Mistral AI,2023-04-28,2025-02-10,654,45,raw_count,"""Mistral AI""",ok,2026-07-08,NOT_AUDITED
Mistral AI,2023-04-28,2025-02-17,661,13,raw_count,"""Mistral AI""",ok,2026-07-08,NOT_AUDITED
Mistral AI,2023-04-28,2025-02-24,668,14,raw_count,"""Mistral AI""",ok,2026-07-08,NOT_AUDITED
Mistral AI,2023-04-28,2025-03-03,675,8,raw_count,"""Mistral AI""",ok,2026-07-08,NOT_AUDITED
Mistral AI,2023-04-28,2025-03-10,682,13,raw_count,"""Mistral AI""",ok,2026-07-08,NOT_AUDITED
Mistral AI,2023-04-28,2025-03-17,689,8,raw_count,"""Mistral AI""",ok,2026-07-08,NOT_AUDITED
Mistral AI,2023-04-28,2025-03-24,696,10,raw_count,"""Mistral AI""",ok,2026-07-08,NOT_AUDITED
Mistral AI,2023-04-28,2025-03-31,703,15,raw_count,"""Mistral AI""",ok,2026-07-08,NOT_AUDITED
Mistral AI,2023-04-28,2025-04-07,710,14,raw_count,"""Mistral AI""",ok,2026-07-08,NOT_AUDITED
Mistral AI,2023-04-28,2025-04-14,717,11,raw_count,"""Mistral AI""",ok,2026-07-08,NOT_AUDITED
Mistral AI,2023-04-28,2025-04-21,724,7,raw_count,"""Mistral AI""",ok,2026-07-08,NOT_AUDITED
Mistral AI,2023-04-28,2025-04-28,731,13,raw_count,"""Mistral AI""",ok,2026-07-08,NOT_AUDITED
Mistral AI,2023-04-28,2025-05-05,738,11,raw_count,"""Mistral AI""",ok,2026-07-08,NOT_AUDITED
Mistral AI,2023-04-28,2025-05-12,745,5,raw_count,"""Mistral AI""",ok,2026-07-08,NOT_AUDITED
Mistral AI,2023-04-28,2025-05-19,752,9,raw_count,"""Mistral AI""",ok,2026-07-08,NOT_AUDITED
Mistral AI,2023-04-28,2025-05-26,759,14,raw_count,"""Mistral AI""",ok,2026-07-08,NOT_AUDITED
Mistral AI,2023-04-28,2025-06-02,766,8,raw_count,"""Mistral AI""",ok,2026-07-08,NOT_AUDITED
Mistral AI,2023-04-28,2025-06-09,773,34,raw_count,"""Mistral AI""",ok,2026-07-08,NOT_AUDITED
Mistral AI,2023-04-28,2025-06-16,780,0,raw_count,"""Mistral AI""",ok,2026-07-08,NOT_AUDITED
Mistral AI,2023-04-28,2025-06-23,787,0,raw_count,"""Mistral AI""",ok,2026-07-08,NOT_AUDITED
Mistral AI,2023-04-28,2025-06-30,794,10,raw_count,"""Mistral AI""",ok,2026-07-08,NOT_AUDITED
Mistral AI,2023-04-28,2025-07-07,801,18,raw_count,"""Mistral AI""",ok,2026-07-08,NOT_AUDITED
Mistral AI,2023-04-28,2025-07-14,808,18,raw_count,"""Mistral AI""",ok,2026-07-08,NOT_AUDITED
Mistral AI,2023-04-28,2025-07-21,815,10,raw_count,"""Mistral AI""",ok,2026-07-08,NOT_AUDITED
Mistral AI,2023-04-28,2025-07-28,822,20,raw_count,"""Mistral AI""",ok,2026-07-08,NOT_AUDITED
Mistral AI,2023-04-28,2025-08-04,829,23,raw_count,"""Mistral AI""",ok,2026-07-08,NOT_AUDITED
Mistral AI,2023-04-28,2025-08-11,836,15,raw_count,"""Mistral AI""",ok,2026-07-08,NOT_AUDITED
Mistral AI,2023-04-28,2025-08-18,843,3,raw_count,"""Mistral AI""",ok,2026-07-08,NOT_AUDITED
Mistral AI,2023-04-28,2025-08-25,850,10,raw_count,"""Mistral AI""",ok,2026-07-08,NOT_AUDITED
Mistral AI,2023-04-28,2025-09-01,857,10,raw_count,"""Mistral AI""",ok,2026-07-08,NOT_AUDITED
Mistral AI,2023-04-28,2025-09-08,864,58,raw_count,"""Mistral AI""",ok,2026-07-08,NOT_AUDITED
Mistral AI,2023-04-28,2025-09-15,871,15,raw_count,"""Mistral AI""",ok,2026-07-08,NOT_AUDITED
Mistral AI,2023-04-28,2025-09-22,878,10,raw_count,"""Mistral AI""",ok,2026-07-08,NOT_AUDITED
Mistral AI,2023-04-28,2025-09-29,885,8,raw_count,"""Mistral AI""",ok,2026-07-08,NOT_AUDITED
Mistral AI,2023-04-28,2025-10-06,892,16,raw_count,"""Mistral AI""",ok,2026-07-08,NOT_AUDITED
Mistral AI,2023-04-28,2025-10-13,899,16,raw_count,"""Mistral AI""",ok,2026-07-08,NOT_AUDITED
Mistral AI,2023-04-28,2025-10-20,906,13,raw_count,"""Mistral AI""",ok,2026-07-08,NOT_AUDITED
Mistral AI,2023-04-28,2025-10-27,913,9,raw_count,"""Mistral AI""",ok,2026-07-08,NOT_AUDITED
Mistral AI,2023-04-28,2025-11-03,920,5,raw_count,"""Mistral AI""",ok,2026-07-08,NOT_AUDITED
Mistral AI,2023-04-28,2025-11-10,927,8,raw_count,"""Mistral AI""",ok,2026-07-08,NOT_AUDITED
Mistral AI,2023-04-28,2025-11-17,934,17,raw_count,"""Mistral AI""",ok,2026-07-08,NOT_AUDITED
Mistral AI,2023-04-28,2025-11-24,941,17,raw_count,"""Mistral AI""",ok,2026-07-08,NOT_AUDITED
Mistral AI,2023-04-28,2025-12-01,948,88,raw_count,"""Mistral AI""",ok,2026-07-08,NOT_AUDITED
Mistral AI,2023-04-28,2025-12-08,955,3,raw_count,"""Mistral AI""",ok,2026-07-08,NOT_AUDITED
Mistral AI,2023-04-28,2025-12-15,962,13,raw_count,"""Mistral AI""",ok,2026-07-08,NOT_AUDITED
Mistral AI,2023-04-28,2025-12-22,969,5,raw_count,"""Mistral AI""",ok,2026-07-08,NOT_AUDITED
Mistral AI,2023-04-28,2025-12-29,976,3,raw_count,"""Mistral AI""",ok,2026-07-08,NOT_AUDITED
Mistral AI,2023-04-28,2026-01-05,983,8,raw_count,"""Mistral AI""",ok,2026-07-08,NOT_AUDITED
Mistral AI,2023-04-28,2026-01-12,990,127,raw_count,"""Mistral AI""",ok,2026-07-08,NOT_AUDITED
Mistral AI,2023-04-28,2026-01-19,997,33,raw_count,"""Mistral AI""",ok,2026-07-08,NOT_AUDITED
Mistral AI,2023-04-28,2026-01-26,1004,7,raw_count,"""Mistral AI""",ok,2026-07-08,NOT_AUDITED
Mistral AI,2023-04-28,2026-02-02,1011,5,raw_count,"""Mistral AI""",ok,2026-07-08,NOT_AUDITED
Mistral AI,2023-04-28,2026-02-09,1018,9,raw_count,"""Mistral AI""",ok,2026-07-08,NOT_AUDITED
Mistral AI,2023-04-28,2026-02-16,1025,26,raw_count,"""Mistral AI""",ok,2026-07-08,NOT_AUDITED
Mistral AI,2023-04-28,2026-02-23,1032,15,raw_count,"""Mistral AI""",ok,2026-07-08,NOT_AUDITED
Mistral AI,2023-04-28,2026-03-02,1039,5,raw_count,"""Mistral AI""",ok,2026-07-08,NOT_AUDITED
Mistral AI,2023-04-28,2026-03-09,1046,15,raw_count,"""Mistral AI""",ok,2026-07-08,NOT_AUDITED
Mistral AI,2023-04-28,2026-03-16,1053,14,raw_count,"""Mistral AI""",ok,2026-07-08,NOT_AUDITED
Mistral AI,2023-04-28,2026-03-23,1060,5,raw_count,"""Mistral AI""",ok,2026-07-08,NOT_AUDITED
Mistral AI,2023-04-28,2026-03-30,1067,20,raw_count,"""Mistral AI""",ok,2026-07-08,NOT_AUDITED
Mistral AI,2023-04-28,2026-04-06,1074,9,raw_count,"""Mistral AI""",ok,2026-07-08,NOT_AUDITED
Mistral AI,2023-04-28,2026-04-13,1081,4,raw_count,"""Mistral AI""",ok,2026-07-08,NOT_AUDITED
Mistral AI,2023-04-28,2026-04-20,1088,12,raw_count,"""Mistral AI""",ok,2026-07-08,NOT_AUDITED
Mistral AI,2023-04-28,2026-04-27,1095,13,raw_count,"""Mistral AI""",ok,2026-07-08,NOT_AUDITED
Mistral AI,2023-04-28,2026-05-04,1102,13,raw_count,"""Mistral AI""",ok,2026-07-08,NOT_AUDITED
Mistral AI,2023-04-28,2026-05-11,1109,15,raw_count,"""Mistral AI""",ok,2026-07-08,NOT_AUDITED
Mistral AI,2023-04-28,2026-05-18,1116,13,raw_count,"""Mistral AI""",ok,2026-07-08,NOT_AUDITED
Mistral AI,2023-04-28,2026-05-25,1123,24,raw_count,"""Mistral AI""",ok,2026-07-08,NOT_AUDITED
Mistral AI,2023-04-28,2026-06-01,1130,11,raw_count,"""Mistral AI""",ok,2026-07-08,NOT_AUDITED
Mistral AI,2023-04-28,2026-06-08,1137,12,raw_count,"""Mistral AI""",ok,2026-07-08,NOT_AUDITED
Mistral AI,2023-04-28,2026-06-15,1144,70,raw_count,"""Mistral AI""",ok,2026-07-08,NOT_AUDITED
Mistral AI,2023-04-28,2026-06-22,1151,33,raw_count,"""Mistral AI""",ok,2026-07-08,NOT_AUDITED
Mistral AI,2023-04-28,2026-06-29,1158,3,raw_count,"""Mistral AI""",ok,2026-07-08,NOT_AUDITED
Apple Vision Pro,2023-06-05,2023-05-08,-28,0,raw_count,"""Apple Vision Pro""",ok,2026-07-08,PASS
Apple Vision Pro,2023-06-05,2023-05-15,-21,0,raw_count,"""Apple Vision Pro""",ok,2026-07-08,PASS
Apple Vision Pro,2023-06-05,2023-05-22,-14,0,raw_count,"""Apple Vision Pro""",ok,2026-07-08,PASS
Apple Vision Pro,2023-06-05,2023-05-29,-7,0,raw_count,"""Apple Vision Pro""",ok,2026-07-08,PASS
Apple Vision Pro,2023-06-05,2023-06-05,0,1421,raw_count,"""Apple Vision Pro""",ok,2026-07-08,PASS
Apple Vision Pro,2023-06-05,2023-06-12,7,230,raw_count,"""Apple Vision Pro""",ok,2026-07-08,PASS
Apple Vision Pro,2023-06-05,2023-06-19,14,123,raw_count,"""Apple Vision Pro""",ok,2026-07-08,PASS
Apple Vision Pro,2023-06-05,2023-06-26,21,116,raw_count,"""Apple Vision Pro""",ok,2026-07-08,PASS
Apple Vision Pro,2023-06-05,2023-07-03,28,110,raw_count,"""Apple Vision Pro""",ok,2026-07-08,PASS
Apple Vision Pro,2023-06-05,2023-07-10,35,60,raw_count,"""Apple Vision Pro""",ok,2026-07-08,PASS
Apple Vision Pro,2023-06-05,2023-07-17,42,68,raw_count,"""Apple Vision Pro""",ok,2026-07-08,PASS
Apple Vision Pro,2023-06-05,2023-07-24,49,74,raw_count,"""Apple Vision Pro""",ok,2026-07-08,PASS
Apple Vision Pro,2023-06-05,2023-07-31,56,56,raw_count,"""Apple Vision Pro""",ok,2026-07-08,PASS
Apple Vision Pro,2023-06-05,2023-08-07,63,38,raw_count,"""Apple Vision Pro""",ok,2026-07-08,PASS
Apple Vision Pro,2023-06-05,2023-08-14,70,33,raw_count,"""Apple Vision Pro""",ok,2026-07-08,PASS
Apple Vision Pro,2023-06-05,2023-08-21,77,47,raw_count,"""Apple Vision Pro""",ok,2026-07-08,PASS
Apple Vision Pro,2023-06-05,2023-08-28,84,43,raw_count,"""Apple Vision Pro""",ok,2026-07-08,PASS
Apple Vision Pro,2023-06-05,2023-09-04,91,46,raw_count,"""Apple Vision Pro""",ok,2026-07-08,PASS
Apple Vision Pro,2023-06-05,2023-09-11,98,183,raw_count,"""Apple Vision Pro""",ok,2026-07-08,PASS
Apple Vision Pro,2023-06-05,2023-09-18,105,47,raw_count,"""Apple Vision Pro""",ok,2026-07-08,PASS
Apple Vision Pro,2023-06-05,2023-09-25,112,140,raw_count,"""Apple Vision Pro""",ok,2026-07-08,PASS
Apple Vision Pro,2023-06-05,2023-10-02,119,35,raw_count,"""Apple Vision Pro""",ok,2026-07-08,PASS
Apple Vision Pro,2023-06-05,2023-10-09,126,30,raw_count,"""Apple Vision Pro""",ok,2026-07-08,PASS
Apple Vision Pro,2023-06-05,2023-10-16,133,49,raw_count,"""Apple Vision Pro""",ok,2026-07-08,PASS
Apple Vision Pro,2023-06-05,2023-10-23,140,37,raw_count,"""Apple Vision Pro""",ok,2026-07-08,PASS
Apple Vision Pro,2023-06-05,2023-10-30,147,34,raw_count,"""Apple Vision Pro""",ok,2026-07-08,PASS
Apple Vision Pro,2023-06-05,2023-11-06,154,53,raw_count,"""Apple Vision Pro""",ok,2026-07-08,PASS
Apple Vision Pro,2023-06-05,2023-11-13,161,48,raw_count,"""Apple Vision Pro""",ok,2026-07-08,PASS
Apple Vision Pro,2023-06-05,2023-11-20,168,30,raw_count,"""Apple Vision Pro""",ok,2026-07-08,PASS
Apple Vision Pro,2023-06-05,2023-11-27,175,37,raw_count,"""Apple Vision Pro""",ok,2026-07-08,PASS
Apple Vision Pro,2023-06-05,2023-12-04,182,39,raw_count,"""Apple Vision Pro""",ok,2026-07-08,PASS
Apple Vision Pro,2023-06-05,2023-12-11,189,77,raw_count,"""Apple Vision Pro""",ok,2026-07-08,PASS
Apple Vision Pro,2023-06-05,2023-12-18,196,67,raw_count,"""Apple Vision Pro""",ok,2026-07-08,PASS
Apple Vision Pro,2023-06-05,2023-12-25,203,110,raw_count,"""Apple Vision Pro""",ok,2026-07-08,PASS
Apple Vision Pro,2023-06-05,2024-01-01,210,89,raw_count,"""Apple Vision Pro""",ok,2026-07-08,PASS
Apple Vision Pro,2023-06-05,2024-01-08,217,364,raw_count,"""Apple Vision Pro""",ok,2026-07-08,PASS
Apple Vision Pro,2023-06-05,2024-01-15,224,245,raw_count,"""Apple Vision Pro""",ok,2026-07-08,PASS
Apple Vision Pro,2023-06-05,2024-01-22,231,173,raw_count,"""Apple Vision Pro""",ok,2026-07-08,PASS
Apple Vision Pro,2023-06-05,2024-01-29,238,511,raw_count,"""Apple Vision Pro""",ok,2026-07-08,PASS
Apple Vision Pro,2023-06-05,2024-02-05,245,597,raw_count,"""Apple Vision Pro""",ok,2026-07-08,PASS
Apple Vision Pro,2023-06-05,2024-02-12,252,380,raw_count,"""Apple Vision Pro""",ok,2026-07-08,PASS
Apple Vision Pro,2023-06-05,2024-02-19,259,212,raw_count,"""Apple Vision Pro""",ok,2026-07-08,PASS
Apple Vision Pro,2023-06-05,2024-02-26,266,265,raw_count,"""Apple Vision Pro""",ok,2026-07-08,PASS
Apple Vision Pro,2023-06-05,2024-03-04,273,120,raw_count,"""Apple Vision Pro""",ok,2026-07-08,PASS
Apple Vision Pro,2023-06-05,2024-03-11,280,166,raw_count,"""Apple Vision Pro""",ok,2026-07-08,PASS
Apple Vision Pro,2023-06-05,2024-03-18,287,141,raw_count,"""Apple Vision Pro""",ok,2026-07-08,PASS
Apple Vision Pro,2023-06-05,2024-03-25,294,146,raw_count,"""Apple Vision Pro""",ok,2026-07-08,PASS
Apple Vision Pro,2023-06-05,2024-04-01,301,128,raw_count,"""Apple Vision Pro""",ok,2026-07-08,PASS
Apple Vision Pro,2023-06-05,2024-04-08,308,121,raw_count,"""Apple Vision Pro""",ok,2026-07-08,PASS
Apple Vision Pro,2023-06-05,2024-04-15,315,94,raw_count,"""Apple Vision Pro""",ok,2026-07-08,PASS
Apple Vision Pro,2023-06-05,2024-04-22,322,115,raw_count,"""Apple Vision Pro""",ok,2026-07-08,PASS
Apple Vision Pro,2023-06-05,2024-04-29,329,80,raw_count,"""Apple Vision Pro""",ok,2026-07-08,PASS
Apple Vision Pro,2023-06-05,2024-05-06,336,100,raw_count,"""Apple Vision Pro""",ok,2026-07-08,PASS
Apple Vision Pro,2023-06-05,2024-05-13,343,94,raw_count,"""Apple Vision Pro""",ok,2026-07-08,PASS
Apple Vision Pro,2023-06-05,2024-05-20,350,93,raw_count,"""Apple Vision Pro""",ok,2026-07-08,PASS
Apple Vision Pro,2023-06-05,2024-05-27,357,76,raw_count,"""Apple Vision Pro""",ok,2026-07-08,PASS
Apple Vision Pro,2023-06-05,2024-06-03,364,101,raw_count,"""Apple Vision Pro""",ok,2026-07-08,PASS
Apple Vision Pro,2023-06-05,2024-06-10,371,217,raw_count,"""Apple Vision Pro""",ok,2026-07-08,PASS
Apple Vision Pro,2023-06-05,2024-06-17,378,84,raw_count,"""Apple Vision Pro""",ok,2026-07-08,PASS
Apple Vision Pro,2023-06-05,2024-06-24,385,97,raw_count,"""Apple Vision Pro""",ok,2026-07-08,PASS
Apple Vision Pro,2023-06-05,2024-07-01,392,66,raw_count,"""Apple Vision Pro""",ok,2026-07-08,PASS
Apple Vision Pro,2023-06-05,2024-07-08,399,182,raw_count,"""Apple Vision Pro""",ok,2026-07-08,PASS
Apple Vision Pro,2023-06-05,2024-07-15,406,76,raw_count,"""Apple Vision Pro""",ok,2026-07-08,PASS
Apple Vision Pro,2023-06-05,2024-07-22,413,87,raw_count,"""Apple Vision Pro""",ok,2026-07-08,PASS
Apple Vision Pro,2023-06-05,2024-07-29,420,88,raw_count,"""Apple Vision Pro""",ok,2026-07-08,PASS
Apple Vision Pro,2023-06-05,2024-08-05,427,68,raw_count,"""Apple Vision Pro""",ok,2026-07-08,PASS
Apple Vision Pro,2023-06-05,2024-08-12,434,62,raw_count,"""Apple Vision Pro""",ok,2026-07-08,PASS
Apple Vision Pro,2023-06-05,2024-08-19,441,72,raw_count,"""Apple Vision Pro""",ok,2026-07-08,PASS
Apple Vision Pro,2023-06-05,2024-08-26,448,55,raw_count,"""Apple Vision Pro""",ok,2026-07-08,PASS
Apple Vision Pro,2023-06-05,2024-09-02,455,61,raw_count,"""Apple Vision Pro""",ok,2026-07-08,PASS
Apple Vision Pro,2023-06-05,2024-09-09,462,141,raw_count,"""Apple Vision Pro""",ok,2026-07-08,PASS
Apple Vision Pro,2023-06-05,2024-09-16,469,85,raw_count,"""Apple Vision Pro""",ok,2026-07-08,PASS
Apple Vision Pro,2023-06-05,2024-09-23,476,214,raw_count,"""Apple Vision Pro""",ok,2026-07-08,PASS
Apple Vision Pro,2023-06-05,2024-09-30,483,67,raw_count,"""Apple Vision Pro""",ok,2026-07-08,PASS
Apple Vision Pro,2023-06-05,2024-10-07,490,57,raw_count,"""Apple Vision Pro""",ok,2026-07-08,PASS
Apple Vision Pro,2023-06-05,2024-10-14,497,65,raw_count,"""Apple Vision Pro""",ok,2026-07-08,PASS
Apple Vision Pro,2023-06-05,2024-10-21,504,77,raw_count,"""Apple Vision Pro""",ok,2026-07-08,PASS
Apple Vision Pro,2023-06-05,2024-10-28,511,91,raw_count,"""Apple Vision Pro""",ok,2026-07-08,PASS
Apple Vision Pro,2023-06-05,2024-11-04,518,73,raw_count,"""Apple Vision Pro""",ok,2026-07-08,PASS
Apple Vision Pro,2023-06-05,2024-11-11,525,74,raw_count,"""Apple Vision Pro""",ok,2026-07-08,PASS
Apple Vision Pro,2023-06-05,2024-11-18,532,78,raw_count,"""Apple Vision Pro""",ok,2026-07-08,PASS
Apple Vision Pro,2023-06-05,2024-11-25,539,96,raw_count,"""Apple Vision Pro""",ok,2026-07-08,PASS
Apple Vision Pro,2023-06-05,2024-12-02,546,79,raw_count,"""Apple Vision Pro""",ok,2026-07-08,PASS
Apple Vision Pro,2023-06-05,2024-12-09,553,187,raw_count,"""Apple Vision Pro""",ok,2026-07-08,PASS
Apple Vision Pro,2023-06-05,2024-12-16,560,69,raw_count,"""Apple Vision Pro""",ok,2026-07-08,PASS
Apple Vision Pro,2023-06-05,2024-12-23,567,57,raw_count,"""Apple Vision Pro""",ok,2026-07-08,PASS
Apple Vision Pro,2023-06-05,2024-12-30,574,68,raw_count,"""Apple Vision Pro""",ok,2026-07-08,PASS
Apple Vision Pro,2023-06-05,2025-01-06,581,77,raw_count,"""Apple Vision Pro""",ok,2026-07-08,PASS
Apple Vision Pro,2023-06-05,2025-01-13,588,39,raw_count,"""Apple Vision Pro""",ok,2026-07-08,PASS
Apple Vision Pro,2023-06-05,2025-01-20,595,58,raw_count,"""Apple Vision Pro""",ok,2026-07-08,PASS
Apple Vision Pro,2023-06-05,2025-01-27,602,79,raw_count,"""Apple Vision Pro""",ok,2026-07-08,PASS
Apple Vision Pro,2023-06-05,2025-02-03,609,59,raw_count,"""Apple Vision Pro""",ok,2026-07-08,PASS
Apple Vision Pro,2023-06-05,2025-02-10,616,59,raw_count,"""Apple Vision Pro""",ok,2026-07-08,PASS
Apple Vision Pro,2023-06-05,2025-02-17,623,85,raw_count,"""Apple Vision Pro""",ok,2026-07-08,PASS
Apple Vision Pro,2023-06-05,2025-02-24,630,123,raw_count,"""Apple Vision Pro""",ok,2026-07-08,PASS
Apple Vision Pro,2023-06-05,2025-03-03,637,54,raw_count,"""Apple Vision Pro""",ok,2026-07-08,PASS
Apple Vision Pro,2023-06-05,2025-03-10,644,236,raw_count,"""Apple Vision Pro""",ok,2026-07-08,PASS
Apple Vision Pro,2023-06-05,2025-03-17,651,45,raw_count,"""Apple Vision Pro""",ok,2026-07-08,PASS
Apple Vision Pro,2023-06-05,2025-03-24,658,95,raw_count,"""Apple Vision Pro""",ok,2026-07-08,PASS
Apple Vision Pro,2023-06-05,2025-03-31,665,87,raw_count,"""Apple Vision Pro""",ok,2026-07-08,PASS
Apple Vision Pro,2023-06-05,2025-04-07,672,51,raw_count,"""Apple Vision Pro""",ok,2026-07-08,PASS
Apple Vision Pro,2023-06-05,2025-04-14,679,46,raw_count,"""Apple Vision Pro""",ok,2026-07-08,PASS
Apple Vision Pro,2023-06-05,2025-04-21,686,36,raw_count,"""Apple Vision Pro""",ok,2026-07-08,PASS
Apple Vision Pro,2023-06-05,2025-04-28,693,92,raw_count,"""Apple Vision Pro""",ok,2026-07-08,PASS
Apple Vision Pro,2023-06-05,2025-05-05,700,54,raw_count,"""Apple Vision Pro""",ok,2026-07-08,PASS
Apple Vision Pro,2023-06-05,2025-05-12,707,91,raw_count,"""Apple Vision Pro""",ok,2026-07-08,PASS
Apple Vision Pro,2023-06-05,2025-05-19,714,53,raw_count,"""Apple Vision Pro""",ok,2026-07-08,PASS
Apple Vision Pro,2023-06-05,2025-05-26,721,35,raw_count,"""Apple Vision Pro""",ok,2026-07-08,PASS
Apple Vision Pro,2023-06-05,2025-06-02,728,135,raw_count,"""Apple Vision Pro""",ok,2026-07-08,PASS
Apple Vision Pro,2023-06-05,2025-06-09,735,111,raw_count,"""Apple Vision Pro""",ok,2026-07-08,PASS
Apple Vision Pro,2023-06-05,2025-06-16,742,0,raw_count,"""Apple Vision Pro""",ok,2026-07-08,PASS
Apple Vision Pro,2023-06-05,2025-06-23,749,0,raw_count,"""Apple Vision Pro""",ok,2026-07-08,PASS
Apple Vision Pro,2023-06-05,2025-06-30,756,24,raw_count,"""Apple Vision Pro""",ok,2026-07-08,PASS
Apple Vision Pro,2023-06-05,2025-07-07,763,71,raw_count,"""Apple Vision Pro""",ok,2026-07-08,PASS
Apple Vision Pro,2023-06-05,2025-07-14,770,32,raw_count,"""Apple Vision Pro""",ok,2026-07-08,PASS
Apple Vision Pro,2023-06-05,2025-07-21,777,36,raw_count,"""Apple Vision Pro""",ok,2026-07-08,PASS
Apple Vision Pro,2023-06-05,2025-07-28,784,42,raw_count,"""Apple Vision Pro""",ok,2026-07-08,PASS
Apple Vision Pro,2023-06-05,2025-08-04,791,29,raw_count,"""Apple Vision Pro""",ok,2026-07-08,PASS
Apple Vision Pro,2023-06-05,2025-08-11,798,52,raw_count,"""Apple Vision Pro""",ok,2026-07-08,PASS
Apple Vision Pro,2023-06-05,2025-08-18,805,30,raw_count,"""Apple Vision Pro""",ok,2026-07-08,PASS
Apple Vision Pro,2023-06-05,2025-08-25,812,26,raw_count,"""Apple Vision Pro""",ok,2026-07-08,PASS
Apple Vision Pro,2023-06-05,2025-09-01,819,33,raw_count,"""Apple Vision Pro""",ok,2026-07-08,PASS
Apple Vision Pro,2023-06-05,2025-09-08,826,37,raw_count,"""Apple Vision Pro""",ok,2026-07-08,PASS
Apple Vision Pro,2023-06-05,2025-09-15,833,61,raw_count,"""Apple Vision Pro""",ok,2026-07-08,PASS
Apple Vision Pro,2023-06-05,2025-09-22,840,76,raw_count,"""Apple Vision Pro""",ok,2026-07-08,PASS
Apple Vision Pro,2023-06-05,2025-09-29,847,47,raw_count,"""Apple Vision Pro""",ok,2026-07-08,PASS
Apple Vision Pro,2023-06-05,2025-10-06,854,64,raw_count,"""Apple Vision Pro""",ok,2026-07-08,PASS
Apple Vision Pro,2023-06-05,2025-10-13,861,105,raw_count,"""Apple Vision Pro""",ok,2026-07-08,PASS
Apple Vision Pro,2023-06-05,2025-10-20,868,111,raw_count,"""Apple Vision Pro""",ok,2026-07-08,PASS
Apple Vision Pro,2023-06-05,2025-10-27,875,31,raw_count,"""Apple Vision Pro""",ok,2026-07-08,PASS
Apple Vision Pro,2023-06-05,2025-11-03,882,45,raw_count,"""Apple Vision Pro""",ok,2026-07-08,PASS
Apple Vision Pro,2023-06-05,2025-11-10,889,33,raw_count,"""Apple Vision Pro""",ok,2026-07-08,PASS
Apple Vision Pro,2023-06-05,2025-11-17,896,32,raw_count,"""Apple Vision Pro""",ok,2026-07-08,PASS
Apple Vision Pro,2023-06-05,2025-11-24,903,37,raw_count,"""Apple Vision Pro""",ok,2026-07-08,PASS
Apple Vision Pro,2023-06-05,2025-12-01,910,43,raw_count,"""Apple Vision Pro""",ok,2026-07-08,PASS
Apple Vision Pro,2023-06-05,2025-12-08,917,52,raw_count,"""Apple Vision Pro""",ok,2026-07-08,PASS
Apple Vision Pro,2023-06-05,2025-12-15,924,42,raw_count,"""Apple Vision Pro""",ok,2026-07-08,PASS
Apple Vision Pro,2023-06-05,2025-12-22,931,28,raw_count,"""Apple Vision Pro""",ok,2026-07-08,PASS
Apple Vision Pro,2023-06-05,2025-12-29,938,23,raw_count,"""Apple Vision Pro""",ok,2026-07-08,PASS
Apple Vision Pro,2023-06-05,2026-01-05,945,30,raw_count,"""Apple Vision Pro""",ok,2026-07-08,PASS
Apple Vision Pro,2023-06-05,2026-01-12,952,35,raw_count,"""Apple Vision Pro""",ok,2026-07-08,PASS
Apple Vision Pro,2023-06-05,2026-01-19,959,28,raw_count,"""Apple Vision Pro""",ok,2026-07-08,PASS
Apple Vision Pro,2023-06-05,2026-01-26,966,28,raw_count,"""Apple Vision Pro""",ok,2026-07-08,PASS
Apple Vision Pro,2023-06-05,2026-02-02,973,20,raw_count,"""Apple Vision Pro""",ok,2026-07-08,PASS
Apple Vision Pro,2023-06-05,2026-02-09,980,36,raw_count,"""Apple Vision Pro""",ok,2026-07-08,PASS
Apple Vision Pro,2023-06-05,2026-02-16,987,33,raw_count,"""Apple Vision Pro""",ok,2026-07-08,PASS
Apple Vision Pro,2023-06-05,2026-02-23,994,21,raw_count,"""Apple Vision Pro""",ok,2026-07-08,PASS
Apple Vision Pro,2023-06-05,2026-03-02,1001,17,raw_count,"""Apple Vision Pro""",ok,2026-07-08,PASS
Apple Vision Pro,2023-06-05,2026-03-09,1008,18,raw_count,"""Apple Vision Pro""",ok,2026-07-08,PASS
Apple Vision Pro,2023-06-05,2026-03-16,1015,21,raw_count,"""Apple Vision Pro""",ok,2026-07-08,PASS
Apple Vision Pro,2023-06-05,2026-03-23,1022,22,raw_count,"""Apple Vision Pro""",ok,2026-07-08,PASS
Apple Vision Pro,2023-06-05,2026-03-30,1029,19,raw_count,"""Apple Vision Pro""",ok,2026-07-08,PASS
Apple Vision Pro,2023-06-05,2026-04-06,1036,26,raw_count,"""Apple Vision Pro""",ok,2026-07-08,PASS
Apple Vision Pro,2023-06-05,2026-04-13,1043,23,raw_count,"""Apple Vision Pro""",ok,2026-07-08,PASS
Apple Vision Pro,2023-06-05,2026-04-20,1050,252,raw_count,"""Apple Vision Pro""",ok,2026-07-08,PASS
Apple Vision Pro,2023-06-05,2026-04-27,1057,34,raw_count,"""Apple Vision Pro""",ok,2026-07-08,PASS
Apple Vision Pro,2023-06-05,2026-05-04,1064,30,raw_count,"""Apple Vision Pro""",ok,2026-07-08,PASS
Apple Vision Pro,2023-06-05,2026-05-11,1071,29,raw_count,"""Apple Vision Pro""",ok,2026-07-08,PASS
Apple Vision Pro,2023-06-05,2026-05-18,1078,41,raw_count,"""Apple Vision Pro""",ok,2026-07-08,PASS
Apple Vision Pro,2023-06-05,2026-05-25,1085,23,raw_count,"""Apple Vision Pro""",ok,2026-07-08,PASS
Apple Vision Pro,2023-06-05,2026-06-01,1092,35,raw_count,"""Apple Vision Pro""",ok,2026-07-08,PASS
Apple Vision Pro,2023-06-05,2026-06-08,1099,102,raw_count,"""Apple Vision Pro""",ok,2026-07-08,PASS
Apple Vision Pro,2023-06-05,2026-06-15,1106,60,raw_count,"""Apple Vision Pro""",ok,2026-07-08,PASS
Apple Vision Pro,2023-06-05,2026-06-22,1113,44,raw_count,"""Apple Vision Pro""",ok,2026-07-08,PASS
Apple Vision Pro,2023-06-05,2026-06-29,1120,10,raw_count,"""Apple Vision Pro""",ok,2026-07-08,PASS
Ollama,2023-07-01,2023-05-29,-33,0,raw_count,"""Ollama""",ok,2026-07-08,NOT_AUDITED
Ollama,2023-07-01,2023-06-05,-26,0,raw_count,"""Ollama""",ok,2026-07-08,NOT_AUDITED
Ollama,2023-07-01,2023-06-12,-19,1,raw_count,"""Ollama""",ok,2026-07-08,NOT_AUDITED
Ollama,2023-07-01,2023-06-19,-12,0,raw_count,"""Ollama""",ok,2026-07-08,NOT_AUDITED
Ollama,2023-07-01,2023-06-26,-5,0,raw_count,"""Ollama""",ok,2026-07-08,NOT_AUDITED
Ollama,2023-07-01,2023-07-03,2,0,raw_count,"""Ollama""",ok,2026-07-08,NOT_AUDITED
Ollama,2023-07-01,2023-07-10,9,0,raw_count,"""Ollama""",ok,2026-07-08,NOT_AUDITED
Ollama,2023-07-01,2023-07-17,16,1,raw_count,"""Ollama""",ok,2026-07-08,NOT_AUDITED
Ollama,2023-07-01,2023-07-24,23,1,raw_count,"""Ollama""",ok,2026-07-08,NOT_AUDITED
Ollama,2023-07-01,2023-07-31,30,0,raw_count,"""Ollama""",ok,2026-07-08,NOT_AUDITED
Ollama,2023-07-01,2023-08-07,37,0,raw_count,"""Ollama""",ok,2026-07-08,NOT_AUDITED
Ollama,2023-07-01,2023-08-14,44,0,raw_count,"""Ollama""",ok,2026-07-08,NOT_AUDITED
Ollama,2023-07-01,2023-08-21,51,0,raw_count,"""Ollama""",ok,2026-07-08,NOT_AUDITED
Ollama,2023-07-01,2023-08-28,58,0,raw_count,"""Ollama""",ok,2026-07-08,NOT_AUDITED
Ollama,2023-07-01,2023-09-04,65,0,raw_count,"""Ollama""",ok,2026-07-08,NOT_AUDITED
Ollama,2023-07-01,2023-09-11,72,0,raw_count,"""Ollama""",ok,2026-07-08,NOT_AUDITED
Ollama,2023-07-01,2023-09-18,79,0,raw_count,"""Ollama""",ok,2026-07-08,NOT_AUDITED
Ollama,2023-07-01,2023-09-25,86,0,raw_count,"""Ollama""",ok,2026-07-08,NOT_AUDITED
Ollama,2023-07-01,2023-10-02,93,1,raw_count,"""Ollama""",ok,2026-07-08,NOT_AUDITED
Ollama,2023-07-01,2023-10-09,100,1,raw_count,"""Ollama""",ok,2026-07-08,NOT_AUDITED
Ollama,2023-07-01,2023-10-16,107,0,raw_count,"""Ollama""",ok,2026-07-08,NOT_AUDITED
Ollama,2023-07-01,2023-10-23,114,1,raw_count,"""Ollama""",ok,2026-07-08,NOT_AUDITED
Ollama,2023-07-01,2023-10-30,121,2,raw_count,"""Ollama""",ok,2026-07-08,NOT_AUDITED
Ollama,2023-07-01,2023-11-06,128,2,raw_count,"""Ollama""",ok,2026-07-08,NOT_AUDITED
Ollama,2023-07-01,2023-11-13,135,1,raw_count,"""Ollama""",ok,2026-07-08,NOT_AUDITED
Ollama,2023-07-01,2023-11-20,142,0,raw_count,"""Ollama""",ok,2026-07-08,NOT_AUDITED
Ollama,2023-07-01,2023-11-27,149,0,raw_count,"""Ollama""",ok,2026-07-08,NOT_AUDITED
Ollama,2023-07-01,2023-12-04,156,1,raw_count,"""Ollama""",ok,2026-07-08,NOT_AUDITED
Ollama,2023-07-01,2023-12-11,163,1,raw_count,"""Ollama""",ok,2026-07-08,NOT_AUDITED
Ollama,2023-07-01,2023-12-18,170,1,raw_count,"""Ollama""",ok,2026-07-08,NOT_AUDITED
Ollama,2023-07-01,2023-12-25,177,1,raw_count,"""Ollama""",ok,2026-07-08,NOT_AUDITED
Ollama,2023-07-01,2024-01-01,184,0,raw_count,"""Ollama""",ok,2026-07-08,NOT_AUDITED
Ollama,2023-07-01,2024-01-08,191,1,raw_count,"""Ollama""",ok,2026-07-08,NOT_AUDITED
Ollama,2023-07-01,2024-01-15,198,2,raw_count,"""Ollama""",ok,2026-07-08,NOT_AUDITED
Ollama,2023-07-01,2024-01-22,205,0,raw_count,"""Ollama""",ok,2026-07-08,NOT_AUDITED
Ollama,2023-07-01,2024-01-29,212,0,raw_count,"""Ollama""",ok,2026-07-08,NOT_AUDITED
Ollama,2023-07-01,2024-02-05,219,0,raw_count,"""Ollama""",ok,2026-07-08,NOT_AUDITED
Ollama,2023-07-01,2024-02-12,226,0,raw_count,"""Ollama""",ok,2026-07-08,NOT_AUDITED
Ollama,2023-07-01,2024-02-19,233,0,raw_count,"""Ollama""",ok,2026-07-08,NOT_AUDITED
Ollama,2023-07-01,2024-02-26,240,1,raw_count,"""Ollama""",ok,2026-07-08,NOT_AUDITED
Ollama,2023-07-01,2024-03-04,247,0,raw_count,"""Ollama""",ok,2026-07-08,NOT_AUDITED
Ollama,2023-07-01,2024-03-11,254,0,raw_count,"""Ollama""",ok,2026-07-08,NOT_AUDITED
Ollama,2023-07-01,2024-03-18,261,2,raw_count,"""Ollama""",ok,2026-07-08,NOT_AUDITED
Ollama,2023-07-01,2024-03-25,268,0,raw_count,"""Ollama""",ok,2026-07-08,NOT_AUDITED
Ollama,2023-07-01,2024-04-01,275,8,raw_count,"""Ollama""",ok,2026-07-08,NOT_AUDITED
Ollama,2023-07-01,2024-04-08,282,2,raw_count,"""Ollama""",ok,2026-07-08,NOT_AUDITED
Ollama,2023-07-01,2024-04-15,289,2,raw_count,"""Ollama""",ok,2026-07-08,NOT_AUDITED
Ollama,2023-07-01,2024-04-22,296,20,raw_count,"""Ollama""",ok,2026-07-08,NOT_AUDITED
Ollama,2023-07-01,2024-04-29,303,2,raw_count,"""Ollama""",ok,2026-07-08,NOT_AUDITED
Ollama,2023-07-01,2024-05-06,310,1,raw_count,"""Ollama""",ok,2026-07-08,NOT_AUDITED
Ollama,2023-07-01,2024-05-13,317,2,raw_count,"""Ollama""",ok,2026-07-08,NOT_AUDITED
Ollama,2023-07-01,2024-05-20,324,4,raw_count,"""Ollama""",ok,2026-07-08,NOT_AUDITED
Ollama,2023-07-01,2024-05-27,331,0,raw_count,"""Ollama""",ok,2026-07-08,NOT_AUDITED
Ollama,2023-07-01,2024-06-03,338,3,raw_count,"""Ollama""",ok,2026-07-08,NOT_AUDITED
Ollama,2023-07-01,2024-06-10,345,2,raw_count,"""Ollama""",ok,2026-07-08,NOT_AUDITED
Ollama,2023-07-01,2024-06-17,352,0,raw_count,"""Ollama""",ok,2026-07-08,NOT_AUDITED
Ollama,2023-07-01,2024-06-24,359,6,raw_count,"""Ollama""",ok,2026-07-08,NOT_AUDITED
Ollama,2023-07-01,2024-07-01,366,2,raw_count,"""Ollama""",ok,2026-07-08,NOT_AUDITED
Ollama,2023-07-01,2024-07-08,373,3,raw_count,"""Ollama""",ok,2026-07-08,NOT_AUDITED
Ollama,2023-07-01,2024-07-15,380,2,raw_count,"""Ollama""",ok,2026-07-08,NOT_AUDITED
Ollama,2023-07-01,2024-07-22,387,6,raw_count,"""Ollama""",ok,2026-07-08,NOT_AUDITED
Ollama,2023-07-01,2024-07-29,394,4,raw_count,"""Ollama""",ok,2026-07-08,NOT_AUDITED
Ollama,2023-07-01,2024-08-05,401,0,raw_count,"""Ollama""",ok,2026-07-08,NOT_AUDITED
Ollama,2023-07-01,2024-08-12,408,1,raw_count,"""Ollama""",ok,2026-07-08,NOT_AUDITED
Ollama,2023-07-01,2024-08-19,415,5,raw_count,"""Ollama""",ok,2026-07-08,NOT_AUDITED
Ollama,2023-07-01,2024-08-26,422,3,raw_count,"""Ollama""",ok,2026-07-08,NOT_AUDITED
Ollama,2023-07-01,2024-09-02,429,0,raw_count,"""Ollama""",ok,2026-07-08,NOT_AUDITED
Ollama,2023-07-01,2024-09-09,436,0,raw_count,"""Ollama""",ok,2026-07-08,NOT_AUDITED
Ollama,2023-07-01,2024-09-16,443,1,raw_count,"""Ollama""",ok,2026-07-08,NOT_AUDITED
Ollama,2023-07-01,2024-09-23,450,2,raw_count,"""Ollama""",ok,2026-07-08,NOT_AUDITED
Ollama,2023-07-01,2024-09-30,457,1,raw_count,"""Ollama""",ok,2026-07-08,NOT_AUDITED
Ollama,2023-07-01,2024-10-07,464,4,raw_count,"""Ollama""",ok,2026-07-08,NOT_AUDITED
Ollama,2023-07-01,2024-10-14,471,1,raw_count,"""Ollama""",ok,2026-07-08,NOT_AUDITED
Ollama,2023-07-01,2024-10-21,478,8,raw_count,"""Ollama""",ok,2026-07-08,NOT_AUDITED
Ollama,2023-07-01,2024-10-28,485,4,raw_count,"""Ollama""",ok,2026-07-08,NOT_AUDITED
Ollama,2023-07-01,2024-11-04,492,4,raw_count,"""Ollama""",ok,2026-07-08,NOT_AUDITED
Ollama,2023-07-01,2024-11-11,499,2,raw_count,"""Ollama""",ok,2026-07-08,NOT_AUDITED
Ollama,2023-07-01,2024-11-18,506,2,raw_count,"""Ollama""",ok,2026-07-08,NOT_AUDITED
Ollama,2023-07-01,2024-11-25,513,2,raw_count,"""Ollama""",ok,2026-07-08,NOT_AUDITED
Ollama,2023-07-01,2024-12-02,520,9,raw_count,"""Ollama""",ok,2026-07-08,NOT_AUDITED
Ollama,2023-07-01,2024-12-09,527,1,raw_count,"""Ollama""",ok,2026-07-08,NOT_AUDITED
Ollama,2023-07-01,2024-12-16,534,3,raw_count,"""Ollama""",ok,2026-07-08,NOT_AUDITED
Ollama,2023-07-01,2024-12-23,541,3,raw_count,"""Ollama""",ok,2026-07-08,NOT_AUDITED
Ollama,2023-07-01,2024-12-30,548,2,raw_count,"""Ollama""",ok,2026-07-08,NOT_AUDITED
Ollama,2023-07-01,2025-01-06,555,4,raw_count,"""Ollama""",ok,2026-07-08,NOT_AUDITED
Ollama,2023-07-01,2025-01-13,562,0,raw_count,"""Ollama""",ok,2026-07-08,NOT_AUDITED
Ollama,2023-07-01,2025-01-20,569,3,raw_count,"""Ollama""",ok,2026-07-08,NOT_AUDITED
Ollama,2023-07-01,2025-01-27,576,14,raw_count,"""Ollama""",ok,2026-07-08,NOT_AUDITED
Ollama,2023-07-01,2025-02-03,583,3,raw_count,"""Ollama""",ok,2026-07-08,NOT_AUDITED
Ollama,2023-07-01,2025-02-10,590,4,raw_count,"""Ollama""",ok,2026-07-08,NOT_AUDITED
Ollama,2023-07-01,2025-02-17,597,4,raw_count,"""Ollama""",ok,2026-07-08,NOT_AUDITED
Ollama,2023-07-01,2025-02-24,604,7,raw_count,"""Ollama""",ok,2026-07-08,NOT_AUDITED
Ollama,2023-07-01,2025-03-03,611,5,raw_count,"""Ollama""",ok,2026-07-08,NOT_AUDITED
Ollama,2023-07-01,2025-03-10,618,7,raw_count,"""Ollama""",ok,2026-07-08,NOT_AUDITED
Ollama,2023-07-01,2025-03-17,625,2,raw_count,"""Ollama""",ok,2026-07-08,NOT_AUDITED
Ollama,2023-07-01,2025-03-24,632,2,raw_count,"""Ollama""",ok,2026-07-08,NOT_AUDITED
Ollama,2023-07-01,2025-03-31,639,1,raw_count,"""Ollama""",ok,2026-07-08,NOT_AUDITED
Ollama,2023-07-01,2025-04-07,646,2,raw_count,"""Ollama""",ok,2026-07-08,NOT_AUDITED
Ollama,2023-07-01,2025-04-14,653,7,raw_count,"""Ollama""",ok,2026-07-08,NOT_AUDITED
Ollama,2023-07-01,2025-04-21,660,2,raw_count,"""Ollama""",ok,2026-07-08,NOT_AUDITED
Ollama,2023-07-01,2025-04-28,667,5,raw_count,"""Ollama""",ok,2026-07-08,NOT_AUDITED
Ollama,2023-07-01,2025-05-05,674,4,raw_count,"""Ollama""",ok,2026-07-08,NOT_AUDITED
Ollama,2023-07-01,2025-05-12,681,6,raw_count,"""Ollama""",ok,2026-07-08,NOT_AUDITED
Ollama,2023-07-01,2025-05-19,688,10,raw_count,"""Ollama""",ok,2026-07-08,NOT_AUDITED
Ollama,2023-07-01,2025-05-26,695,2,raw_count,"""Ollama""",ok,2026-07-08,NOT_AUDITED
Ollama,2023-07-01,2025-06-02,702,2,raw_count,"""Ollama""",ok,2026-07-08,NOT_AUDITED
Ollama,2023-07-01,2025-06-09,709,2,raw_count,"""Ollama""",ok,2026-07-08,NOT_AUDITED
Ollama,2023-07-01,2025-06-16,716,0,raw_count,"""Ollama""",ok,2026-07-08,NOT_AUDITED
Ollama,2023-07-01,2025-06-23,723,0,raw_count,"""Ollama""",ok,2026-07-08,NOT_AUDITED
Ollama,2023-07-01,2025-06-30,730,3,raw_count,"""Ollama""",ok,2026-07-08,NOT_AUDITED
Ollama,2023-07-01,2025-07-07,737,8,raw_count,"""Ollama""",ok,2026-07-08,NOT_AUDITED
Ollama,2023-07-01,2025-07-14,744,5,raw_count,"""Ollama""",ok,2026-07-08,NOT_AUDITED
Ollama,2023-07-01,2025-07-21,751,4,raw_count,"""Ollama""",ok,2026-07-08,NOT_AUDITED
Ollama,2023-07-01,2025-07-28,758,8,raw_count,"""Ollama""",ok,2026-07-08,NOT_AUDITED
Ollama,2023-07-01,2025-08-04,765,19,raw_count,"""Ollama""",ok,2026-07-08,NOT_AUDITED
Ollama,2023-07-01,2025-08-11,772,13,raw_count,"""Ollama""",ok,2026-07-08,NOT_AUDITED
Ollama,2023-07-01,2025-08-18,779,6,raw_count,"""Ollama""",ok,2026-07-08,NOT_AUDITED
Ollama,2023-07-01,2025-08-25,786,11,raw_count,"""Ollama""",ok,2026-07-08,NOT_AUDITED
Ollama,2023-07-01,2025-09-01,793,10,raw_count,"""Ollama""",ok,2026-07-08,NOT_AUDITED
Ollama,2023-07-01,2025-09-08,800,5,raw_count,"""Ollama""",ok,2026-07-08,NOT_AUDITED
Ollama,2023-07-01,2025-09-15,807,1,raw_count,"""Ollama""",ok,2026-07-08,NOT_AUDITED
Ollama,2023-07-01,2025-09-22,814,3,raw_count,"""Ollama""",ok,2026-07-08,NOT_AUDITED
Ollama,2023-07-01,2025-09-29,821,3,raw_count,"""Ollama""",ok,2026-07-08,NOT_AUDITED
Ollama,2023-07-01,2025-10-06,828,2,raw_count,"""Ollama""",ok,2026-07-08,NOT_AUDITED
Ollama,2023-07-01,2025-10-13,835,16,raw_count,"""Ollama""",ok,2026-07-08,NOT_AUDITED
Ollama,2023-07-01,2025-10-20,842,0,raw_count,"""Ollama""",ok,2026-07-08,NOT_AUDITED
Ollama,2023-07-01,2025-10-27,849,6,raw_count,"""Ollama""",ok,2026-07-08,NOT_AUDITED
Ollama,2023-07-01,2025-11-03,856,5,raw_count,"""Ollama""",ok,2026-07-08,NOT_AUDITED
Ollama,2023-07-01,2025-11-10,863,6,raw_count,"""Ollama""",ok,2026-07-08,NOT_AUDITED
Ollama,2023-07-01,2025-11-17,870,9,raw_count,"""Ollama""",ok,2026-07-08,NOT_AUDITED
Ollama,2023-07-01,2025-11-24,877,3,raw_count,"""Ollama""",ok,2026-07-08,NOT_AUDITED
Ollama,2023-07-01,2025-12-01,884,5,raw_count,"""Ollama""",ok,2026-07-08,NOT_AUDITED
Ollama,2023-07-01,2025-12-08,891,6,raw_count,"""Ollama""",ok,2026-07-08,NOT_AUDITED
Ollama,2023-07-01,2025-12-15,898,5,raw_count,"""Ollama""",ok,2026-07-08,NOT_AUDITED
Ollama,2023-07-01,2025-12-22,905,10,raw_count,"""Ollama""",ok,2026-07-08,NOT_AUDITED
Ollama,2023-07-01,2025-12-29,912,6,raw_count,"""Ollama""",ok,2026-07-08,NOT_AUDITED
Ollama,2023-07-01,2026-01-05,919,3,raw_count,"""Ollama""",ok,2026-07-08,NOT_AUDITED
Ollama,2023-07-01,2026-01-12,926,6,raw_count,"""Ollama""",ok,2026-07-08,NOT_AUDITED
Ollama,2023-07-01,2026-01-19,933,4,raw_count,"""Ollama""",ok,2026-07-08,NOT_AUDITED
Ollama,2023-07-01,2026-01-26,940,8,raw_count,"""Ollama""",ok,2026-07-08,NOT_AUDITED
Ollama,2023-07-01,2026-02-02,947,7,raw_count,"""Ollama""",ok,2026-07-08,NOT_AUDITED
Ollama,2023-07-01,2026-02-09,954,6,raw_count,"""Ollama""",ok,2026-07-08,NOT_AUDITED
Ollama,2023-07-01,2026-02-16,961,9,raw_count,"""Ollama""",ok,2026-07-08,NOT_AUDITED
Ollama,2023-07-01,2026-02-23,968,2,raw_count,"""Ollama""",ok,2026-07-08,NOT_AUDITED
Ollama,2023-07-01,2026-03-02,975,9,raw_count,"""Ollama""",ok,2026-07-08,NOT_AUDITED
Ollama,2023-07-01,2026-03-09,982,11,raw_count,"""Ollama""",ok,2026-07-08,NOT_AUDITED
Ollama,2023-07-01,2026-03-16,989,6,raw_count,"""Ollama""",ok,2026-07-08,NOT_AUDITED
Ollama,2023-07-01,2026-03-23,996,11,raw_count,"""Ollama""",ok,2026-07-08,NOT_AUDITED
Ollama,2023-07-01,2026-03-30,1003,15,raw_count,"""Ollama""",ok,2026-07-08,NOT_AUDITED
Ollama,2023-07-01,2026-04-06,1010,7,raw_count,"""Ollama""",ok,2026-07-08,NOT_AUDITED
Ollama,2023-07-01,2026-04-13,1017,15,raw_count,"""Ollama""",ok,2026-07-08,NOT_AUDITED
Ollama,2023-07-01,2026-04-20,1024,4,raw_count,"""Ollama""",ok,2026-07-08,NOT_AUDITED
Ollama,2023-07-01,2026-04-27,1031,10,raw_count,"""Ollama""",ok,2026-07-08,NOT_AUDITED
Ollama,2023-07-01,2026-05-04,1038,18,raw_count,"""Ollama""",ok,2026-07-08,NOT_AUDITED
Ollama,2023-07-01,2026-05-11,1045,13,raw_count,"""Ollama""",ok,2026-07-08,NOT_AUDITED
Ollama,2023-07-01,2026-05-18,1052,5,raw_count,"""Ollama""",ok,2026-07-08,NOT_AUDITED
Ollama,2023-07-01,2026-05-25,1059,3,raw_count,"""Ollama""",ok,2026-07-08,NOT_AUDITED
Ollama,2023-07-01,2026-06-01,1066,92,raw_count,"""Ollama""",ok,2026-07-08,NOT_AUDITED
Ollama,2023-07-01,2026-06-08,1073,14,raw_count,"""Ollama""",ok,2026-07-08,NOT_AUDITED
Ollama,2023-07-01,2026-06-15,1080,5,raw_count,"""Ollama""",ok,2026-07-08,NOT_AUDITED
Ollama,2023-07-01,2026-06-22,1087,6,raw_count,"""Ollama""",ok,2026-07-08,NOT_AUDITED
Ollama,2023-07-01,2026-06-29,1094,4,raw_count,"""Ollama""",ok,2026-07-08,NOT_AUDITED
Mamba,2023-12-01,2023-10-30,-32,0,raw_count,"""Mamba"" (AI OR ""state space"" OR architecture OR transformer)",ok,2026-07-08,FAIL
Mamba,2023-12-01,2023-11-06,-25,0,raw_count,"""Mamba"" (AI OR ""state space"" OR architecture OR transformer)",ok,2026-07-08,FAIL
Mamba,2023-12-01,2023-11-13,-18,0,raw_count,"""Mamba"" (AI OR ""state space"" OR architecture OR transformer)",ok,2026-07-08,FAIL
Mamba,2023-12-01,2023-11-20,-11,1,raw_count,"""Mamba"" (AI OR ""state space"" OR architecture OR transformer)",ok,2026-07-08,FAIL
Mamba,2023-12-01,2023-11-27,-4,2,raw_count,"""Mamba"" (AI OR ""state space"" OR architecture OR transformer)",ok,2026-07-08,FAIL
Mamba,2023-12-01,2023-12-04,3,0,raw_count,"""Mamba"" (AI OR ""state space"" OR architecture OR transformer)",ok,2026-07-08,FAIL
Mamba,2023-12-01,2023-12-11,10,0,raw_count,"""Mamba"" (AI OR ""state space"" OR architecture OR transformer)",ok,2026-07-08,FAIL
Mamba,2023-12-01,2023-12-18,17,4,raw_count,"""Mamba"" (AI OR ""state space"" OR architecture OR transformer)",ok,2026-07-08,FAIL
Mamba,2023-12-01,2023-12-25,24,0,raw_count,"""Mamba"" (AI OR ""state space"" OR architecture OR transformer)",ok,2026-07-08,FAIL
Mamba,2023-12-01,2024-01-01,31,2,raw_count,"""Mamba"" (AI OR ""state space"" OR architecture OR transformer)",ok,2026-07-08,FAIL
Mamba,2023-12-01,2024-01-08,38,0,raw_count,"""Mamba"" (AI OR ""state space"" OR architecture OR transformer)",ok,2026-07-08,FAIL
Mamba,2023-12-01,2024-01-15,45,0,raw_count,"""Mamba"" (AI OR ""state space"" OR architecture OR transformer)",ok,2026-07-08,FAIL
Mamba,2023-12-01,2024-01-22,52,1,raw_count,"""Mamba"" (AI OR ""state space"" OR architecture OR transformer)",ok,2026-07-08,FAIL
Mamba,2023-12-01,2024-01-29,59,0,raw_count,"""Mamba"" (AI OR ""state space"" OR architecture OR transformer)",ok,2026-07-08,FAIL
Mamba,2023-12-01,2024-02-05,66,0,raw_count,"""Mamba"" (AI OR ""state space"" OR architecture OR transformer)",ok,2026-07-08,FAIL
Mamba,2023-12-01,2024-02-12,73,0,raw_count,"""Mamba"" (AI OR ""state space"" OR architecture OR transformer)",ok,2026-07-08,FAIL
Mamba,2023-12-01,2024-02-19,80,1,raw_count,"""Mamba"" (AI OR ""state space"" OR architecture OR transformer)",ok,2026-07-08,FAIL
Mamba,2023-12-01,2024-02-26,87,0,raw_count,"""Mamba"" (AI OR ""state space"" OR architecture OR transformer)",ok,2026-07-08,FAIL
Mamba,2023-12-01,2024-03-04,94,2,raw_count,"""Mamba"" (AI OR ""state space"" OR architecture OR transformer)",ok,2026-07-08,FAIL
Mamba,2023-12-01,2024-03-11,101,0,raw_count,"""Mamba"" (AI OR ""state space"" OR architecture OR transformer)",ok,2026-07-08,FAIL
Mamba,2023-12-01,2024-03-18,108,0,raw_count,"""Mamba"" (AI OR ""state space"" OR architecture OR transformer)",ok,2026-07-08,FAIL
Mamba,2023-12-01,2024-03-25,115,6,raw_count,"""Mamba"" (AI OR ""state space"" OR architecture OR transformer)",ok,2026-07-08,FAIL
Mamba,2023-12-01,2024-04-01,122,3,raw_count,"""Mamba"" (AI OR ""state space"" OR architecture OR transformer)",ok,2026-07-08,FAIL
Mamba,2023-12-01,2024-04-08,129,0,raw_count,"""Mamba"" (AI OR ""state space"" OR architecture OR transformer)",ok,2026-07-08,FAIL
Mamba,2023-12-01,2024-04-15,136,2,raw_count,"""Mamba"" (AI OR ""state space"" OR architecture OR transformer)",ok,2026-07-08,FAIL
Mamba,2023-12-01,2024-04-22,143,2,raw_count,"""Mamba"" (AI OR ""state space"" OR architecture OR transformer)",ok,2026-07-08,FAIL
Mamba,2023-12-01,2024-04-29,150,0,raw_count,"""Mamba"" (AI OR ""state space"" OR architecture OR transformer)",ok,2026-07-08,FAIL
Mamba,2023-12-01,2024-05-06,157,0,raw_count,"""Mamba"" (AI OR ""state space"" OR architecture OR transformer)",ok,2026-07-08,FAIL
Mamba,2023-12-01,2024-05-13,164,0,raw_count,"""Mamba"" (AI OR ""state space"" OR architecture OR transformer)",ok,2026-07-08,FAIL
Mamba,2023-12-01,2024-05-20,171,0,raw_count,"""Mamba"" (AI OR ""state space"" OR architecture OR transformer)",ok,2026-07-08,FAIL
Mamba,2023-12-01,2024-05-27,178,0,raw_count,"""Mamba"" (AI OR ""state space"" OR architecture OR transformer)",ok,2026-07-08,FAIL
Mamba,2023-12-01,2024-06-03,185,4,raw_count,"""Mamba"" (AI OR ""state space"" OR architecture OR transformer)",ok,2026-07-08,FAIL
Mamba,2023-12-01,2024-06-10,192,1,raw_count,"""Mamba"" (AI OR ""state space"" OR architecture OR transformer)",ok,2026-07-08,FAIL
Mamba,2023-12-01,2024-06-17,199,0,raw_count,"""Mamba"" (AI OR ""state space"" OR architecture OR transformer)",ok,2026-07-08,FAIL
Mamba,2023-12-01,2024-06-24,206,1,raw_count,"""Mamba"" (AI OR ""state space"" OR architecture OR transformer)",ok,2026-07-08,FAIL
Mamba,2023-12-01,2024-07-01,213,0,raw_count,"""Mamba"" (AI OR ""state space"" OR architecture OR transformer)",ok,2026-07-08,FAIL
Mamba,2023-12-01,2024-07-08,220,1,raw_count,"""Mamba"" (AI OR ""state space"" OR architecture OR transformer)",ok,2026-07-08,FAIL
Mamba,2023-12-01,2024-07-15,227,3,raw_count,"""Mamba"" (AI OR ""state space"" OR architecture OR transformer)",ok,2026-07-08,FAIL
Mamba,2023-12-01,2024-07-22,234,4,raw_count,"""Mamba"" (AI OR ""state space"" OR architecture OR transformer)",ok,2026-07-08,FAIL
Mamba,2023-12-01,2024-07-29,241,0,raw_count,"""Mamba"" (AI OR ""state space"" OR architecture OR transformer)",ok,2026-07-08,FAIL
Mamba,2023-12-01,2024-08-05,248,1,raw_count,"""Mamba"" (AI OR ""state space"" OR architecture OR transformer)",ok,2026-07-08,FAIL
Mamba,2023-12-01,2024-08-12,255,4,raw_count,"""Mamba"" (AI OR ""state space"" OR architecture OR transformer)",ok,2026-07-08,FAIL
Mamba,2023-12-01,2024-08-19,262,3,raw_count,"""Mamba"" (AI OR ""state space"" OR architecture OR transformer)",ok,2026-07-08,FAIL
Mamba,2023-12-01,2024-08-26,269,1,raw_count,"""Mamba"" (AI OR ""state space"" OR architecture OR transformer)",ok,2026-07-08,FAIL
Mamba,2023-12-01,2024-09-02,276,1,raw_count,"""Mamba"" (AI OR ""state space"" OR architecture OR transformer)",ok,2026-07-08,FAIL
Mamba,2023-12-01,2024-09-09,283,1,raw_count,"""Mamba"" (AI OR ""state space"" OR architecture OR transformer)",ok,2026-07-08,FAIL
Mamba,2023-12-01,2024-09-16,290,0,raw_count,"""Mamba"" (AI OR ""state space"" OR architecture OR transformer)",ok,2026-07-08,FAIL
Mamba,2023-12-01,2024-09-23,297,0,raw_count,"""Mamba"" (AI OR ""state space"" OR architecture OR transformer)",ok,2026-07-08,FAIL
Mamba,2023-12-01,2024-09-30,304,0,raw_count,"""Mamba"" (AI OR ""state space"" OR architecture OR transformer)",ok,2026-07-08,FAIL
Mamba,2023-12-01,2024-10-07,311,3,raw_count,"""Mamba"" (AI OR ""state space"" OR architecture OR transformer)",ok,2026-07-08,FAIL
Mamba,2023-12-01,2024-10-14,318,0,raw_count,"""Mamba"" (AI OR ""state space"" OR architecture OR transformer)",ok,2026-07-08,FAIL
Mamba,2023-12-01,2024-10-21,325,0,raw_count,"""Mamba"" (AI OR ""state space"" OR architecture OR transformer)",ok,2026-07-08,FAIL
Mamba,2023-12-01,2024-10-28,332,0,raw_count,"""Mamba"" (AI OR ""state space"" OR architecture OR transformer)",ok,2026-07-08,FAIL
Mamba,2023-12-01,2024-11-04,339,1,raw_count,"""Mamba"" (AI OR ""state space"" OR architecture OR transformer)",ok,2026-07-08,FAIL
Mamba,2023-12-01,2024-11-11,346,1,raw_count,"""Mamba"" (AI OR ""state space"" OR architecture OR transformer)",ok,2026-07-08,FAIL
Mamba,2023-12-01,2024-11-18,353,0,raw_count,"""Mamba"" (AI OR ""state space"" OR architecture OR transformer)",ok,2026-07-08,FAIL
Mamba,2023-12-01,2024-11-25,360,5,raw_count,"""Mamba"" (AI OR ""state space"" OR architecture OR transformer)",ok,2026-07-08,FAIL
Mamba,2023-12-01,2024-12-02,367,0,raw_count,"""Mamba"" (AI OR ""state space"" OR architecture OR transformer)",ok,2026-07-08,FAIL
Mamba,2023-12-01,2024-12-09,374,1,raw_count,"""Mamba"" (AI OR ""state space"" OR architecture OR transformer)",ok,2026-07-08,FAIL
Mamba,2023-12-01,2024-12-16,381,1,raw_count,"""Mamba"" (AI OR ""state space"" OR architecture OR transformer)",ok,2026-07-08,FAIL
Mamba,2023-12-01,2024-12-23,388,1,raw_count,"""Mamba"" (AI OR ""state space"" OR architecture OR transformer)",ok,2026-07-08,FAIL
Mamba,2023-12-01,2024-12-30,395,1,raw_count,"""Mamba"" (AI OR ""state space"" OR architecture OR transformer)",ok,2026-07-08,FAIL
Mamba,2023-12-01,2025-01-06,402,0,raw_count,"""Mamba"" (AI OR ""state space"" OR architecture OR transformer)",ok,2026-07-08,FAIL
Mamba,2023-12-01,2025-01-13,409,2,raw_count,"""Mamba"" (AI OR ""state space"" OR architecture OR transformer)",ok,2026-07-08,FAIL
Mamba,2023-12-01,2025-01-20,416,0,raw_count,"""Mamba"" (AI OR ""state space"" OR architecture OR transformer)",ok,2026-07-08,FAIL
Mamba,2023-12-01,2025-01-27,423,0,raw_count,"""Mamba"" (AI OR ""state space"" OR architecture OR transformer)",ok,2026-07-08,FAIL
Mamba,2023-12-01,2025-02-03,430,0,raw_count,"""Mamba"" (AI OR ""state space"" OR architecture OR transformer)",ok,2026-07-08,FAIL
Mamba,2023-12-01,2025-02-10,437,1,raw_count,"""Mamba"" (AI OR ""state space"" OR architecture OR transformer)",ok,2026-07-08,FAIL
Mamba,2023-12-01,2025-02-17,444,0,raw_count,"""Mamba"" (AI OR ""state space"" OR architecture OR transformer)",ok,2026-07-08,FAIL
Mamba,2023-12-01,2025-02-24,451,1,raw_count,"""Mamba"" (AI OR ""state space"" OR architecture OR transformer)",ok,2026-07-08,FAIL
Mamba,2023-12-01,2025-03-03,458,0,raw_count,"""Mamba"" (AI OR ""state space"" OR architecture OR transformer)",ok,2026-07-08,FAIL
Mamba,2023-12-01,2025-03-10,465,1,raw_count,"""Mamba"" (AI OR ""state space"" OR architecture OR transformer)",ok,2026-07-08,FAIL
Mamba,2023-12-01,2025-03-17,472,2,raw_count,"""Mamba"" (AI OR ""state space"" OR architecture OR transformer)",ok,2026-07-08,FAIL
Mamba,2023-12-01,2025-03-24,479,6,raw_count,"""Mamba"" (AI OR ""state space"" OR architecture OR transformer)",ok,2026-07-08,FAIL
Mamba,2023-12-01,2025-03-31,486,28,raw_count,"""Mamba"" (AI OR ""state space"" OR architecture OR transformer)",ok,2026-07-08,FAIL
Mamba,2023-12-01,2025-04-07,493,0,raw_count,"""Mamba"" (AI OR ""state space"" OR architecture OR transformer)",ok,2026-07-08,FAIL
Mamba,2023-12-01,2025-04-14,500,1,raw_count,"""Mamba"" (AI OR ""state space"" OR architecture OR transformer)",ok,2026-07-08,FAIL
Mamba,2023-12-01,2025-04-21,507,0,raw_count,"""Mamba"" (AI OR ""state space"" OR architecture OR transformer)",ok,2026-07-08,FAIL
Mamba,2023-12-01,2025-04-28,514,3,raw_count,"""Mamba"" (AI OR ""state space"" OR architecture OR transformer)",ok,2026-07-08,FAIL
Mamba,2023-12-01,2025-05-05,521,2,raw_count,"""Mamba"" (AI OR ""state space"" OR architecture OR transformer)",ok,2026-07-08,FAIL
Mamba,2023-12-01,2025-05-12,528,1,raw_count,"""Mamba"" (AI OR ""state space"" OR architecture OR transformer)",ok,2026-07-08,FAIL
Mamba,2023-12-01,2025-05-19,535,2,raw_count,"""Mamba"" (AI OR ""state space"" OR architecture OR transformer)",ok,2026-07-08,FAIL
Mamba,2023-12-01,2025-05-26,542,2,raw_count,"""Mamba"" (AI OR ""state space"" OR architecture OR transformer)",ok,2026-07-08,FAIL
Mamba,2023-12-01,2025-06-02,549,1,raw_count,"""Mamba"" (AI OR ""state space"" OR architecture OR transformer)",ok,2026-07-08,FAIL
Mamba,2023-12-01,2025-06-09,556,0,raw_count,"""Mamba"" (AI OR ""state space"" OR architecture OR transformer)",ok,2026-07-08,FAIL
Mamba,2023-12-01,2025-06-16,563,0,raw_count,"""Mamba"" (AI OR ""state space"" OR architecture OR transformer)",ok,2026-07-08,FAIL
Mamba,2023-12-01,2025-06-23,570,0,raw_count,"""Mamba"" (AI OR ""state space"" OR architecture OR transformer)",ok,2026-07-08,FAIL
Mamba,2023-12-01,2025-06-30,577,0,raw_count,"""Mamba"" (AI OR ""state space"" OR architecture OR transformer)",ok,2026-07-08,FAIL
Mamba,2023-12-01,2025-07-07,584,2,raw_count,"""Mamba"" (AI OR ""state space"" OR architecture OR transformer)",ok,2026-07-08,FAIL
Mamba,2023-12-01,2025-07-14,591,0,raw_count,"""Mamba"" (AI OR ""state space"" OR architecture OR transformer)",ok,2026-07-08,FAIL
Mamba,2023-12-01,2025-07-21,598,0,raw_count,"""Mamba"" (AI OR ""state space"" OR architecture OR transformer)",ok,2026-07-08,FAIL
Mamba,2023-12-01,2025-07-28,605,0,raw_count,"""Mamba"" (AI OR ""state space"" OR architecture OR transformer)",ok,2026-07-08,FAIL
Mamba,2023-12-01,2025-08-04,612,0,raw_count,"""Mamba"" (AI OR ""state space"" OR architecture OR transformer)",ok,2026-07-08,FAIL
Mamba,2023-12-01,2025-08-11,619,1,raw_count,"""Mamba"" (AI OR ""state space"" OR architecture OR transformer)",ok,2026-07-08,FAIL
Mamba,2023-12-01,2025-08-18,626,2,raw_count,"""Mamba"" (AI OR ""state space"" OR architecture OR transformer)",ok,2026-07-08,FAIL
Mamba,2023-12-01,2025-08-25,633,0,raw_count,"""Mamba"" (AI OR ""state space"" OR architecture OR transformer)",ok,2026-07-08,FAIL
Mamba,2023-12-01,2025-09-01,640,2,raw_count,"""Mamba"" (AI OR ""state space"" OR architecture OR transformer)",ok,2026-07-08,FAIL
Mamba,2023-12-01,2025-09-08,647,0,raw_count,"""Mamba"" (AI OR ""state space"" OR architecture OR transformer)",ok,2026-07-08,FAIL
Mamba,2023-12-01,2025-09-15,654,1,raw_count,"""Mamba"" (AI OR ""state space"" OR architecture OR transformer)",ok,2026-07-08,FAIL
Mamba,2023-12-01,2025-09-22,661,1,raw_count,"""Mamba"" (AI OR ""state space"" OR architecture OR transformer)",ok,2026-07-08,FAIL
Mamba,2023-12-01,2025-09-29,668,1,raw_count,"""Mamba"" (AI OR ""state space"" OR architecture OR transformer)",ok,2026-07-08,FAIL
Mamba,2023-12-01,2025-10-06,675,2,raw_count,"""Mamba"" (AI OR ""state space"" OR architecture OR transformer)",ok,2026-07-08,FAIL
Mamba,2023-12-01,2025-10-13,682,9,raw_count,"""Mamba"" (AI OR ""state space"" OR architecture OR transformer)",ok,2026-07-08,FAIL
Mamba,2023-12-01,2025-10-20,689,17,raw_count,"""Mamba"" (AI OR ""state space"" OR architecture OR transformer)",ok,2026-07-08,FAIL
Mamba,2023-12-01,2025-10-27,696,1,raw_count,"""Mamba"" (AI OR ""state space"" OR architecture OR transformer)",ok,2026-07-08,FAIL
Mamba,2023-12-01,2025-11-03,703,5,raw_count,"""Mamba"" (AI OR ""state space"" OR architecture OR transformer)",ok,2026-07-08,FAIL
Mamba,2023-12-01,2025-11-10,710,2,raw_count,"""Mamba"" (AI OR ""state space"" OR architecture OR transformer)",ok,2026-07-08,FAIL
Mamba,2023-12-01,2025-11-17,717,2,raw_count,"""Mamba"" (AI OR ""state space"" OR architecture OR transformer)",ok,2026-07-08,FAIL
Mamba,2023-12-01,2025-11-24,724,0,raw_count,"""Mamba"" (AI OR ""state space"" OR architecture OR transformer)",ok,2026-07-08,FAIL
Mamba,2023-12-01,2025-12-01,731,0,raw_count,"""Mamba"" (AI OR ""state space"" OR architecture OR transformer)",ok,2026-07-08,FAIL
Mamba,2023-12-01,2025-12-08,738,0,raw_count,"""Mamba"" (AI OR ""state space"" OR architecture OR transformer)",ok,2026-07-08,FAIL
Mamba,2023-12-01,2025-12-15,745,3,raw_count,"""Mamba"" (AI OR ""state space"" OR architecture OR transformer)",ok,2026-07-08,FAIL
Mamba,2023-12-01,2025-12-22,752,0,raw_count,"""Mamba"" (AI OR ""state space"" OR architecture OR transformer)",ok,2026-07-08,FAIL
Mamba,2023-12-01,2025-12-29,759,3,raw_count,"""Mamba"" (AI OR ""state space"" OR architecture OR transformer)",ok,2026-07-08,FAIL
Mamba,2023-12-01,2026-01-05,766,6,raw_count,"""Mamba"" (AI OR ""state space"" OR architecture OR transformer)",ok,2026-07-08,FAIL
Mamba,2023-12-01,2026-01-12,773,2,raw_count,"""Mamba"" (AI OR ""state space"" OR architecture OR transformer)",ok,2026-07-08,FAIL
Mamba,2023-12-01,2026-01-19,780,1,raw_count,"""Mamba"" (AI OR ""state space"" OR architecture OR transformer)",ok,2026-07-08,FAIL
Mamba,2023-12-01,2026-01-26,787,2,raw_count,"""Mamba"" (AI OR ""state space"" OR architecture OR transformer)",ok,2026-07-08,FAIL
Mamba,2023-12-01,2026-02-02,794,0,raw_count,"""Mamba"" (AI OR ""state space"" OR architecture OR transformer)",ok,2026-07-08,FAIL
Mamba,2023-12-01,2026-02-09,801,0,raw_count,"""Mamba"" (AI OR ""state space"" OR architecture OR transformer)",ok,2026-07-08,FAIL
Mamba,2023-12-01,2026-02-16,808,2,raw_count,"""Mamba"" (AI OR ""state space"" OR architecture OR transformer)",ok,2026-07-08,FAIL
Mamba,2023-12-01,2026-02-23,815,0,raw_count,"""Mamba"" (AI OR ""state space"" OR architecture OR transformer)",ok,2026-07-08,FAIL
Mamba,2023-12-01,2026-03-02,822,1,raw_count,"""Mamba"" (AI OR ""state space"" OR architecture OR transformer)",ok,2026-07-08,FAIL
Mamba,2023-12-01,2026-03-09,829,4,raw_count,"""Mamba"" (AI OR ""state space"" OR architecture OR transformer)",ok,2026-07-08,FAIL
Mamba,2023-12-01,2026-03-16,836,1,raw_count,"""Mamba"" (AI OR ""state space"" OR architecture OR transformer)",ok,2026-07-08,FAIL
Mamba,2023-12-01,2026-03-23,843,1,raw_count,"""Mamba"" (AI OR ""state space"" OR architecture OR transformer)",ok,2026-07-08,FAIL
Mamba,2023-12-01,2026-03-30,850,0,raw_count,"""Mamba"" (AI OR ""state space"" OR architecture OR transformer)",ok,2026-07-08,FAIL
Mamba,2023-12-01,2026-04-06,857,1,raw_count,"""Mamba"" (AI OR ""state space"" OR architecture OR transformer)",ok,2026-07-08,FAIL
Mamba,2023-12-01,2026-04-13,864,0,raw_count,"""Mamba"" (AI OR ""state space"" OR architecture OR transformer)",ok,2026-07-08,FAIL
Mamba,2023-12-01,2026-04-20,871,2,raw_count,"""Mamba"" (AI OR ""state space"" OR architecture OR transformer)",ok,2026-07-08,FAIL
Mamba,2023-12-01,2026-04-27,878,4,raw_count,"""Mamba"" (AI OR ""state space"" OR architecture OR transformer)",ok,2026-07-08,FAIL
Mamba,2023-12-01,2026-05-04,885,2,raw_count,"""Mamba"" (AI OR ""state space"" OR architecture OR transformer)",ok,2026-07-08,FAIL
Mamba,2023-12-01,2026-05-11,892,0,raw_count,"""Mamba"" (AI OR ""state space"" OR architecture OR transformer)",ok,2026-07-08,FAIL
Mamba,2023-12-01,2026-05-18,899,0,raw_count,"""Mamba"" (AI OR ""state space"" OR architecture OR transformer)",ok,2026-07-08,FAIL
Mamba,2023-12-01,2026-05-25,906,2,raw_count,"""Mamba"" (AI OR ""state space"" OR architecture OR transformer)",ok,2026-07-08,FAIL
Mamba,2023-12-01,2026-06-01,913,3,raw_count,"""Mamba"" (AI OR ""state space"" OR architecture OR transformer)",ok,2026-07-08,FAIL
Mamba,2023-12-01,2026-06-08,920,2,raw_count,"""Mamba"" (AI OR ""state space"" OR architecture OR transformer)",ok,2026-07-08,FAIL
Mamba,2023-12-01,2026-06-15,927,1,raw_count,"""Mamba"" (AI OR ""state space"" OR architecture OR transformer)",ok,2026-07-08,FAIL
Mamba,2023-12-01,2026-06-22,934,0,raw_count,"""Mamba"" (AI OR ""state space"" OR architecture OR transformer)",ok,2026-07-08,FAIL
Mamba,2023-12-01,2026-06-29,941,0,raw_count,"""Mamba"" (AI OR ""state space"" OR architecture OR transformer)",ok,2026-07-08,FAIL
Liquid AI,2023-12-06,2023-11-06,-30,0,raw_count,"""Liquid AI""",ok,2026-07-08,FAIL
Liquid AI,2023-12-06,2023-11-13,-23,0,raw_count,"""Liquid AI""",ok,2026-07-08,FAIL
Liquid AI,2023-12-06,2023-11-20,-16,0,raw_count,"""Liquid AI""",ok,2026-07-08,FAIL
Liquid AI,2023-12-06,2023-11-27,-9,0,raw_count,"""Liquid AI""",ok,2026-07-08,FAIL
Liquid AI,2023-12-06,2023-12-04,-2,6,raw_count,"""Liquid AI""",ok,2026-07-08,FAIL
Liquid AI,2023-12-06,2023-12-11,5,0,raw_count,"""Liquid AI""",ok,2026-07-08,FAIL
Liquid AI,2023-12-06,2023-12-18,12,0,raw_count,"""Liquid AI""",ok,2026-07-08,FAIL
Liquid AI,2023-12-06,2023-12-25,19,0,raw_count,"""Liquid AI""",ok,2026-07-08,FAIL
Liquid AI,2023-12-06,2024-01-01,26,0,raw_count,"""Liquid AI""",ok,2026-07-08,FAIL
Liquid AI,2023-12-06,2024-01-08,33,6,raw_count,"""Liquid AI""",ok,2026-07-08,FAIL
Liquid AI,2023-12-06,2024-01-15,40,0,raw_count,"""Liquid AI""",ok,2026-07-08,FAIL
Liquid AI,2023-12-06,2024-01-22,47,1,raw_count,"""Liquid AI""",ok,2026-07-08,FAIL
Liquid AI,2023-12-06,2024-01-29,54,0,raw_count,"""Liquid AI""",ok,2026-07-08,FAIL
Liquid AI,2023-12-06,2024-02-05,61,0,raw_count,"""Liquid AI""",ok,2026-07-08,FAIL
Liquid AI,2023-12-06,2024-02-12,68,0,raw_count,"""Liquid AI""",ok,2026-07-08,FAIL
Liquid AI,2023-12-06,2024-02-19,75,0,raw_count,"""Liquid AI""",ok,2026-07-08,FAIL
Liquid AI,2023-12-06,2024-02-26,82,0,raw_count,"""Liquid AI""",ok,2026-07-08,FAIL
Liquid AI,2023-12-06,2024-03-04,89,3,raw_count,"""Liquid AI""",ok,2026-07-08,FAIL
Liquid AI,2023-12-06,2024-03-11,96,1,raw_count,"""Liquid AI""",ok,2026-07-08,FAIL
Liquid AI,2023-12-06,2024-03-18,103,11,raw_count,"""Liquid AI""",ok,2026-07-08,FAIL
Liquid AI,2023-12-06,2024-03-25,110,0,raw_count,"""Liquid AI""",ok,2026-07-08,FAIL
Liquid AI,2023-12-06,2024-04-01,117,1,raw_count,"""Liquid AI""",ok,2026-07-08,FAIL
Liquid AI,2023-12-06,2024-04-08,124,0,raw_count,"""Liquid AI""",ok,2026-07-08,FAIL
Liquid AI,2023-12-06,2024-04-15,131,4,raw_count,"""Liquid AI""",ok,2026-07-08,FAIL
Liquid AI,2023-12-06,2024-04-22,138,2,raw_count,"""Liquid AI""",ok,2026-07-08,FAIL
Liquid AI,2023-12-06,2024-04-29,145,1,raw_count,"""Liquid AI""",ok,2026-07-08,FAIL
Liquid AI,2023-12-06,2024-05-06,152,4,raw_count,"""Liquid AI""",ok,2026-07-08,FAIL
Liquid AI,2023-12-06,2024-05-13,159,0,raw_count,"""Liquid AI""",ok,2026-07-08,FAIL
Liquid AI,2023-12-06,2024-05-20,166,2,raw_count,"""Liquid AI""",ok,2026-07-08,FAIL
Liquid AI,2023-12-06,2024-05-27,173,1,raw_count,"""Liquid AI""",ok,2026-07-08,FAIL
Liquid AI,2023-12-06,2024-06-03,180,18,raw_count,"""Liquid AI""",ok,2026-07-08,FAIL
Liquid AI,2023-12-06,2024-06-10,187,3,raw_count,"""Liquid AI""",ok,2026-07-08,FAIL
Liquid AI,2023-12-06,2024-06-17,194,0,raw_count,"""Liquid AI""",ok,2026-07-08,FAIL
Liquid AI,2023-12-06,2024-06-24,201,1,raw_count,"""Liquid AI""",ok,2026-07-08,FAIL
Liquid AI,2023-12-06,2024-07-01,208,2,raw_count,"""Liquid AI""",ok,2026-07-08,FAIL
Liquid AI,2023-12-06,2024-07-08,215,3,raw_count,"""Liquid AI""",ok,2026-07-08,FAIL
Liquid AI,2023-12-06,2024-07-15,222,1,raw_count,"""Liquid AI""",ok,2026-07-08,FAIL
Liquid AI,2023-12-06,2024-07-22,229,3,raw_count,"""Liquid AI""",ok,2026-07-08,FAIL
Liquid AI,2023-12-06,2024-07-29,236,0,raw_count,"""Liquid AI""",ok,2026-07-08,FAIL
Liquid AI,2023-12-06,2024-08-05,243,0,raw_count,"""Liquid AI""",ok,2026-07-08,FAIL
Liquid AI,2023-12-06,2024-08-12,250,4,raw_count,"""Liquid AI""",ok,2026-07-08,FAIL
Liquid AI,2023-12-06,2024-08-19,257,1,raw_count,"""Liquid AI""",ok,2026-07-08,FAIL
Liquid AI,2023-12-06,2024-08-26,264,3,raw_count,"""Liquid AI""",ok,2026-07-08,FAIL
Liquid AI,2023-12-06,2024-09-02,271,3,raw_count,"""Liquid AI""",ok,2026-07-08,FAIL
Liquid AI,2023-12-06,2024-09-09,278,0,raw_count,"""Liquid AI""",ok,2026-07-08,FAIL
Liquid AI,2023-12-06,2024-09-16,285,3,raw_count,"""Liquid AI""",ok,2026-07-08,FAIL
Liquid AI,2023-12-06,2024-09-23,292,8,raw_count,"""Liquid AI""",ok,2026-07-08,FAIL
Liquid AI,2023-12-06,2024-09-30,299,7,raw_count,"""Liquid AI""",ok,2026-07-08,FAIL
Liquid AI,2023-12-06,2024-10-07,306,5,raw_count,"""Liquid AI""",ok,2026-07-08,FAIL
Liquid AI,2023-12-06,2024-10-14,313,11,raw_count,"""Liquid AI""",ok,2026-07-08,FAIL
Liquid AI,2023-12-06,2024-10-21,320,6,raw_count,"""Liquid AI""",ok,2026-07-08,FAIL
Liquid AI,2023-12-06,2024-10-28,327,5,raw_count,"""Liquid AI""",ok,2026-07-08,FAIL
Liquid AI,2023-12-06,2024-11-04,334,1,raw_count,"""Liquid AI""",ok,2026-07-08,FAIL
Liquid AI,2023-12-06,2024-11-11,341,2,raw_count,"""Liquid AI""",ok,2026-07-08,FAIL
Liquid AI,2023-12-06,2024-11-18,348,5,raw_count,"""Liquid AI""",ok,2026-07-08,FAIL
Liquid AI,2023-12-06,2024-11-25,355,2,raw_count,"""Liquid AI""",ok,2026-07-08,FAIL
Liquid AI,2023-12-06,2024-12-02,362,9,raw_count,"""Liquid AI""",ok,2026-07-08,FAIL
Liquid AI,2023-12-06,2024-12-09,369,6,raw_count,"""Liquid AI""",ok,2026-07-08,FAIL
Liquid AI,2023-12-06,2024-12-16,376,6,raw_count,"""Liquid AI""",ok,2026-07-08,FAIL
Liquid AI,2023-12-06,2024-12-23,383,3,raw_count,"""Liquid AI""",ok,2026-07-08,FAIL
Liquid AI,2023-12-06,2024-12-30,390,1,raw_count,"""Liquid AI""",ok,2026-07-08,FAIL
Liquid AI,2023-12-06,2025-01-06,397,1,raw_count,"""Liquid AI""",ok,2026-07-08,FAIL
Liquid AI,2023-12-06,2025-01-13,404,1,raw_count,"""Liquid AI""",ok,2026-07-08,FAIL
Liquid AI,2023-12-06,2025-01-20,411,1,raw_count,"""Liquid AI""",ok,2026-07-08,FAIL
Liquid AI,2023-12-06,2025-01-27,418,1,raw_count,"""Liquid AI""",ok,2026-07-08,FAIL
Liquid AI,2023-12-06,2025-02-03,425,0,raw_count,"""Liquid AI""",ok,2026-07-08,FAIL
Liquid AI,2023-12-06,2025-02-10,432,11,raw_count,"""Liquid AI""",ok,2026-07-08,FAIL
Liquid AI,2023-12-06,2025-02-17,439,2,raw_count,"""Liquid AI""",ok,2026-07-08,FAIL
Liquid AI,2023-12-06,2025-02-24,446,6,raw_count,"""Liquid AI""",ok,2026-07-08,FAIL
Liquid AI,2023-12-06,2025-03-03,453,0,raw_count,"""Liquid AI""",ok,2026-07-08,FAIL
Liquid AI,2023-12-06,2025-03-10,460,2,raw_count,"""Liquid AI""",ok,2026-07-08,FAIL
Liquid AI,2023-12-06,2025-03-17,467,3,raw_count,"""Liquid AI""",ok,2026-07-08,FAIL
Liquid AI,2023-12-06,2025-03-24,474,1,raw_count,"""Liquid AI""",ok,2026-07-08,FAIL
Liquid AI,2023-12-06,2025-03-31,481,3,raw_count,"""Liquid AI""",ok,2026-07-08,FAIL
Liquid AI,2023-12-06,2025-04-07,488,3,raw_count,"""Liquid AI""",ok,2026-07-08,FAIL
Liquid AI,2023-12-06,2025-04-14,495,0,raw_count,"""Liquid AI""",ok,2026-07-08,FAIL
Liquid AI,2023-12-06,2025-04-21,502,3,raw_count,"""Liquid AI""",ok,2026-07-08,FAIL
Liquid AI,2023-12-06,2025-04-28,509,1,raw_count,"""Liquid AI""",ok,2026-07-08,FAIL
Liquid AI,2023-12-06,2025-05-05,516,8,raw_count,"""Liquid AI""",ok,2026-07-08,FAIL
Liquid AI,2023-12-06,2025-05-12,523,13,raw_count,"""Liquid AI""",ok,2026-07-08,FAIL
Liquid AI,2023-12-06,2025-05-19,530,1,raw_count,"""Liquid AI""",ok,2026-07-08,FAIL
Liquid AI,2023-12-06,2025-05-26,537,3,raw_count,"""Liquid AI""",ok,2026-07-08,FAIL
Liquid AI,2023-12-06,2025-06-02,544,2,raw_count,"""Liquid AI""",ok,2026-07-08,FAIL
Liquid AI,2023-12-06,2025-06-09,551,4,raw_count,"""Liquid AI""",ok,2026-07-08,FAIL
Liquid AI,2023-12-06,2025-06-16,558,0,raw_count,"""Liquid AI""",ok,2026-07-08,FAIL
Liquid AI,2023-12-06,2025-06-23,565,0,raw_count,"""Liquid AI""",ok,2026-07-08,FAIL
Liquid AI,2023-12-06,2025-06-30,572,1,raw_count,"""Liquid AI""",ok,2026-07-08,FAIL
Liquid AI,2023-12-06,2025-07-07,579,1,raw_count,"""Liquid AI""",ok,2026-07-08,FAIL
Liquid AI,2023-12-06,2025-07-14,586,2,raw_count,"""Liquid AI""",ok,2026-07-08,FAIL
Liquid AI,2023-12-06,2025-07-21,593,2,raw_count,"""Liquid AI""",ok,2026-07-08,FAIL
Liquid AI,2023-12-06,2025-07-28,600,2,raw_count,"""Liquid AI""",ok,2026-07-08,FAIL
Liquid AI,2023-12-06,2025-08-04,607,2,raw_count,"""Liquid AI""",ok,2026-07-08,FAIL
Liquid AI,2023-12-06,2025-08-11,614,9,raw_count,"""Liquid AI""",ok,2026-07-08,FAIL
Liquid AI,2023-12-06,2025-08-18,621,2,raw_count,"""Liquid AI""",ok,2026-07-08,FAIL
Liquid AI,2023-12-06,2025-08-25,628,2,raw_count,"""Liquid AI""",ok,2026-07-08,FAIL
Liquid AI,2023-12-06,2025-09-01,635,1,raw_count,"""Liquid AI""",ok,2026-07-08,FAIL
Liquid AI,2023-12-06,2025-09-08,642,0,raw_count,"""Liquid AI""",ok,2026-07-08,FAIL
Liquid AI,2023-12-06,2025-09-15,649,5,raw_count,"""Liquid AI""",ok,2026-07-08,FAIL
Liquid AI,2023-12-06,2025-09-22,656,17,raw_count,"""Liquid AI""",ok,2026-07-08,FAIL
Liquid AI,2023-12-06,2025-09-29,663,2,raw_count,"""Liquid AI""",ok,2026-07-08,FAIL
Liquid AI,2023-12-06,2025-10-06,670,3,raw_count,"""Liquid AI""",ok,2026-07-08,FAIL
Liquid AI,2023-12-06,2025-10-13,677,4,raw_count,"""Liquid AI""",ok,2026-07-08,FAIL
Liquid AI,2023-12-06,2025-10-20,684,2,raw_count,"""Liquid AI""",ok,2026-07-08,FAIL
Liquid AI,2023-12-06,2025-10-27,691,3,raw_count,"""Liquid AI""",ok,2026-07-08,FAIL
Liquid AI,2023-12-06,2025-11-03,698,4,raw_count,"""Liquid AI""",ok,2026-07-08,FAIL
Liquid AI,2023-12-06,2025-11-10,705,1,raw_count,"""Liquid AI""",ok,2026-07-08,FAIL
Liquid AI,2023-12-06,2025-11-17,712,2,raw_count,"""Liquid AI""",ok,2026-07-08,FAIL
Liquid AI,2023-12-06,2025-11-24,719,1,raw_count,"""Liquid AI""",ok,2026-07-08,FAIL
Liquid AI,2023-12-06,2025-12-01,726,4,raw_count,"""Liquid AI""",ok,2026-07-08,FAIL
Liquid AI,2023-12-06,2025-12-08,733,1,raw_count,"""Liquid AI""",ok,2026-07-08,FAIL
Liquid AI,2023-12-06,2025-12-15,740,2,raw_count,"""Liquid AI""",ok,2026-07-08,FAIL
Liquid AI,2023-12-06,2025-12-22,747,1,raw_count,"""Liquid AI""",ok,2026-07-08,FAIL
Liquid AI,2023-12-06,2025-12-29,754,1,raw_count,"""Liquid AI""",ok,2026-07-08,FAIL
Liquid AI,2023-12-06,2026-01-05,761,22,raw_count,"""Liquid AI""",ok,2026-07-08,FAIL
Liquid AI,2023-12-06,2026-01-12,768,6,raw_count,"""Liquid AI""",ok,2026-07-08,FAIL
Liquid AI,2023-12-06,2026-01-19,775,0,raw_count,"""Liquid AI""",ok,2026-07-08,FAIL
Liquid AI,2023-12-06,2026-01-26,782,1,raw_count,"""Liquid AI""",ok,2026-07-08,FAIL
Liquid AI,2023-12-06,2026-02-02,789,4,raw_count,"""Liquid AI""",ok,2026-07-08,FAIL
Liquid AI,2023-12-06,2026-02-09,796,2,raw_count,"""Liquid AI""",ok,2026-07-08,FAIL
Liquid AI,2023-12-06,2026-02-16,803,0,raw_count,"""Liquid AI""",ok,2026-07-08,FAIL
Liquid AI,2023-12-06,2026-02-23,810,3,raw_count,"""Liquid AI""",ok,2026-07-08,FAIL
Liquid AI,2023-12-06,2026-03-02,817,0,raw_count,"""Liquid AI""",ok,2026-07-08,FAIL
Liquid AI,2023-12-06,2026-03-09,824,16,raw_count,"""Liquid AI""",ok,2026-07-08,FAIL
Liquid AI,2023-12-06,2026-03-16,831,9,raw_count,"""Liquid AI""",ok,2026-07-08,FAIL
Liquid AI,2023-12-06,2026-03-23,838,7,raw_count,"""Liquid AI""",ok,2026-07-08,FAIL
Liquid AI,2023-12-06,2026-03-30,845,3,raw_count,"""Liquid AI""",ok,2026-07-08,FAIL
Liquid AI,2023-12-06,2026-04-06,852,4,raw_count,"""Liquid AI""",ok,2026-07-08,FAIL
Liquid AI,2023-12-06,2026-04-13,859,1,raw_count,"""Liquid AI""",ok,2026-07-08,FAIL
Liquid AI,2023-12-06,2026-04-20,866,4,raw_count,"""Liquid AI""",ok,2026-07-08,FAIL
Liquid AI,2023-12-06,2026-04-27,873,4,raw_count,"""Liquid AI""",ok,2026-07-08,FAIL
Liquid AI,2023-12-06,2026-05-04,880,11,raw_count,"""Liquid AI""",ok,2026-07-08,FAIL
Liquid AI,2023-12-06,2026-05-11,887,2,raw_count,"""Liquid AI""",ok,2026-07-08,FAIL
Liquid AI,2023-12-06,2026-05-18,894,4,raw_count,"""Liquid AI""",ok,2026-07-08,FAIL
Liquid AI,2023-12-06,2026-05-25,901,5,raw_count,"""Liquid AI""",ok,2026-07-08,FAIL
Liquid AI,2023-12-06,2026-06-01,908,12,raw_count,"""Liquid AI""",ok,2026-07-08,FAIL
Liquid AI,2023-12-06,2026-06-08,915,46,raw_count,"""Liquid AI""",ok,2026-07-08,FAIL
Liquid AI,2023-12-06,2026-06-15,922,32,raw_count,"""Liquid AI""",ok,2026-07-08,FAIL
Liquid AI,2023-12-06,2026-06-22,929,10,raw_count,"""Liquid AI""",ok,2026-07-08,FAIL
Liquid AI,2023-12-06,2026-06-29,936,2,raw_count,"""Liquid AI""",ok,2026-07-08,FAIL
Mixtral 8x7B,2023-12-08,2023-11-06,-32,0,raw_count,"""Mixtral 8x7B""",ok,2026-07-08,NOT_AUDITED
Mixtral 8x7B,2023-12-08,2023-11-13,-25,0,raw_count,"""Mixtral 8x7B""",ok,2026-07-08,NOT_AUDITED
Mixtral 8x7B,2023-12-08,2023-11-20,-18,0,raw_count,"""Mixtral 8x7B""",ok,2026-07-08,NOT_AUDITED
Mixtral 8x7B,2023-12-08,2023-11-27,-11,0,raw_count,"""Mixtral 8x7B""",ok,2026-07-08,NOT_AUDITED
Mixtral 8x7B,2023-12-08,2023-12-04,-4,0,raw_count,"""Mixtral 8x7B""",ok,2026-07-08,NOT_AUDITED
Mixtral 8x7B,2023-12-08,2023-12-11,3,9,raw_count,"""Mixtral 8x7B""",ok,2026-07-08,NOT_AUDITED
Mixtral 8x7B,2023-12-08,2023-12-18,10,0,raw_count,"""Mixtral 8x7B""",ok,2026-07-08,NOT_AUDITED
Mixtral 8x7B,2023-12-08,2023-12-25,17,1,raw_count,"""Mixtral 8x7B""",ok,2026-07-08,NOT_AUDITED
Mixtral 8x7B,2023-12-08,2024-01-01,24,1,raw_count,"""Mixtral 8x7B""",ok,2026-07-08,NOT_AUDITED
Mixtral 8x7B,2023-12-08,2024-01-08,31,0,raw_count,"""Mixtral 8x7B""",ok,2026-07-08,NOT_AUDITED
Mixtral 8x7B,2023-12-08,2024-01-15,38,0,raw_count,"""Mixtral 8x7B""",ok,2026-07-08,NOT_AUDITED
Mixtral 8x7B,2023-12-08,2024-01-22,45,2,raw_count,"""Mixtral 8x7B""",ok,2026-07-08,NOT_AUDITED
Mixtral 8x7B,2023-12-08,2024-01-29,52,2,raw_count,"""Mixtral 8x7B""",ok,2026-07-08,NOT_AUDITED
Mixtral 8x7B,2023-12-08,2024-02-05,59,0,raw_count,"""Mixtral 8x7B""",ok,2026-07-08,NOT_AUDITED
Mixtral 8x7B,2023-12-08,2024-02-12,66,0,raw_count,"""Mixtral 8x7B""",ok,2026-07-08,NOT_AUDITED
Mixtral 8x7B,2023-12-08,2024-02-19,73,2,raw_count,"""Mixtral 8x7B""",ok,2026-07-08,NOT_AUDITED
Mixtral 8x7B,2023-12-08,2024-02-26,80,12,raw_count,"""Mixtral 8x7B""",ok,2026-07-08,NOT_AUDITED
Mixtral 8x7B,2023-12-08,2024-03-04,87,5,raw_count,"""Mixtral 8x7B""",ok,2026-07-08,NOT_AUDITED
Mixtral 8x7B,2023-12-08,2024-03-11,94,3,raw_count,"""Mixtral 8x7B""",ok,2026-07-08,NOT_AUDITED
Mixtral 8x7B,2023-12-08,2024-03-18,101,1,raw_count,"""Mixtral 8x7B""",ok,2026-07-08,NOT_AUDITED
Mixtral 8x7B,2023-12-08,2024-03-25,108,6,raw_count,"""Mixtral 8x7B""",ok,2026-07-08,NOT_AUDITED
Mixtral 8x7B,2023-12-08,2024-04-01,115,1,raw_count,"""Mixtral 8x7B""",ok,2026-07-08,NOT_AUDITED
Mixtral 8x7B,2023-12-08,2024-04-08,122,3,raw_count,"""Mixtral 8x7B""",ok,2026-07-08,NOT_AUDITED
Mixtral 8x7B,2023-12-08,2024-04-15,129,1,raw_count,"""Mixtral 8x7B""",ok,2026-07-08,NOT_AUDITED
Mixtral 8x7B,2023-12-08,2024-04-22,136,14,raw_count,"""Mixtral 8x7B""",ok,2026-07-08,NOT_AUDITED
Mixtral 8x7B,2023-12-08,2024-04-29,143,0,raw_count,"""Mixtral 8x7B""",ok,2026-07-08,NOT_AUDITED
Mixtral 8x7B,2023-12-08,2024-05-06,150,1,raw_count,"""Mixtral 8x7B""",ok,2026-07-08,NOT_AUDITED
Mixtral 8x7B,2023-12-08,2024-05-13,157,1,raw_count,"""Mixtral 8x7B""",ok,2026-07-08,NOT_AUDITED
Mixtral 8x7B,2023-12-08,2024-05-20,164,2,raw_count,"""Mixtral 8x7B""",ok,2026-07-08,NOT_AUDITED
Mixtral 8x7B,2023-12-08,2024-05-27,171,1,raw_count,"""Mixtral 8x7B""",ok,2026-07-08,NOT_AUDITED
Mixtral 8x7B,2023-12-08,2024-06-03,178,9,raw_count,"""Mixtral 8x7B""",ok,2026-07-08,NOT_AUDITED
Mixtral 8x7B,2023-12-08,2024-06-10,185,4,raw_count,"""Mixtral 8x7B""",ok,2026-07-08,NOT_AUDITED
Mixtral 8x7B,2023-12-08,2024-06-17,192,3,raw_count,"""Mixtral 8x7B""",ok,2026-07-08,NOT_AUDITED
Mixtral 8x7B,2023-12-08,2024-06-24,199,1,raw_count,"""Mixtral 8x7B""",ok,2026-07-08,NOT_AUDITED
Mixtral 8x7B,2023-12-08,2024-07-01,206,1,raw_count,"""Mixtral 8x7B""",ok,2026-07-08,NOT_AUDITED
Mixtral 8x7B,2023-12-08,2024-07-08,213,1,raw_count,"""Mixtral 8x7B""",ok,2026-07-08,NOT_AUDITED
Mixtral 8x7B,2023-12-08,2024-07-15,220,0,raw_count,"""Mixtral 8x7B""",ok,2026-07-08,NOT_AUDITED
Mixtral 8x7B,2023-12-08,2024-07-22,227,0,raw_count,"""Mixtral 8x7B""",ok,2026-07-08,NOT_AUDITED
Mixtral 8x7B,2023-12-08,2024-07-29,234,0,raw_count,"""Mixtral 8x7B""",ok,2026-07-08,NOT_AUDITED
Mixtral 8x7B,2023-12-08,2024-08-05,241,0,raw_count,"""Mixtral 8x7B""",ok,2026-07-08,NOT_AUDITED
Mixtral 8x7B,2023-12-08,2024-08-12,248,1,raw_count,"""Mixtral 8x7B""",ok,2026-07-08,NOT_AUDITED
Mixtral 8x7B,2023-12-08,2024-08-19,255,0,raw_count,"""Mixtral 8x7B""",ok,2026-07-08,NOT_AUDITED
Mixtral 8x7B,2023-12-08,2024-08-26,262,2,raw_count,"""Mixtral 8x7B""",ok,2026-07-08,NOT_AUDITED
Mixtral 8x7B,2023-12-08,2024-09-02,269,1,raw_count,"""Mixtral 8x7B""",ok,2026-07-08,NOT_AUDITED
Mixtral 8x7B,2023-12-08,2024-09-09,276,0,raw_count,"""Mixtral 8x7B""",ok,2026-07-08,NOT_AUDITED
Mixtral 8x7B,2023-12-08,2024-09-16,283,3,raw_count,"""Mixtral 8x7B""",ok,2026-07-08,NOT_AUDITED
Mixtral 8x7B,2023-12-08,2024-09-23,290,3,raw_count,"""Mixtral 8x7B""",ok,2026-07-08,NOT_AUDITED
Mixtral 8x7B,2023-12-08,2024-09-30,297,1,raw_count,"""Mixtral 8x7B""",ok,2026-07-08,NOT_AUDITED
Mixtral 8x7B,2023-12-08,2024-10-07,304,3,raw_count,"""Mixtral 8x7B""",ok,2026-07-08,NOT_AUDITED
Mixtral 8x7B,2023-12-08,2024-10-14,311,0,raw_count,"""Mixtral 8x7B""",ok,2026-07-08,NOT_AUDITED
Mixtral 8x7B,2023-12-08,2024-10-21,318,0,raw_count,"""Mixtral 8x7B""",ok,2026-07-08,NOT_AUDITED
Mixtral 8x7B,2023-12-08,2024-10-28,325,0,raw_count,"""Mixtral 8x7B""",ok,2026-07-08,NOT_AUDITED
Mixtral 8x7B,2023-12-08,2024-11-04,332,0,raw_count,"""Mixtral 8x7B""",ok,2026-07-08,NOT_AUDITED
Mixtral 8x7B,2023-12-08,2024-11-11,339,1,raw_count,"""Mixtral 8x7B""",ok,2026-07-08,NOT_AUDITED
Mixtral 8x7B,2023-12-08,2024-11-18,346,0,raw_count,"""Mixtral 8x7B""",ok,2026-07-08,NOT_AUDITED
Mixtral 8x7B,2023-12-08,2024-11-25,353,0,raw_count,"""Mixtral 8x7B""",ok,2026-07-08,NOT_AUDITED
Mixtral 8x7B,2023-12-08,2024-12-02,360,0,raw_count,"""Mixtral 8x7B""",ok,2026-07-08,NOT_AUDITED
Mixtral 8x7B,2023-12-08,2024-12-09,367,1,raw_count,"""Mixtral 8x7B""",ok,2026-07-08,NOT_AUDITED
Mixtral 8x7B,2023-12-08,2024-12-16,374,0,raw_count,"""Mixtral 8x7B""",ok,2026-07-08,NOT_AUDITED
Mixtral 8x7B,2023-12-08,2024-12-23,381,0,raw_count,"""Mixtral 8x7B""",ok,2026-07-08,NOT_AUDITED
Mixtral 8x7B,2023-12-08,2024-12-30,388,0,raw_count,"""Mixtral 8x7B""",ok,2026-07-08,NOT_AUDITED
Mixtral 8x7B,2023-12-08,2025-01-06,395,0,raw_count,"""Mixtral 8x7B""",ok,2026-07-08,NOT_AUDITED
Mixtral 8x7B,2023-12-08,2025-01-13,402,0,raw_count,"""Mixtral 8x7B""",ok,2026-07-08,NOT_AUDITED
Mixtral 8x7B,2023-12-08,2025-01-20,409,0,raw_count,"""Mixtral 8x7B""",ok,2026-07-08,NOT_AUDITED
Mixtral 8x7B,2023-12-08,2025-01-27,416,1,raw_count,"""Mixtral 8x7B""",ok,2026-07-08,NOT_AUDITED
Mixtral 8x7B,2023-12-08,2025-02-03,423,0,raw_count,"""Mixtral 8x7B""",ok,2026-07-08,NOT_AUDITED
Mixtral 8x7B,2023-12-08,2025-02-10,430,0,raw_count,"""Mixtral 8x7B""",ok,2026-07-08,NOT_AUDITED
Mixtral 8x7B,2023-12-08,2025-02-17,437,0,raw_count,"""Mixtral 8x7B""",ok,2026-07-08,NOT_AUDITED
Mixtral 8x7B,2023-12-08,2025-02-24,444,0,raw_count,"""Mixtral 8x7B""",ok,2026-07-08,NOT_AUDITED
Mixtral 8x7B,2023-12-08,2025-03-03,451,0,raw_count,"""Mixtral 8x7B""",ok,2026-07-08,NOT_AUDITED
Mixtral 8x7B,2023-12-08,2025-03-10,458,0,raw_count,"""Mixtral 8x7B""",ok,2026-07-08,NOT_AUDITED
Mixtral 8x7B,2023-12-08,2025-03-17,465,2,raw_count,"""Mixtral 8x7B""",ok,2026-07-08,NOT_AUDITED
Mixtral 8x7B,2023-12-08,2025-03-24,472,1,raw_count,"""Mixtral 8x7B""",ok,2026-07-08,NOT_AUDITED
Mixtral 8x7B,2023-12-08,2025-03-31,479,5,raw_count,"""Mixtral 8x7B""",ok,2026-07-08,NOT_AUDITED
Mixtral 8x7B,2023-12-08,2025-04-07,486,0,raw_count,"""Mixtral 8x7B""",ok,2026-07-08,NOT_AUDITED
Mixtral 8x7B,2023-12-08,2025-04-14,493,0,raw_count,"""Mixtral 8x7B""",ok,2026-07-08,NOT_AUDITED
Mixtral 8x7B,2023-12-08,2025-04-21,500,0,raw_count,"""Mixtral 8x7B""",ok,2026-07-08,NOT_AUDITED
Mixtral 8x7B,2023-12-08,2025-04-28,507,0,raw_count,"""Mixtral 8x7B""",ok,2026-07-08,NOT_AUDITED
Mixtral 8x7B,2023-12-08,2025-05-05,514,0,raw_count,"""Mixtral 8x7B""",ok,2026-07-08,NOT_AUDITED
Mixtral 8x7B,2023-12-08,2025-05-12,521,1,raw_count,"""Mixtral 8x7B""",ok,2026-07-08,NOT_AUDITED
Mixtral 8x7B,2023-12-08,2025-05-19,528,0,raw_count,"""Mixtral 8x7B""",ok,2026-07-08,NOT_AUDITED
Mixtral 8x7B,2023-12-08,2025-05-26,535,0,raw_count,"""Mixtral 8x7B""",ok,2026-07-08,NOT_AUDITED
Mixtral 8x7B,2023-12-08,2025-06-02,542,0,raw_count,"""Mixtral 8x7B""",ok,2026-07-08,NOT_AUDITED
Mixtral 8x7B,2023-12-08,2025-06-09,549,0,raw_count,"""Mixtral 8x7B""",ok,2026-07-08,NOT_AUDITED
Mixtral 8x7B,2023-12-08,2025-06-16,556,0,raw_count,"""Mixtral 8x7B""",ok,2026-07-08,NOT_AUDITED
Mixtral 8x7B,2023-12-08,2025-06-23,563,0,raw_count,"""Mixtral 8x7B""",ok,2026-07-08,NOT_AUDITED
Mixtral 8x7B,2023-12-08,2025-06-30,570,1,raw_count,"""Mixtral 8x7B""",ok,2026-07-08,NOT_AUDITED
Mixtral 8x7B,2023-12-08,2025-07-07,577,0,raw_count,"""Mixtral 8x7B""",ok,2026-07-08,NOT_AUDITED
Mixtral 8x7B,2023-12-08,2025-07-14,584,0,raw_count,"""Mixtral 8x7B""",ok,2026-07-08,NOT_AUDITED
Mixtral 8x7B,2023-12-08,2025-07-21,591,0,raw_count,"""Mixtral 8x7B""",ok,2026-07-08,NOT_AUDITED
Mixtral 8x7B,2023-12-08,2025-07-28,598,0,raw_count,"""Mixtral 8x7B""",ok,2026-07-08,NOT_AUDITED
Mixtral 8x7B,2023-12-08,2025-08-04,605,0,raw_count,"""Mixtral 8x7B""",ok,2026-07-08,NOT_AUDITED
Mixtral 8x7B,2023-12-08,2025-08-11,612,0,raw_count,"""Mixtral 8x7B""",ok,2026-07-08,NOT_AUDITED
Mixtral 8x7B,2023-12-08,2025-08-18,619,0,raw_count,"""Mixtral 8x7B""",ok,2026-07-08,NOT_AUDITED
Mixtral 8x7B,2023-12-08,2025-08-25,626,0,raw_count,"""Mixtral 8x7B""",ok,2026-07-08,NOT_AUDITED
Mixtral 8x7B,2023-12-08,2025-09-01,633,0,raw_count,"""Mixtral 8x7B""",ok,2026-07-08,NOT_AUDITED
Mixtral 8x7B,2023-12-08,2025-09-08,640,2,raw_count,"""Mixtral 8x7B""",ok,2026-07-08,NOT_AUDITED
Mixtral 8x7B,2023-12-08,2025-09-15,647,0,raw_count,"""Mixtral 8x7B""",ok,2026-07-08,NOT_AUDITED
Mixtral 8x7B,2023-12-08,2025-09-22,654,0,raw_count,"""Mixtral 8x7B""",ok,2026-07-08,NOT_AUDITED
Mixtral 8x7B,2023-12-08,2025-09-29,661,0,raw_count,"""Mixtral 8x7B""",ok,2026-07-08,NOT_AUDITED
Mixtral 8x7B,2023-12-08,2025-10-06,668,0,raw_count,"""Mixtral 8x7B""",ok,2026-07-08,NOT_AUDITED
Mixtral 8x7B,2023-12-08,2025-10-13,675,1,raw_count,"""Mixtral 8x7B""",ok,2026-07-08,NOT_AUDITED
Mixtral 8x7B,2023-12-08,2025-10-20,682,0,raw_count,"""Mixtral 8x7B""",ok,2026-07-08,NOT_AUDITED
Mixtral 8x7B,2023-12-08,2025-10-27,689,0,raw_count,"""Mixtral 8x7B""",ok,2026-07-08,NOT_AUDITED
Mixtral 8x7B,2023-12-08,2025-11-03,696,0,raw_count,"""Mixtral 8x7B""",ok,2026-07-08,NOT_AUDITED
Mixtral 8x7B,2023-12-08,2025-11-10,703,0,raw_count,"""Mixtral 8x7B""",ok,2026-07-08,NOT_AUDITED
Mixtral 8x7B,2023-12-08,2025-11-17,710,0,raw_count,"""Mixtral 8x7B""",ok,2026-07-08,NOT_AUDITED
Mixtral 8x7B,2023-12-08,2025-11-24,717,0,raw_count,"""Mixtral 8x7B""",ok,2026-07-08,NOT_AUDITED
Mixtral 8x7B,2023-12-08,2025-12-01,724,0,raw_count,"""Mixtral 8x7B""",ok,2026-07-08,NOT_AUDITED
Mixtral 8x7B,2023-12-08,2025-12-08,731,0,raw_count,"""Mixtral 8x7B""",ok,2026-07-08,NOT_AUDITED
Mixtral 8x7B,2023-12-08,2025-12-15,738,0,raw_count,"""Mixtral 8x7B""",ok,2026-07-08,NOT_AUDITED
Mixtral 8x7B,2023-12-08,2025-12-22,745,1,raw_count,"""Mixtral 8x7B""",ok,2026-07-08,NOT_AUDITED
Mixtral 8x7B,2023-12-08,2025-12-29,752,0,raw_count,"""Mixtral 8x7B""",ok,2026-07-08,NOT_AUDITED
Mixtral 8x7B,2023-12-08,2026-01-05,759,0,raw_count,"""Mixtral 8x7B""",ok,2026-07-08,NOT_AUDITED
Mixtral 8x7B,2023-12-08,2026-01-12,766,0,raw_count,"""Mixtral 8x7B""",ok,2026-07-08,NOT_AUDITED
Mixtral 8x7B,2023-12-08,2026-01-19,773,0,raw_count,"""Mixtral 8x7B""",ok,2026-07-08,NOT_AUDITED
Mixtral 8x7B,2023-12-08,2026-01-26,780,0,raw_count,"""Mixtral 8x7B""",ok,2026-07-08,NOT_AUDITED
Mixtral 8x7B,2023-12-08,2026-02-02,787,0,raw_count,"""Mixtral 8x7B""",ok,2026-07-08,NOT_AUDITED
Mixtral 8x7B,2023-12-08,2026-02-09,794,0,raw_count,"""Mixtral 8x7B""",ok,2026-07-08,NOT_AUDITED
Mixtral 8x7B,2023-12-08,2026-02-16,801,0,raw_count,"""Mixtral 8x7B""",ok,2026-07-08,NOT_AUDITED
Mixtral 8x7B,2023-12-08,2026-02-23,808,0,raw_count,"""Mixtral 8x7B""",ok,2026-07-08,NOT_AUDITED
Mixtral 8x7B,2023-12-08,2026-03-02,815,1,raw_count,"""Mixtral 8x7B""",ok,2026-07-08,NOT_AUDITED
Mixtral 8x7B,2023-12-08,2026-03-09,822,0,raw_count,"""Mixtral 8x7B""",ok,2026-07-08,NOT_AUDITED
Mixtral 8x7B,2023-12-08,2026-03-16,829,1,raw_count,"""Mixtral 8x7B""",ok,2026-07-08,NOT_AUDITED
Mixtral 8x7B,2023-12-08,2026-03-23,836,1,raw_count,"""Mixtral 8x7B""",ok,2026-07-08,NOT_AUDITED
Mixtral 8x7B,2023-12-08,2026-03-30,843,0,raw_count,"""Mixtral 8x7B""",ok,2026-07-08,NOT_AUDITED
Mixtral 8x7B,2023-12-08,2026-04-06,850,1,raw_count,"""Mixtral 8x7B""",ok,2026-07-08,NOT_AUDITED
Mixtral 8x7B,2023-12-08,2026-04-13,857,0,raw_count,"""Mixtral 8x7B""",ok,2026-07-08,NOT_AUDITED
Mixtral 8x7B,2023-12-08,2026-04-20,864,0,raw_count,"""Mixtral 8x7B""",ok,2026-07-08,NOT_AUDITED
Mixtral 8x7B,2023-12-08,2026-04-27,871,0,raw_count,"""Mixtral 8x7B""",ok,2026-07-08,NOT_AUDITED
Mixtral 8x7B,2023-12-08,2026-05-04,878,0,raw_count,"""Mixtral 8x7B""",ok,2026-07-08,NOT_AUDITED
Mixtral 8x7B,2023-12-08,2026-05-11,885,0,raw_count,"""Mixtral 8x7B""",ok,2026-07-08,NOT_AUDITED
Mixtral 8x7B,2023-12-08,2026-05-18,892,0,raw_count,"""Mixtral 8x7B""",ok,2026-07-08,NOT_AUDITED
Mixtral 8x7B,2023-12-08,2026-05-25,899,0,raw_count,"""Mixtral 8x7B""",ok,2026-07-08,NOT_AUDITED
Mixtral 8x7B,2023-12-08,2026-06-01,906,1,raw_count,"""Mixtral 8x7B""",ok,2026-07-08,NOT_AUDITED
Mixtral 8x7B,2023-12-08,2026-06-08,913,0,raw_count,"""Mixtral 8x7B""",ok,2026-07-08,NOT_AUDITED
Mixtral 8x7B,2023-12-08,2026-06-15,920,0,raw_count,"""Mixtral 8x7B""",ok,2026-07-08,NOT_AUDITED
Mixtral 8x7B,2023-12-08,2026-06-22,927,0,raw_count,"""Mixtral 8x7B""",ok,2026-07-08,NOT_AUDITED
Mixtral 8x7B,2023-12-08,2026-06-29,934,0,raw_count,"""Mixtral 8x7B""",ok,2026-07-08,NOT_AUDITED
AlphaGeometry,2024-01-17,2023-12-18,-30,0,raw_count,"""AlphaGeometry""",ok,2026-07-08,NOT_AUDITED
AlphaGeometry,2024-01-17,2023-12-25,-23,0,raw_count,"""AlphaGeometry""",ok,2026-07-08,NOT_AUDITED
AlphaGeometry,2024-01-17,2024-01-01,-16,0,raw_count,"""AlphaGeometry""",ok,2026-07-08,NOT_AUDITED
AlphaGeometry,2024-01-17,2024-01-08,-9,0,raw_count,"""AlphaGeometry""",ok,2026-07-08,NOT_AUDITED
AlphaGeometry,2024-01-17,2024-01-15,-2,7,raw_count,"""AlphaGeometry""",ok,2026-07-08,NOT_AUDITED
AlphaGeometry,2024-01-17,2024-01-22,5,0,raw_count,"""AlphaGeometry""",ok,2026-07-08,NOT_AUDITED
AlphaGeometry,2024-01-17,2024-01-29,12,0,raw_count,"""AlphaGeometry""",ok,2026-07-08,NOT_AUDITED
AlphaGeometry,2024-01-17,2024-02-05,19,1,raw_count,"""AlphaGeometry""",ok,2026-07-08,NOT_AUDITED
AlphaGeometry,2024-01-17,2024-02-12,26,0,raw_count,"""AlphaGeometry""",ok,2026-07-08,NOT_AUDITED
AlphaGeometry,2024-01-17,2024-02-19,33,0,raw_count,"""AlphaGeometry""",ok,2026-07-08,NOT_AUDITED
AlphaGeometry,2024-01-17,2024-02-26,40,0,raw_count,"""AlphaGeometry""",ok,2026-07-08,NOT_AUDITED
AlphaGeometry,2024-01-17,2024-03-04,47,1,raw_count,"""AlphaGeometry""",ok,2026-07-08,NOT_AUDITED
AlphaGeometry,2024-01-17,2024-03-11,54,1,raw_count,"""AlphaGeometry""",ok,2026-07-08,NOT_AUDITED
AlphaGeometry,2024-01-17,2024-03-18,61,0,raw_count,"""AlphaGeometry""",ok,2026-07-08,NOT_AUDITED
AlphaGeometry,2024-01-17,2024-03-25,68,0,raw_count,"""AlphaGeometry""",ok,2026-07-08,NOT_AUDITED
AlphaGeometry,2024-01-17,2024-04-01,75,0,raw_count,"""AlphaGeometry""",ok,2026-07-08,NOT_AUDITED
AlphaGeometry,2024-01-17,2024-04-08,82,0,raw_count,"""AlphaGeometry""",ok,2026-07-08,NOT_AUDITED
AlphaGeometry,2024-01-17,2024-04-15,89,0,raw_count,"""AlphaGeometry""",ok,2026-07-08,NOT_AUDITED
AlphaGeometry,2024-01-17,2024-04-22,96,0,raw_count,"""AlphaGeometry""",ok,2026-07-08,NOT_AUDITED
AlphaGeometry,2024-01-17,2024-04-29,103,0,raw_count,"""AlphaGeometry""",ok,2026-07-08,NOT_AUDITED
AlphaGeometry,2024-01-17,2024-05-06,110,0,raw_count,"""AlphaGeometry""",ok,2026-07-08,NOT_AUDITED
AlphaGeometry,2024-01-17,2024-05-13,117,0,raw_count,"""AlphaGeometry""",ok,2026-07-08,NOT_AUDITED
AlphaGeometry,2024-01-17,2024-05-20,124,0,raw_count,"""AlphaGeometry""",ok,2026-07-08,NOT_AUDITED
AlphaGeometry,2024-01-17,2024-05-27,131,0,raw_count,"""AlphaGeometry""",ok,2026-07-08,NOT_AUDITED
AlphaGeometry,2024-01-17,2024-06-03,138,0,raw_count,"""AlphaGeometry""",ok,2026-07-08,NOT_AUDITED
AlphaGeometry,2024-01-17,2024-06-10,145,0,raw_count,"""AlphaGeometry""",ok,2026-07-08,NOT_AUDITED
AlphaGeometry,2024-01-17,2024-06-17,152,0,raw_count,"""AlphaGeometry""",ok,2026-07-08,NOT_AUDITED
AlphaGeometry,2024-01-17,2024-06-24,159,0,raw_count,"""AlphaGeometry""",ok,2026-07-08,NOT_AUDITED
AlphaGeometry,2024-01-17,2024-07-01,166,0,raw_count,"""AlphaGeometry""",ok,2026-07-08,NOT_AUDITED
AlphaGeometry,2024-01-17,2024-07-08,173,0,raw_count,"""AlphaGeometry""",ok,2026-07-08,NOT_AUDITED
AlphaGeometry,2024-01-17,2024-07-15,180,0,raw_count,"""AlphaGeometry""",ok,2026-07-08,NOT_AUDITED
AlphaGeometry,2024-01-17,2024-07-22,187,12,raw_count,"""AlphaGeometry""",ok,2026-07-08,NOT_AUDITED
AlphaGeometry,2024-01-17,2024-07-29,194,4,raw_count,"""AlphaGeometry""",ok,2026-07-08,NOT_AUDITED
AlphaGeometry,2024-01-17,2024-08-05,201,1,raw_count,"""AlphaGeometry""",ok,2026-07-08,NOT_AUDITED
AlphaGeometry,2024-01-17,2024-08-12,208,0,raw_count,"""AlphaGeometry""",ok,2026-07-08,NOT_AUDITED
AlphaGeometry,2024-01-17,2024-08-19,215,0,raw_count,"""AlphaGeometry""",ok,2026-07-08,NOT_AUDITED
AlphaGeometry,2024-01-17,2024-08-26,222,0,raw_count,"""AlphaGeometry""",ok,2026-07-08,NOT_AUDITED
AlphaGeometry,2024-01-17,2024-09-02,229,0,raw_count,"""AlphaGeometry""",ok,2026-07-08,NOT_AUDITED
AlphaGeometry,2024-01-17,2024-09-09,236,0,raw_count,"""AlphaGeometry""",ok,2026-07-08,NOT_AUDITED
AlphaGeometry,2024-01-17,2024-09-16,243,0,raw_count,"""AlphaGeometry""",ok,2026-07-08,NOT_AUDITED
AlphaGeometry,2024-01-17,2024-09-23,250,0,raw_count,"""AlphaGeometry""",ok,2026-07-08,NOT_AUDITED
AlphaGeometry,2024-01-17,2024-09-30,257,3,raw_count,"""AlphaGeometry""",ok,2026-07-08,NOT_AUDITED
AlphaGeometry,2024-01-17,2024-10-07,264,1,raw_count,"""AlphaGeometry""",ok,2026-07-08,NOT_AUDITED
AlphaGeometry,2024-01-17,2024-10-14,271,0,raw_count,"""AlphaGeometry""",ok,2026-07-08,NOT_AUDITED
AlphaGeometry,2024-01-17,2024-10-21,278,0,raw_count,"""AlphaGeometry""",ok,2026-07-08,NOT_AUDITED
AlphaGeometry,2024-01-17,2024-10-28,285,2,raw_count,"""AlphaGeometry""",ok,2026-07-08,NOT_AUDITED
AlphaGeometry,2024-01-17,2024-11-04,292,0,raw_count,"""AlphaGeometry""",ok,2026-07-08,NOT_AUDITED
AlphaGeometry,2024-01-17,2024-11-11,299,1,raw_count,"""AlphaGeometry""",ok,2026-07-08,NOT_AUDITED
AlphaGeometry,2024-01-17,2024-11-18,306,0,raw_count,"""AlphaGeometry""",ok,2026-07-08,NOT_AUDITED
AlphaGeometry,2024-01-17,2024-11-25,313,0,raw_count,"""AlphaGeometry""",ok,2026-07-08,NOT_AUDITED
AlphaGeometry,2024-01-17,2024-12-02,320,1,raw_count,"""AlphaGeometry""",ok,2026-07-08,NOT_AUDITED
AlphaGeometry,2024-01-17,2024-12-09,327,0,raw_count,"""AlphaGeometry""",ok,2026-07-08,NOT_AUDITED
AlphaGeometry,2024-01-17,2024-12-16,334,0,raw_count,"""AlphaGeometry""",ok,2026-07-08,NOT_AUDITED
AlphaGeometry,2024-01-17,2024-12-23,341,1,raw_count,"""AlphaGeometry""",ok,2026-07-08,NOT_AUDITED
AlphaGeometry,2024-01-17,2024-12-30,348,0,raw_count,"""AlphaGeometry""",ok,2026-07-08,NOT_AUDITED
AlphaGeometry,2024-01-17,2025-01-06,355,0,raw_count,"""AlphaGeometry""",ok,2026-07-08,NOT_AUDITED
AlphaGeometry,2024-01-17,2025-01-13,362,0,raw_count,"""AlphaGeometry""",ok,2026-07-08,NOT_AUDITED
AlphaGeometry,2024-01-17,2025-01-20,369,0,raw_count,"""AlphaGeometry""",ok,2026-07-08,NOT_AUDITED
AlphaGeometry,2024-01-17,2025-01-27,376,0,raw_count,"""AlphaGeometry""",ok,2026-07-08,NOT_AUDITED
AlphaGeometry,2024-01-17,2025-02-03,383,1,raw_count,"""AlphaGeometry""",ok,2026-07-08,NOT_AUDITED
AlphaGeometry,2024-01-17,2025-02-10,390,1,raw_count,"""AlphaGeometry""",ok,2026-07-08,NOT_AUDITED
AlphaGeometry,2024-01-17,2025-02-17,397,0,raw_count,"""AlphaGeometry""",ok,2026-07-08,NOT_AUDITED
AlphaGeometry,2024-01-17,2025-02-24,404,0,raw_count,"""AlphaGeometry""",ok,2026-07-08,NOT_AUDITED
AlphaGeometry,2024-01-17,2025-03-03,411,0,raw_count,"""AlphaGeometry""",ok,2026-07-08,NOT_AUDITED
AlphaGeometry,2024-01-17,2025-03-10,418,0,raw_count,"""AlphaGeometry""",ok,2026-07-08,NOT_AUDITED
AlphaGeometry,2024-01-17,2025-03-17,425,0,raw_count,"""AlphaGeometry""",ok,2026-07-08,NOT_AUDITED
AlphaGeometry,2024-01-17,2025-03-24,432,0,raw_count,"""AlphaGeometry""",ok,2026-07-08,NOT_AUDITED
AlphaGeometry,2024-01-17,2025-03-31,439,0,raw_count,"""AlphaGeometry""",ok,2026-07-08,NOT_AUDITED
AlphaGeometry,2024-01-17,2025-04-07,446,0,raw_count,"""AlphaGeometry""",ok,2026-07-08,NOT_AUDITED
AlphaGeometry,2024-01-17,2025-04-14,453,0,raw_count,"""AlphaGeometry""",ok,2026-07-08,NOT_AUDITED
AlphaGeometry,2024-01-17,2025-04-21,460,0,raw_count,"""AlphaGeometry""",ok,2026-07-08,NOT_AUDITED
AlphaGeometry,2024-01-17,2025-04-28,467,0,raw_count,"""AlphaGeometry""",ok,2026-07-08,NOT_AUDITED
AlphaGeometry,2024-01-17,2025-05-05,474,0,raw_count,"""AlphaGeometry""",ok,2026-07-08,NOT_AUDITED
AlphaGeometry,2024-01-17,2025-05-12,481,0,raw_count,"""AlphaGeometry""",ok,2026-07-08,NOT_AUDITED
AlphaGeometry,2024-01-17,2025-05-19,488,0,raw_count,"""AlphaGeometry""",ok,2026-07-08,NOT_AUDITED
AlphaGeometry,2024-01-17,2025-05-26,495,2,raw_count,"""AlphaGeometry""",ok,2026-07-08,NOT_AUDITED
AlphaGeometry,2024-01-17,2025-06-02,502,1,raw_count,"""AlphaGeometry""",ok,2026-07-08,NOT_AUDITED
AlphaGeometry,2024-01-17,2025-06-09,509,0,raw_count,"""AlphaGeometry""",ok,2026-07-08,NOT_AUDITED
AlphaGeometry,2024-01-17,2025-06-16,516,0,raw_count,"""AlphaGeometry""",ok,2026-07-08,NOT_AUDITED
AlphaGeometry,2024-01-17,2025-06-23,523,0,raw_count,"""AlphaGeometry""",ok,2026-07-08,NOT_AUDITED
AlphaGeometry,2024-01-17,2025-06-30,530,2,raw_count,"""AlphaGeometry""",ok,2026-07-08,NOT_AUDITED
AlphaGeometry,2024-01-17,2025-07-07,537,1,raw_count,"""AlphaGeometry""",ok,2026-07-08,NOT_AUDITED
AlphaGeometry,2024-01-17,2025-07-14,544,2,raw_count,"""AlphaGeometry""",ok,2026-07-08,NOT_AUDITED
AlphaGeometry,2024-01-17,2025-07-21,551,7,raw_count,"""AlphaGeometry""",ok,2026-07-08,NOT_AUDITED
AlphaGeometry,2024-01-17,2025-07-28,558,0,raw_count,"""AlphaGeometry""",ok,2026-07-08,NOT_AUDITED
AlphaGeometry,2024-01-17,2025-08-04,565,0,raw_count,"""AlphaGeometry""",ok,2026-07-08,NOT_AUDITED
AlphaGeometry,2024-01-17,2025-08-11,572,0,raw_count,"""AlphaGeometry""",ok,2026-07-08,NOT_AUDITED
AlphaGeometry,2024-01-17,2025-08-18,579,0,raw_count,"""AlphaGeometry""",ok,2026-07-08,NOT_AUDITED
AlphaGeometry,2024-01-17,2025-08-25,586,0,raw_count,"""AlphaGeometry""",ok,2026-07-08,NOT_AUDITED
AlphaGeometry,2024-01-17,2025-09-01,593,0,raw_count,"""AlphaGeometry""",ok,2026-07-08,NOT_AUDITED
AlphaGeometry,2024-01-17,2025-09-08,600,0,raw_count,"""AlphaGeometry""",ok,2026-07-08,NOT_AUDITED
AlphaGeometry,2024-01-17,2025-09-15,607,0,raw_count,"""AlphaGeometry""",ok,2026-07-08,NOT_AUDITED
AlphaGeometry,2024-01-17,2025-09-22,614,0,raw_count,"""AlphaGeometry""",ok,2026-07-08,NOT_AUDITED
AlphaGeometry,2024-01-17,2025-09-29,621,0,raw_count,"""AlphaGeometry""",ok,2026-07-08,NOT_AUDITED
AlphaGeometry,2024-01-17,2025-10-06,628,0,raw_count,"""AlphaGeometry""",ok,2026-07-08,NOT_AUDITED
AlphaGeometry,2024-01-17,2025-10-13,635,0,raw_count,"""AlphaGeometry""",ok,2026-07-08,NOT_AUDITED
AlphaGeometry,2024-01-17,2025-10-20,642,0,raw_count,"""AlphaGeometry""",ok,2026-07-08,NOT_AUDITED
AlphaGeometry,2024-01-17,2025-10-27,649,0,raw_count,"""AlphaGeometry""",ok,2026-07-08,NOT_AUDITED
AlphaGeometry,2024-01-17,2025-11-03,656,0,raw_count,"""AlphaGeometry""",ok,2026-07-08,NOT_AUDITED
AlphaGeometry,2024-01-17,2025-11-10,663,0,raw_count,"""AlphaGeometry""",ok,2026-07-08,NOT_AUDITED
AlphaGeometry,2024-01-17,2025-11-17,670,0,raw_count,"""AlphaGeometry""",ok,2026-07-08,NOT_AUDITED
AlphaGeometry,2024-01-17,2025-11-24,677,2,raw_count,"""AlphaGeometry""",ok,2026-07-08,NOT_AUDITED
AlphaGeometry,2024-01-17,2025-12-01,684,0,raw_count,"""AlphaGeometry""",ok,2026-07-08,NOT_AUDITED
AlphaGeometry,2024-01-17,2025-12-08,691,0,raw_count,"""AlphaGeometry""",ok,2026-07-08,NOT_AUDITED
AlphaGeometry,2024-01-17,2025-12-15,698,1,raw_count,"""AlphaGeometry""",ok,2026-07-08,NOT_AUDITED
AlphaGeometry,2024-01-17,2025-12-22,705,0,raw_count,"""AlphaGeometry""",ok,2026-07-08,NOT_AUDITED
AlphaGeometry,2024-01-17,2025-12-29,712,0,raw_count,"""AlphaGeometry""",ok,2026-07-08,NOT_AUDITED
AlphaGeometry,2024-01-17,2026-01-05,719,0,raw_count,"""AlphaGeometry""",ok,2026-07-08,NOT_AUDITED
AlphaGeometry,2024-01-17,2026-01-12,726,0,raw_count,"""AlphaGeometry""",ok,2026-07-08,NOT_AUDITED
AlphaGeometry,2024-01-17,2026-01-19,733,0,raw_count,"""AlphaGeometry""",ok,2026-07-08,NOT_AUDITED
AlphaGeometry,2024-01-17,2026-01-26,740,4,raw_count,"""AlphaGeometry""",ok,2026-07-08,NOT_AUDITED
AlphaGeometry,2024-01-17,2026-02-02,747,0,raw_count,"""AlphaGeometry""",ok,2026-07-08,NOT_AUDITED
AlphaGeometry,2024-01-17,2026-02-09,754,0,raw_count,"""AlphaGeometry""",ok,2026-07-08,NOT_AUDITED
AlphaGeometry,2024-01-17,2026-02-16,761,0,raw_count,"""AlphaGeometry""",ok,2026-07-08,NOT_AUDITED
AlphaGeometry,2024-01-17,2026-02-23,768,0,raw_count,"""AlphaGeometry""",ok,2026-07-08,NOT_AUDITED
AlphaGeometry,2024-01-17,2026-03-02,775,0,raw_count,"""AlphaGeometry""",ok,2026-07-08,NOT_AUDITED
AlphaGeometry,2024-01-17,2026-03-09,782,0,raw_count,"""AlphaGeometry""",ok,2026-07-08,NOT_AUDITED
AlphaGeometry,2024-01-17,2026-03-16,789,1,raw_count,"""AlphaGeometry""",ok,2026-07-08,NOT_AUDITED
AlphaGeometry,2024-01-17,2026-03-23,796,0,raw_count,"""AlphaGeometry""",ok,2026-07-08,NOT_AUDITED
AlphaGeometry,2024-01-17,2026-03-30,803,0,raw_count,"""AlphaGeometry""",ok,2026-07-08,NOT_AUDITED
AlphaGeometry,2024-01-17,2026-04-06,810,0,raw_count,"""AlphaGeometry""",ok,2026-07-08,NOT_AUDITED
AlphaGeometry,2024-01-17,2026-04-13,817,0,raw_count,"""AlphaGeometry""",ok,2026-07-08,NOT_AUDITED
AlphaGeometry,2024-01-17,2026-04-20,824,0,raw_count,"""AlphaGeometry""",ok,2026-07-08,NOT_AUDITED
AlphaGeometry,2024-01-17,2026-04-27,831,0,raw_count,"""AlphaGeometry""",ok,2026-07-08,NOT_AUDITED
AlphaGeometry,2024-01-17,2026-05-04,838,0,raw_count,"""AlphaGeometry""",ok,2026-07-08,NOT_AUDITED
AlphaGeometry,2024-01-17,2026-05-11,845,0,raw_count,"""AlphaGeometry""",ok,2026-07-08,NOT_AUDITED
AlphaGeometry,2024-01-17,2026-05-18,852,0,raw_count,"""AlphaGeometry""",ok,2026-07-08,NOT_AUDITED
AlphaGeometry,2024-01-17,2026-05-25,859,0,raw_count,"""AlphaGeometry""",ok,2026-07-08,NOT_AUDITED
AlphaGeometry,2024-01-17,2026-06-01,866,0,raw_count,"""AlphaGeometry""",ok,2026-07-08,NOT_AUDITED
AlphaGeometry,2024-01-17,2026-06-08,873,0,raw_count,"""AlphaGeometry""",ok,2026-07-08,NOT_AUDITED
AlphaGeometry,2024-01-17,2026-06-15,880,0,raw_count,"""AlphaGeometry""",ok,2026-07-08,NOT_AUDITED
AlphaGeometry,2024-01-17,2026-06-22,887,0,raw_count,"""AlphaGeometry""",ok,2026-07-08,NOT_AUDITED
AlphaGeometry,2024-01-17,2026-06-29,894,0,raw_count,"""AlphaGeometry""",ok,2026-07-08,NOT_AUDITED
Stable Diffusion 3,2024-02-22,2024-01-22,-31,0,raw_count,"""Stable Diffusion 3""",ok,2026-07-08,NOT_AUDITED
Stable Diffusion 3,2024-02-22,2024-01-29,-24,0,raw_count,"""Stable Diffusion 3""",ok,2026-07-08,NOT_AUDITED
Stable Diffusion 3,2024-02-22,2024-02-05,-17,0,raw_count,"""Stable Diffusion 3""",ok,2026-07-08,NOT_AUDITED
Stable Diffusion 3,2024-02-22,2024-02-12,-10,0,raw_count,"""Stable Diffusion 3""",ok,2026-07-08,NOT_AUDITED
Stable Diffusion 3,2024-02-22,2024-02-19,-3,7,raw_count,"""Stable Diffusion 3""",ok,2026-07-08,NOT_AUDITED
Stable Diffusion 3,2024-02-22,2024-02-26,4,4,raw_count,"""Stable Diffusion 3""",ok,2026-07-08,NOT_AUDITED
Stable Diffusion 3,2024-02-22,2024-03-04,11,1,raw_count,"""Stable Diffusion 3""",ok,2026-07-08,NOT_AUDITED
Stable Diffusion 3,2024-02-22,2024-03-11,18,4,raw_count,"""Stable Diffusion 3""",ok,2026-07-08,NOT_AUDITED
Stable Diffusion 3,2024-02-22,2024-03-18,25,0,raw_count,"""Stable Diffusion 3""",ok,2026-07-08,NOT_AUDITED
Stable Diffusion 3,2024-02-22,2024-03-25,32,0,raw_count,"""Stable Diffusion 3""",ok,2026-07-08,NOT_AUDITED
Stable Diffusion 3,2024-02-22,2024-04-01,39,0,raw_count,"""Stable Diffusion 3""",ok,2026-07-08,NOT_AUDITED
Stable Diffusion 3,2024-02-22,2024-04-08,46,1,raw_count,"""Stable Diffusion 3""",ok,2026-07-08,NOT_AUDITED
Stable Diffusion 3,2024-02-22,2024-04-15,53,10,raw_count,"""Stable Diffusion 3""",ok,2026-07-08,NOT_AUDITED
Stable Diffusion 3,2024-02-22,2024-04-22,60,1,raw_count,"""Stable Diffusion 3""",ok,2026-07-08,NOT_AUDITED
Stable Diffusion 3,2024-02-22,2024-04-29,67,1,raw_count,"""Stable Diffusion 3""",ok,2026-07-08,NOT_AUDITED
Stable Diffusion 3,2024-02-22,2024-05-06,74,1,raw_count,"""Stable Diffusion 3""",ok,2026-07-08,NOT_AUDITED
Stable Diffusion 3,2024-02-22,2024-05-13,81,0,raw_count,"""Stable Diffusion 3""",ok,2026-07-08,NOT_AUDITED
Stable Diffusion 3,2024-02-22,2024-05-20,88,0,raw_count,"""Stable Diffusion 3""",ok,2026-07-08,NOT_AUDITED
Stable Diffusion 3,2024-02-22,2024-05-27,95,1,raw_count,"""Stable Diffusion 3""",ok,2026-07-08,NOT_AUDITED
Stable Diffusion 3,2024-02-22,2024-06-03,102,5,raw_count,"""Stable Diffusion 3""",ok,2026-07-08,NOT_AUDITED
Stable Diffusion 3,2024-02-22,2024-06-10,109,4,raw_count,"""Stable Diffusion 3""",ok,2026-07-08,NOT_AUDITED
Stable Diffusion 3,2024-02-22,2024-06-17,116,4,raw_count,"""Stable Diffusion 3""",ok,2026-07-08,NOT_AUDITED
Stable Diffusion 3,2024-02-22,2024-06-24,123,3,raw_count,"""Stable Diffusion 3""",ok,2026-07-08,NOT_AUDITED
Stable Diffusion 3,2024-02-22,2024-07-01,130,0,raw_count,"""Stable Diffusion 3""",ok,2026-07-08,NOT_AUDITED
Stable Diffusion 3,2024-02-22,2024-07-08,137,0,raw_count,"""Stable Diffusion 3""",ok,2026-07-08,NOT_AUDITED
Stable Diffusion 3,2024-02-22,2024-07-15,144,0,raw_count,"""Stable Diffusion 3""",ok,2026-07-08,NOT_AUDITED
Stable Diffusion 3,2024-02-22,2024-07-22,151,1,raw_count,"""Stable Diffusion 3""",ok,2026-07-08,NOT_AUDITED
Stable Diffusion 3,2024-02-22,2024-07-29,158,2,raw_count,"""Stable Diffusion 3""",ok,2026-07-08,NOT_AUDITED
Stable Diffusion 3,2024-02-22,2024-08-05,165,1,raw_count,"""Stable Diffusion 3""",ok,2026-07-08,NOT_AUDITED
Stable Diffusion 3,2024-02-22,2024-08-12,172,2,raw_count,"""Stable Diffusion 3""",ok,2026-07-08,NOT_AUDITED
Stable Diffusion 3,2024-02-22,2024-08-19,179,3,raw_count,"""Stable Diffusion 3""",ok,2026-07-08,NOT_AUDITED
Stable Diffusion 3,2024-02-22,2024-08-26,186,0,raw_count,"""Stable Diffusion 3""",ok,2026-07-08,NOT_AUDITED
Stable Diffusion 3,2024-02-22,2024-09-02,193,6,raw_count,"""Stable Diffusion 3""",ok,2026-07-08,NOT_AUDITED
Stable Diffusion 3,2024-02-22,2024-09-09,200,1,raw_count,"""Stable Diffusion 3""",ok,2026-07-08,NOT_AUDITED
Stable Diffusion 3,2024-02-22,2024-09-16,207,1,raw_count,"""Stable Diffusion 3""",ok,2026-07-08,NOT_AUDITED
Stable Diffusion 3,2024-02-22,2024-09-23,214,1,raw_count,"""Stable Diffusion 3""",ok,2026-07-08,NOT_AUDITED
Stable Diffusion 3,2024-02-22,2024-09-30,221,0,raw_count,"""Stable Diffusion 3""",ok,2026-07-08,NOT_AUDITED
Stable Diffusion 3,2024-02-22,2024-10-07,228,1,raw_count,"""Stable Diffusion 3""",ok,2026-07-08,NOT_AUDITED
Stable Diffusion 3,2024-02-22,2024-10-14,235,4,raw_count,"""Stable Diffusion 3""",ok,2026-07-08,NOT_AUDITED
Stable Diffusion 3,2024-02-22,2024-10-21,242,3,raw_count,"""Stable Diffusion 3""",ok,2026-07-08,NOT_AUDITED
Stable Diffusion 3,2024-02-22,2024-10-28,249,1,raw_count,"""Stable Diffusion 3""",ok,2026-07-08,NOT_AUDITED
Stable Diffusion 3,2024-02-22,2024-11-04,256,2,raw_count,"""Stable Diffusion 3""",ok,2026-07-08,NOT_AUDITED
Stable Diffusion 3,2024-02-22,2024-11-11,263,1,raw_count,"""Stable Diffusion 3""",ok,2026-07-08,NOT_AUDITED
Stable Diffusion 3,2024-02-22,2024-11-18,270,0,raw_count,"""Stable Diffusion 3""",ok,2026-07-08,NOT_AUDITED
Stable Diffusion 3,2024-02-22,2024-11-25,277,2,raw_count,"""Stable Diffusion 3""",ok,2026-07-08,NOT_AUDITED
Stable Diffusion 3,2024-02-22,2024-12-02,284,4,raw_count,"""Stable Diffusion 3""",ok,2026-07-08,NOT_AUDITED
Stable Diffusion 3,2024-02-22,2024-12-09,291,1,raw_count,"""Stable Diffusion 3""",ok,2026-07-08,NOT_AUDITED
Stable Diffusion 3,2024-02-22,2024-12-16,298,2,raw_count,"""Stable Diffusion 3""",ok,2026-07-08,NOT_AUDITED
Stable Diffusion 3,2024-02-22,2024-12-23,305,1,raw_count,"""Stable Diffusion 3""",ok,2026-07-08,NOT_AUDITED
Stable Diffusion 3,2024-02-22,2024-12-30,312,1,raw_count,"""Stable Diffusion 3""",ok,2026-07-08,NOT_AUDITED
Stable Diffusion 3,2024-02-22,2025-01-06,319,1,raw_count,"""Stable Diffusion 3""",ok,2026-07-08,NOT_AUDITED
Stable Diffusion 3,2024-02-22,2025-01-13,326,0,raw_count,"""Stable Diffusion 3""",ok,2026-07-08,NOT_AUDITED
Stable Diffusion 3,2024-02-22,2025-01-20,333,0,raw_count,"""Stable Diffusion 3""",ok,2026-07-08,NOT_AUDITED
Stable Diffusion 3,2024-02-22,2025-01-27,340,1,raw_count,"""Stable Diffusion 3""",ok,2026-07-08,NOT_AUDITED
Stable Diffusion 3,2024-02-22,2025-02-03,347,0,raw_count,"""Stable Diffusion 3""",ok,2026-07-08,NOT_AUDITED
Stable Diffusion 3,2024-02-22,2025-02-10,354,0,raw_count,"""Stable Diffusion 3""",ok,2026-07-08,NOT_AUDITED
Stable Diffusion 3,2024-02-22,2025-02-17,361,0,raw_count,"""Stable Diffusion 3""",ok,2026-07-08,NOT_AUDITED
Stable Diffusion 3,2024-02-22,2025-02-24,368,1,raw_count,"""Stable Diffusion 3""",ok,2026-07-08,NOT_AUDITED
Stable Diffusion 3,2024-02-22,2025-03-03,375,1,raw_count,"""Stable Diffusion 3""",ok,2026-07-08,NOT_AUDITED
Stable Diffusion 3,2024-02-22,2025-03-10,382,0,raw_count,"""Stable Diffusion 3""",ok,2026-07-08,NOT_AUDITED
Stable Diffusion 3,2024-02-22,2025-03-17,389,0,raw_count,"""Stable Diffusion 3""",ok,2026-07-08,NOT_AUDITED
Stable Diffusion 3,2024-02-22,2025-03-24,396,0,raw_count,"""Stable Diffusion 3""",ok,2026-07-08,NOT_AUDITED
Stable Diffusion 3,2024-02-22,2025-03-31,403,0,raw_count,"""Stable Diffusion 3""",ok,2026-07-08,NOT_AUDITED
Stable Diffusion 3,2024-02-22,2025-04-07,410,0,raw_count,"""Stable Diffusion 3""",ok,2026-07-08,NOT_AUDITED
Stable Diffusion 3,2024-02-22,2025-04-14,417,1,raw_count,"""Stable Diffusion 3""",ok,2026-07-08,NOT_AUDITED
Stable Diffusion 3,2024-02-22,2025-04-21,424,0,raw_count,"""Stable Diffusion 3""",ok,2026-07-08,NOT_AUDITED
Stable Diffusion 3,2024-02-22,2025-04-28,431,0,raw_count,"""Stable Diffusion 3""",ok,2026-07-08,NOT_AUDITED
Stable Diffusion 3,2024-02-22,2025-05-05,438,1,raw_count,"""Stable Diffusion 3""",ok,2026-07-08,NOT_AUDITED
Stable Diffusion 3,2024-02-22,2025-05-12,445,0,raw_count,"""Stable Diffusion 3""",ok,2026-07-08,NOT_AUDITED
Stable Diffusion 3,2024-02-22,2025-05-19,452,1,raw_count,"""Stable Diffusion 3""",ok,2026-07-08,NOT_AUDITED
Stable Diffusion 3,2024-02-22,2025-05-26,459,0,raw_count,"""Stable Diffusion 3""",ok,2026-07-08,NOT_AUDITED
Stable Diffusion 3,2024-02-22,2025-06-02,466,1,raw_count,"""Stable Diffusion 3""",ok,2026-07-08,NOT_AUDITED
Stable Diffusion 3,2024-02-22,2025-06-09,473,0,raw_count,"""Stable Diffusion 3""",ok,2026-07-08,NOT_AUDITED
Stable Diffusion 3,2024-02-22,2025-06-16,480,0,raw_count,"""Stable Diffusion 3""",ok,2026-07-08,NOT_AUDITED
Stable Diffusion 3,2024-02-22,2025-06-23,487,0,raw_count,"""Stable Diffusion 3""",ok,2026-07-08,NOT_AUDITED
Stable Diffusion 3,2024-02-22,2025-06-30,494,0,raw_count,"""Stable Diffusion 3""",ok,2026-07-08,NOT_AUDITED
Stable Diffusion 3,2024-02-22,2025-07-07,501,0,raw_count,"""Stable Diffusion 3""",ok,2026-07-08,NOT_AUDITED
Stable Diffusion 3,2024-02-22,2025-07-14,508,0,raw_count,"""Stable Diffusion 3""",ok,2026-07-08,NOT_AUDITED
Stable Diffusion 3,2024-02-22,2025-07-21,515,3,raw_count,"""Stable Diffusion 3""",ok,2026-07-08,NOT_AUDITED
Stable Diffusion 3,2024-02-22,2025-07-28,522,2,raw_count,"""Stable Diffusion 3""",ok,2026-07-08,NOT_AUDITED
Stable Diffusion 3,2024-02-22,2025-08-04,529,0,raw_count,"""Stable Diffusion 3""",ok,2026-07-08,NOT_AUDITED
Stable Diffusion 3,2024-02-22,2025-08-11,536,0,raw_count,"""Stable Diffusion 3""",ok,2026-07-08,NOT_AUDITED
Stable Diffusion 3,2024-02-22,2025-08-18,543,1,raw_count,"""Stable Diffusion 3""",ok,2026-07-08,NOT_AUDITED
Stable Diffusion 3,2024-02-22,2025-08-25,550,0,raw_count,"""Stable Diffusion 3""",ok,2026-07-08,NOT_AUDITED
Stable Diffusion 3,2024-02-22,2025-09-01,557,0,raw_count,"""Stable Diffusion 3""",ok,2026-07-08,NOT_AUDITED
Stable Diffusion 3,2024-02-22,2025-09-08,564,0,raw_count,"""Stable Diffusion 3""",ok,2026-07-08,NOT_AUDITED
Stable Diffusion 3,2024-02-22,2025-09-15,571,1,raw_count,"""Stable Diffusion 3""",ok,2026-07-08,NOT_AUDITED
Stable Diffusion 3,2024-02-22,2025-09-22,578,0,raw_count,"""Stable Diffusion 3""",ok,2026-07-08,NOT_AUDITED
Stable Diffusion 3,2024-02-22,2025-09-29,585,1,raw_count,"""Stable Diffusion 3""",ok,2026-07-08,NOT_AUDITED
Stable Diffusion 3,2024-02-22,2025-10-06,592,1,raw_count,"""Stable Diffusion 3""",ok,2026-07-08,NOT_AUDITED
Stable Diffusion 3,2024-02-22,2025-10-13,599,0,raw_count,"""Stable Diffusion 3""",ok,2026-07-08,NOT_AUDITED
Stable Diffusion 3,2024-02-22,2025-10-20,606,0,raw_count,"""Stable Diffusion 3""",ok,2026-07-08,NOT_AUDITED
Stable Diffusion 3,2024-02-22,2025-10-27,613,0,raw_count,"""Stable Diffusion 3""",ok,2026-07-08,NOT_AUDITED
Stable Diffusion 3,2024-02-22,2025-11-03,620,1,raw_count,"""Stable Diffusion 3""",ok,2026-07-08,NOT_AUDITED
Stable Diffusion 3,2024-02-22,2025-11-10,627,0,raw_count,"""Stable Diffusion 3""",ok,2026-07-08,NOT_AUDITED
Stable Diffusion 3,2024-02-22,2025-11-17,634,0,raw_count,"""Stable Diffusion 3""",ok,2026-07-08,NOT_AUDITED
Stable Diffusion 3,2024-02-22,2025-11-24,641,0,raw_count,"""Stable Diffusion 3""",ok,2026-07-08,NOT_AUDITED
Stable Diffusion 3,2024-02-22,2025-12-01,648,0,raw_count,"""Stable Diffusion 3""",ok,2026-07-08,NOT_AUDITED
Stable Diffusion 3,2024-02-22,2025-12-08,655,0,raw_count,"""Stable Diffusion 3""",ok,2026-07-08,NOT_AUDITED
Stable Diffusion 3,2024-02-22,2025-12-15,662,1,raw_count,"""Stable Diffusion 3""",ok,2026-07-08,NOT_AUDITED
Stable Diffusion 3,2024-02-22,2025-12-22,669,2,raw_count,"""Stable Diffusion 3""",ok,2026-07-08,NOT_AUDITED
Stable Diffusion 3,2024-02-22,2025-12-29,676,1,raw_count,"""Stable Diffusion 3""",ok,2026-07-08,NOT_AUDITED
Stable Diffusion 3,2024-02-22,2026-01-05,683,1,raw_count,"""Stable Diffusion 3""",ok,2026-07-08,NOT_AUDITED
Stable Diffusion 3,2024-02-22,2026-01-12,690,0,raw_count,"""Stable Diffusion 3""",ok,2026-07-08,NOT_AUDITED
Stable Diffusion 3,2024-02-22,2026-01-19,697,0,raw_count,"""Stable Diffusion 3""",ok,2026-07-08,NOT_AUDITED
Stable Diffusion 3,2024-02-22,2026-01-26,704,0,raw_count,"""Stable Diffusion 3""",ok,2026-07-08,NOT_AUDITED
Stable Diffusion 3,2024-02-22,2026-02-02,711,0,raw_count,"""Stable Diffusion 3""",ok,2026-07-08,NOT_AUDITED
Stable Diffusion 3,2024-02-22,2026-02-09,718,0,raw_count,"""Stable Diffusion 3""",ok,2026-07-08,NOT_AUDITED
Stable Diffusion 3,2024-02-22,2026-02-16,725,0,raw_count,"""Stable Diffusion 3""",ok,2026-07-08,NOT_AUDITED
Stable Diffusion 3,2024-02-22,2026-02-23,732,0,raw_count,"""Stable Diffusion 3""",ok,2026-07-08,NOT_AUDITED
Stable Diffusion 3,2024-02-22,2026-03-02,739,2,raw_count,"""Stable Diffusion 3""",ok,2026-07-08,NOT_AUDITED
Stable Diffusion 3,2024-02-22,2026-03-09,746,0,raw_count,"""Stable Diffusion 3""",ok,2026-07-08,NOT_AUDITED
Stable Diffusion 3,2024-02-22,2026-03-16,753,0,raw_count,"""Stable Diffusion 3""",ok,2026-07-08,NOT_AUDITED
Stable Diffusion 3,2024-02-22,2026-03-23,760,0,raw_count,"""Stable Diffusion 3""",ok,2026-07-08,NOT_AUDITED
Stable Diffusion 3,2024-02-22,2026-03-30,767,1,raw_count,"""Stable Diffusion 3""",ok,2026-07-08,NOT_AUDITED
Stable Diffusion 3,2024-02-22,2026-04-06,774,0,raw_count,"""Stable Diffusion 3""",ok,2026-07-08,NOT_AUDITED
Stable Diffusion 3,2024-02-22,2026-04-13,781,0,raw_count,"""Stable Diffusion 3""",ok,2026-07-08,NOT_AUDITED
Stable Diffusion 3,2024-02-22,2026-04-20,788,0,raw_count,"""Stable Diffusion 3""",ok,2026-07-08,NOT_AUDITED
Stable Diffusion 3,2024-02-22,2026-04-27,795,0,raw_count,"""Stable Diffusion 3""",ok,2026-07-08,NOT_AUDITED
Stable Diffusion 3,2024-02-22,2026-05-04,802,0,raw_count,"""Stable Diffusion 3""",ok,2026-07-08,NOT_AUDITED
Stable Diffusion 3,2024-02-22,2026-05-11,809,0,raw_count,"""Stable Diffusion 3""",ok,2026-07-08,NOT_AUDITED
Stable Diffusion 3,2024-02-22,2026-05-18,816,0,raw_count,"""Stable Diffusion 3""",ok,2026-07-08,NOT_AUDITED
Stable Diffusion 3,2024-02-22,2026-05-25,823,0,raw_count,"""Stable Diffusion 3""",ok,2026-07-08,NOT_AUDITED
Stable Diffusion 3,2024-02-22,2026-06-01,830,0,raw_count,"""Stable Diffusion 3""",ok,2026-07-08,NOT_AUDITED
Stable Diffusion 3,2024-02-22,2026-06-08,837,0,raw_count,"""Stable Diffusion 3""",ok,2026-07-08,NOT_AUDITED
Stable Diffusion 3,2024-02-22,2026-06-15,844,0,raw_count,"""Stable Diffusion 3""",ok,2026-07-08,NOT_AUDITED
Stable Diffusion 3,2024-02-22,2026-06-22,851,0,raw_count,"""Stable Diffusion 3""",ok,2026-07-08,NOT_AUDITED
Stable Diffusion 3,2024-02-22,2026-06-29,858,0,raw_count,"""Stable Diffusion 3""",ok,2026-07-08,NOT_AUDITED
Claude 3,2024-03-04,2024-02-05,-28,0,raw_count,"""Claude 3""",ok,2026-07-08,NOT_AUDITED
Claude 3,2024-03-04,2024-02-12,-21,0,raw_count,"""Claude 3""",ok,2026-07-08,NOT_AUDITED
Claude 3,2024-03-04,2024-02-19,-14,0,raw_count,"""Claude 3""",ok,2026-07-08,NOT_AUDITED
Claude 3,2024-03-04,2024-02-26,-7,0,raw_count,"""Claude 3""",ok,2026-07-08,NOT_AUDITED
Claude 3,2024-03-04,2024-03-04,0,68,raw_count,"""Claude 3""",ok,2026-07-08,NOT_AUDITED
Claude 3,2024-03-04,2024-03-11,7,20,raw_count,"""Claude 3""",ok,2026-07-08,NOT_AUDITED
Claude 3,2024-03-04,2024-03-18,14,13,raw_count,"""Claude 3""",ok,2026-07-08,NOT_AUDITED
Claude 3,2024-03-04,2024-03-25,21,36,raw_count,"""Claude 3""",ok,2026-07-08,NOT_AUDITED
Claude 3,2024-03-04,2024-04-01,28,31,raw_count,"""Claude 3""",ok,2026-07-08,NOT_AUDITED
Claude 3,2024-03-04,2024-04-08,35,27,raw_count,"""Claude 3""",ok,2026-07-08,NOT_AUDITED
Claude 3,2024-03-04,2024-04-15,42,17,raw_count,"""Claude 3""",ok,2026-07-08,NOT_AUDITED
Claude 3,2024-03-04,2024-04-22,49,27,raw_count,"""Claude 3""",ok,2026-07-08,NOT_AUDITED
Claude 3,2024-03-04,2024-04-29,56,34,raw_count,"""Claude 3""",ok,2026-07-08,NOT_AUDITED
Claude 3,2024-03-04,2024-05-06,63,13,raw_count,"""Claude 3""",ok,2026-07-08,NOT_AUDITED
Claude 3,2024-03-04,2024-05-13,70,31,raw_count,"""Claude 3""",ok,2026-07-08,NOT_AUDITED
Claude 3,2024-03-04,2024-05-20,77,16,raw_count,"""Claude 3""",ok,2026-07-08,NOT_AUDITED
Claude 3,2024-03-04,2024-05-27,84,17,raw_count,"""Claude 3""",ok,2026-07-08,NOT_AUDITED
Claude 3,2024-03-04,2024-06-03,91,25,raw_count,"""Claude 3""",ok,2026-07-08,NOT_AUDITED
Claude 3,2024-03-04,2024-06-10,98,39,raw_count,"""Claude 3""",ok,2026-07-08,NOT_AUDITED
Claude 3,2024-03-04,2024-06-17,105,62,raw_count,"""Claude 3""",ok,2026-07-08,NOT_AUDITED
Claude 3,2024-03-04,2024-06-24,112,41,raw_count,"""Claude 3""",ok,2026-07-08,NOT_AUDITED
Claude 3,2024-03-04,2024-07-01,119,32,raw_count,"""Claude 3""",ok,2026-07-08,NOT_AUDITED
Claude 3,2024-03-04,2024-07-08,126,29,raw_count,"""Claude 3""",ok,2026-07-08,NOT_AUDITED
Claude 3,2024-03-04,2024-07-15,133,48,raw_count,"""Claude 3""",ok,2026-07-08,NOT_AUDITED
Claude 3,2024-03-04,2024-07-22,140,54,raw_count,"""Claude 3""",ok,2026-07-08,NOT_AUDITED
Claude 3,2024-03-04,2024-07-29,147,17,raw_count,"""Claude 3""",ok,2026-07-08,NOT_AUDITED
Claude 3,2024-03-04,2024-08-05,154,14,raw_count,"""Claude 3""",ok,2026-07-08,NOT_AUDITED
Claude 3,2024-03-04,2024-08-12,161,23,raw_count,"""Claude 3""",ok,2026-07-08,NOT_AUDITED
Claude 3,2024-03-04,2024-08-19,168,30,raw_count,"""Claude 3""",ok,2026-07-08,NOT_AUDITED
Claude 3,2024-03-04,2024-08-26,175,21,raw_count,"""Claude 3""",ok,2026-07-08,NOT_AUDITED
Claude 3,2024-03-04,2024-09-02,182,27,raw_count,"""Claude 3""",ok,2026-07-08,NOT_AUDITED
Claude 3,2024-03-04,2024-09-09,189,11,raw_count,"""Claude 3""",ok,2026-07-08,NOT_AUDITED
Claude 3,2024-03-04,2024-09-16,196,12,raw_count,"""Claude 3""",ok,2026-07-08,NOT_AUDITED
Claude 3,2024-03-04,2024-09-23,203,13,raw_count,"""Claude 3""",ok,2026-07-08,NOT_AUDITED
Claude 3,2024-03-04,2024-09-30,210,13,raw_count,"""Claude 3""",ok,2026-07-08,NOT_AUDITED
Claude 3,2024-03-04,2024-10-07,217,19,raw_count,"""Claude 3""",ok,2026-07-08,NOT_AUDITED
Claude 3,2024-03-04,2024-10-14,224,23,raw_count,"""Claude 3""",ok,2026-07-08,NOT_AUDITED
Claude 3,2024-03-04,2024-10-21,231,49,raw_count,"""Claude 3""",ok,2026-07-08,NOT_AUDITED
Claude 3,2024-03-04,2024-10-28,238,45,raw_count,"""Claude 3""",ok,2026-07-08,NOT_AUDITED
Claude 3,2024-03-04,2024-11-04,245,36,raw_count,"""Claude 3""",ok,2026-07-08,NOT_AUDITED
Claude 3,2024-03-04,2024-11-11,252,26,raw_count,"""Claude 3""",ok,2026-07-08,NOT_AUDITED
Claude 3,2024-03-04,2024-11-18,259,25,raw_count,"""Claude 3""",ok,2026-07-08,NOT_AUDITED
Claude 3,2024-03-04,2024-11-25,266,9,raw_count,"""Claude 3""",ok,2026-07-08,NOT_AUDITED
Claude 3,2024-03-04,2024-12-02,273,25,raw_count,"""Claude 3""",ok,2026-07-08,NOT_AUDITED
Claude 3,2024-03-04,2024-12-09,280,18,raw_count,"""Claude 3""",ok,2026-07-08,NOT_AUDITED
Claude 3,2024-03-04,2024-12-16,287,30,raw_count,"""Claude 3""",ok,2026-07-08,NOT_AUDITED
Claude 3,2024-03-04,2024-12-23,294,21,raw_count,"""Claude 3""",ok,2026-07-08,NOT_AUDITED
Claude 3,2024-03-04,2024-12-30,301,20,raw_count,"""Claude 3""",ok,2026-07-08,NOT_AUDITED
Claude 3,2024-03-04,2025-01-06,308,25,raw_count,"""Claude 3""",ok,2026-07-08,NOT_AUDITED
Claude 3,2024-03-04,2025-01-13,315,9,raw_count,"""Claude 3""",ok,2026-07-08,NOT_AUDITED
Claude 3,2024-03-04,2025-01-20,322,39,raw_count,"""Claude 3""",ok,2026-07-08,NOT_AUDITED
Claude 3,2024-03-04,2025-01-27,329,66,raw_count,"""Claude 3""",ok,2026-07-08,NOT_AUDITED
Claude 3,2024-03-04,2025-02-03,336,33,raw_count,"""Claude 3""",ok,2026-07-08,NOT_AUDITED
Claude 3,2024-03-04,2025-02-10,343,25,raw_count,"""Claude 3""",ok,2026-07-08,NOT_AUDITED
Claude 3,2024-03-04,2025-02-17,350,32,raw_count,"""Claude 3""",ok,2026-07-08,NOT_AUDITED
Claude 3,2024-03-04,2025-02-24,357,85,raw_count,"""Claude 3""",ok,2026-07-08,NOT_AUDITED
Claude 3,2024-03-04,2025-03-03,364,62,raw_count,"""Claude 3""",ok,2026-07-08,NOT_AUDITED
Claude 3,2024-03-04,2025-03-10,371,33,raw_count,"""Claude 3""",ok,2026-07-08,NOT_AUDITED
Claude 3,2024-03-04,2025-03-17,378,32,raw_count,"""Claude 3""",ok,2026-07-08,NOT_AUDITED
Claude 3,2024-03-04,2025-03-24,385,54,raw_count,"""Claude 3""",ok,2026-07-08,NOT_AUDITED
Claude 3,2024-03-04,2025-03-31,392,33,raw_count,"""Claude 3""",ok,2026-07-08,NOT_AUDITED
Claude 3,2024-03-04,2025-04-07,399,40,raw_count,"""Claude 3""",ok,2026-07-08,NOT_AUDITED
Claude 3,2024-03-04,2025-04-14,406,45,raw_count,"""Claude 3""",ok,2026-07-08,NOT_AUDITED
Claude 3,2024-03-04,2025-04-21,413,25,raw_count,"""Claude 3""",ok,2026-07-08,NOT_AUDITED
Claude 3,2024-03-04,2025-04-28,420,24,raw_count,"""Claude 3""",ok,2026-07-08,NOT_AUDITED
Claude 3,2024-03-04,2025-05-05,427,35,raw_count,"""Claude 3""",ok,2026-07-08,NOT_AUDITED
Claude 3,2024-03-04,2025-05-12,434,28,raw_count,"""Claude 3""",ok,2026-07-08,NOT_AUDITED
Claude 3,2024-03-04,2025-05-19,441,28,raw_count,"""Claude 3""",ok,2026-07-08,NOT_AUDITED
Claude 3,2024-03-04,2025-05-26,448,28,raw_count,"""Claude 3""",ok,2026-07-08,NOT_AUDITED
Claude 3,2024-03-04,2025-06-02,455,33,raw_count,"""Claude 3""",ok,2026-07-08,NOT_AUDITED
Claude 3,2024-03-04,2025-06-09,462,18,raw_count,"""Claude 3""",ok,2026-07-08,NOT_AUDITED
Claude 3,2024-03-04,2025-06-16,469,0,raw_count,"""Claude 3""",ok,2026-07-08,NOT_AUDITED
Claude 3,2024-03-04,2025-06-23,476,0,raw_count,"""Claude 3""",ok,2026-07-08,NOT_AUDITED
Claude 3,2024-03-04,2025-06-30,483,6,raw_count,"""Claude 3""",ok,2026-07-08,NOT_AUDITED
Claude 3,2024-03-04,2025-07-07,490,14,raw_count,"""Claude 3""",ok,2026-07-08,NOT_AUDITED
Claude 3,2024-03-04,2025-07-14,497,21,raw_count,"""Claude 3""",ok,2026-07-08,NOT_AUDITED
Claude 3,2024-03-04,2025-07-21,504,13,raw_count,"""Claude 3""",ok,2026-07-08,NOT_AUDITED
Claude 3,2024-03-04,2025-07-28,511,23,raw_count,"""Claude 3""",ok,2026-07-08,NOT_AUDITED
Claude 3,2024-03-04,2025-08-04,518,15,raw_count,"""Claude 3""",ok,2026-07-08,NOT_AUDITED
Claude 3,2024-03-04,2025-08-11,525,12,raw_count,"""Claude 3""",ok,2026-07-08,NOT_AUDITED
Claude 3,2024-03-04,2025-08-18,532,11,raw_count,"""Claude 3""",ok,2026-07-08,NOT_AUDITED
Claude 3,2024-03-04,2025-08-25,539,12,raw_count,"""Claude 3""",ok,2026-07-08,NOT_AUDITED
Claude 3,2024-03-04,2025-09-01,546,9,raw_count,"""Claude 3""",ok,2026-07-08,NOT_AUDITED
Claude 3,2024-03-04,2025-09-08,553,4,raw_count,"""Claude 3""",ok,2026-07-08,NOT_AUDITED
Claude 3,2024-03-04,2025-09-15,560,7,raw_count,"""Claude 3""",ok,2026-07-08,NOT_AUDITED
Claude 3,2024-03-04,2025-09-22,567,6,raw_count,"""Claude 3""",ok,2026-07-08,NOT_AUDITED
Claude 3,2024-03-04,2025-09-29,574,4,raw_count,"""Claude 3""",ok,2026-07-08,NOT_AUDITED
Claude 3,2024-03-04,2025-10-06,581,35,raw_count,"""Claude 3""",ok,2026-07-08,NOT_AUDITED
Claude 3,2024-03-04,2025-10-13,588,11,raw_count,"""Claude 3""",ok,2026-07-08,NOT_AUDITED
Claude 3,2024-03-04,2025-10-20,595,6,raw_count,"""Claude 3""",ok,2026-07-08,NOT_AUDITED
Claude 3,2024-03-04,2025-10-27,602,9,raw_count,"""Claude 3""",ok,2026-07-08,NOT_AUDITED
Claude 3,2024-03-04,2025-11-03,609,4,raw_count,"""Claude 3""",ok,2026-07-08,NOT_AUDITED
Claude 3,2024-03-04,2025-11-10,616,6,raw_count,"""Claude 3""",ok,2026-07-08,NOT_AUDITED
Claude 3,2024-03-04,2025-11-17,623,6,raw_count,"""Claude 3""",ok,2026-07-08,NOT_AUDITED
Claude 3,2024-03-04,2025-11-24,630,15,raw_count,"""Claude 3""",ok,2026-07-08,NOT_AUDITED
Claude 3,2024-03-04,2025-12-01,637,7,raw_count,"""Claude 3""",ok,2026-07-08,NOT_AUDITED
Claude 3,2024-03-04,2025-12-08,644,5,raw_count,"""Claude 3""",ok,2026-07-08,NOT_AUDITED
Claude 3,2024-03-04,2025-12-15,651,6,raw_count,"""Claude 3""",ok,2026-07-08,NOT_AUDITED
Claude 3,2024-03-04,2025-12-22,658,4,raw_count,"""Claude 3""",ok,2026-07-08,NOT_AUDITED
Claude 3,2024-03-04,2025-12-29,665,9,raw_count,"""Claude 3""",ok,2026-07-08,NOT_AUDITED
Claude 3,2024-03-04,2026-01-05,672,8,raw_count,"""Claude 3""",ok,2026-07-08,NOT_AUDITED
Claude 3,2024-03-04,2026-01-12,679,10,raw_count,"""Claude 3""",ok,2026-07-08,NOT_AUDITED
Claude 3,2024-03-04,2026-01-19,686,8,raw_count,"""Claude 3""",ok,2026-07-08,NOT_AUDITED
Claude 3,2024-03-04,2026-01-26,693,6,raw_count,"""Claude 3""",ok,2026-07-08,NOT_AUDITED
Claude 3,2024-03-04,2026-02-02,700,3,raw_count,"""Claude 3""",ok,2026-07-08,NOT_AUDITED
Claude 3,2024-03-04,2026-02-09,707,2,raw_count,"""Claude 3""",ok,2026-07-08,NOT_AUDITED
Claude 3,2024-03-04,2026-02-16,714,12,raw_count,"""Claude 3""",ok,2026-07-08,NOT_AUDITED
Claude 3,2024-03-04,2026-02-23,721,6,raw_count,"""Claude 3""",ok,2026-07-08,NOT_AUDITED
Claude 3,2024-03-04,2026-03-02,728,7,raw_count,"""Claude 3""",ok,2026-07-08,NOT_AUDITED
Claude 3,2024-03-04,2026-03-09,735,7,raw_count,"""Claude 3""",ok,2026-07-08,NOT_AUDITED
Claude 3,2024-03-04,2026-03-16,742,0,raw_count,"""Claude 3""",ok,2026-07-08,NOT_AUDITED
Claude 3,2024-03-04,2026-03-23,749,4,raw_count,"""Claude 3""",ok,2026-07-08,NOT_AUDITED
Claude 3,2024-03-04,2026-03-30,756,4,raw_count,"""Claude 3""",ok,2026-07-08,NOT_AUDITED
Claude 3,2024-03-04,2026-04-06,763,4,raw_count,"""Claude 3""",ok,2026-07-08,NOT_AUDITED
Claude 3,2024-03-04,2026-04-13,770,3,raw_count,"""Claude 3""",ok,2026-07-08,NOT_AUDITED
Claude 3,2024-03-04,2026-04-20,777,4,raw_count,"""Claude 3""",ok,2026-07-08,NOT_AUDITED
Claude 3,2024-03-04,2026-04-27,784,6,raw_count,"""Claude 3""",ok,2026-07-08,NOT_AUDITED
Claude 3,2024-03-04,2026-05-04,791,6,raw_count,"""Claude 3""",ok,2026-07-08,NOT_AUDITED
Claude 3,2024-03-04,2026-05-11,798,4,raw_count,"""Claude 3""",ok,2026-07-08,NOT_AUDITED
Claude 3,2024-03-04,2026-05-18,805,4,raw_count,"""Claude 3""",ok,2026-07-08,NOT_AUDITED
Claude 3,2024-03-04,2026-05-25,812,4,raw_count,"""Claude 3""",ok,2026-07-08,NOT_AUDITED
Claude 3,2024-03-04,2026-06-01,819,5,raw_count,"""Claude 3""",ok,2026-07-08,NOT_AUDITED
Claude 3,2024-03-04,2026-06-08,826,2,raw_count,"""Claude 3""",ok,2026-07-08,NOT_AUDITED
Claude 3,2024-03-04,2026-06-15,833,6,raw_count,"""Claude 3""",ok,2026-07-08,NOT_AUDITED
Claude 3,2024-03-04,2026-06-22,840,2,raw_count,"""Claude 3""",ok,2026-07-08,NOT_AUDITED
Claude 3,2024-03-04,2026-06-29,847,1,raw_count,"""Claude 3""",ok,2026-07-08,NOT_AUDITED
AlphaFold 3,2024-05-08,2024-04-08,-30,0,raw_count,"""AlphaFold 3""",ok,2026-07-08,NOT_AUDITED
AlphaFold 3,2024-05-08,2024-04-15,-23,0,raw_count,"""AlphaFold 3""",ok,2026-07-08,NOT_AUDITED
AlphaFold 3,2024-05-08,2024-04-22,-16,0,raw_count,"""AlphaFold 3""",ok,2026-07-08,NOT_AUDITED
AlphaFold 3,2024-05-08,2024-04-29,-9,0,raw_count,"""AlphaFold 3""",ok,2026-07-08,NOT_AUDITED
AlphaFold 3,2024-05-08,2024-05-06,-2,36,raw_count,"""AlphaFold 3""",ok,2026-07-08,NOT_AUDITED
AlphaFold 3,2024-05-08,2024-05-13,5,7,raw_count,"""AlphaFold 3""",ok,2026-07-08,NOT_AUDITED
AlphaFold 3,2024-05-08,2024-05-20,12,7,raw_count,"""AlphaFold 3""",ok,2026-07-08,NOT_AUDITED
AlphaFold 3,2024-05-08,2024-05-27,19,2,raw_count,"""AlphaFold 3""",ok,2026-07-08,NOT_AUDITED
AlphaFold 3,2024-05-08,2024-06-03,26,1,raw_count,"""AlphaFold 3""",ok,2026-07-08,NOT_AUDITED
AlphaFold 3,2024-05-08,2024-06-10,33,1,raw_count,"""AlphaFold 3""",ok,2026-07-08,NOT_AUDITED
AlphaFold 3,2024-05-08,2024-06-17,40,2,raw_count,"""AlphaFold 3""",ok,2026-07-08,NOT_AUDITED
AlphaFold 3,2024-05-08,2024-06-24,47,3,raw_count,"""AlphaFold 3""",ok,2026-07-08,NOT_AUDITED
AlphaFold 3,2024-05-08,2024-07-01,54,1,raw_count,"""AlphaFold 3""",ok,2026-07-08,NOT_AUDITED
AlphaFold 3,2024-05-08,2024-07-08,61,1,raw_count,"""AlphaFold 3""",ok,2026-07-08,NOT_AUDITED
AlphaFold 3,2024-05-08,2024-07-15,68,0,raw_count,"""AlphaFold 3""",ok,2026-07-08,NOT_AUDITED
AlphaFold 3,2024-05-08,2024-07-22,75,0,raw_count,"""AlphaFold 3""",ok,2026-07-08,NOT_AUDITED
AlphaFold 3,2024-05-08,2024-07-29,82,0,raw_count,"""AlphaFold 3""",ok,2026-07-08,NOT_AUDITED
AlphaFold 3,2024-05-08,2024-08-05,89,2,raw_count,"""AlphaFold 3""",ok,2026-07-08,NOT_AUDITED
AlphaFold 3,2024-05-08,2024-08-12,96,0,raw_count,"""AlphaFold 3""",ok,2026-07-08,NOT_AUDITED
AlphaFold 3,2024-05-08,2024-08-19,103,0,raw_count,"""AlphaFold 3""",ok,2026-07-08,NOT_AUDITED
AlphaFold 3,2024-05-08,2024-08-26,110,0,raw_count,"""AlphaFold 3""",ok,2026-07-08,NOT_AUDITED
AlphaFold 3,2024-05-08,2024-09-02,117,4,raw_count,"""AlphaFold 3""",ok,2026-07-08,NOT_AUDITED
AlphaFold 3,2024-05-08,2024-09-09,124,1,raw_count,"""AlphaFold 3""",ok,2026-07-08,NOT_AUDITED
AlphaFold 3,2024-05-08,2024-09-16,131,1,raw_count,"""AlphaFold 3""",ok,2026-07-08,NOT_AUDITED
AlphaFold 3,2024-05-08,2024-09-23,138,2,raw_count,"""AlphaFold 3""",ok,2026-07-08,NOT_AUDITED
AlphaFold 3,2024-05-08,2024-09-30,145,0,raw_count,"""AlphaFold 3""",ok,2026-07-08,NOT_AUDITED
AlphaFold 3,2024-05-08,2024-10-07,152,2,raw_count,"""AlphaFold 3""",ok,2026-07-08,NOT_AUDITED
AlphaFold 3,2024-05-08,2024-10-14,159,2,raw_count,"""AlphaFold 3""",ok,2026-07-08,NOT_AUDITED
AlphaFold 3,2024-05-08,2024-10-21,166,0,raw_count,"""AlphaFold 3""",ok,2026-07-08,NOT_AUDITED
AlphaFold 3,2024-05-08,2024-10-28,173,2,raw_count,"""AlphaFold 3""",ok,2026-07-08,NOT_AUDITED
AlphaFold 3,2024-05-08,2024-11-04,180,0,raw_count,"""AlphaFold 3""",ok,2026-07-08,NOT_AUDITED
AlphaFold 3,2024-05-08,2024-11-11,187,5,raw_count,"""AlphaFold 3""",ok,2026-07-08,NOT_AUDITED
AlphaFold 3,2024-05-08,2024-11-18,194,0,raw_count,"""AlphaFold 3""",ok,2026-07-08,NOT_AUDITED
AlphaFold 3,2024-05-08,2024-11-25,201,0,raw_count,"""AlphaFold 3""",ok,2026-07-08,NOT_AUDITED
AlphaFold 3,2024-05-08,2024-12-02,208,0,raw_count,"""AlphaFold 3""",ok,2026-07-08,NOT_AUDITED
AlphaFold 3,2024-05-08,2024-12-09,215,1,raw_count,"""AlphaFold 3""",ok,2026-07-08,NOT_AUDITED
AlphaFold 3,2024-05-08,2024-12-16,222,2,raw_count,"""AlphaFold 3""",ok,2026-07-08,NOT_AUDITED
AlphaFold 3,2024-05-08,2024-12-23,229,0,raw_count,"""AlphaFold 3""",ok,2026-07-08,NOT_AUDITED
AlphaFold 3,2024-05-08,2024-12-30,236,0,raw_count,"""AlphaFold 3""",ok,2026-07-08,NOT_AUDITED
AlphaFold 3,2024-05-08,2025-01-06,243,1,raw_count,"""AlphaFold 3""",ok,2026-07-08,NOT_AUDITED
AlphaFold 3,2024-05-08,2025-01-13,250,0,raw_count,"""AlphaFold 3""",ok,2026-07-08,NOT_AUDITED
AlphaFold 3,2024-05-08,2025-01-20,257,0,raw_count,"""AlphaFold 3""",ok,2026-07-08,NOT_AUDITED
AlphaFold 3,2024-05-08,2025-01-27,264,0,raw_count,"""AlphaFold 3""",ok,2026-07-08,NOT_AUDITED
AlphaFold 3,2024-05-08,2025-02-03,271,0,raw_count,"""AlphaFold 3""",ok,2026-07-08,NOT_AUDITED
AlphaFold 3,2024-05-08,2025-02-10,278,0,raw_count,"""AlphaFold 3""",ok,2026-07-08,NOT_AUDITED
AlphaFold 3,2024-05-08,2025-02-17,285,1,raw_count,"""AlphaFold 3""",ok,2026-07-08,NOT_AUDITED
AlphaFold 3,2024-05-08,2025-02-24,292,2,raw_count,"""AlphaFold 3""",ok,2026-07-08,NOT_AUDITED
AlphaFold 3,2024-05-08,2025-03-03,299,0,raw_count,"""AlphaFold 3""",ok,2026-07-08,NOT_AUDITED
AlphaFold 3,2024-05-08,2025-03-10,306,0,raw_count,"""AlphaFold 3""",ok,2026-07-08,NOT_AUDITED
AlphaFold 3,2024-05-08,2025-03-17,313,1,raw_count,"""AlphaFold 3""",ok,2026-07-08,NOT_AUDITED
AlphaFold 3,2024-05-08,2025-03-24,320,3,raw_count,"""AlphaFold 3""",ok,2026-07-08,NOT_AUDITED
AlphaFold 3,2024-05-08,2025-03-31,327,4,raw_count,"""AlphaFold 3""",ok,2026-07-08,NOT_AUDITED
AlphaFold 3,2024-05-08,2025-04-07,334,1,raw_count,"""AlphaFold 3""",ok,2026-07-08,NOT_AUDITED
AlphaFold 3,2024-05-08,2025-04-14,341,0,raw_count,"""AlphaFold 3""",ok,2026-07-08,NOT_AUDITED
AlphaFold 3,2024-05-08,2025-04-21,348,2,raw_count,"""AlphaFold 3""",ok,2026-07-08,NOT_AUDITED
AlphaFold 3,2024-05-08,2025-04-28,355,0,raw_count,"""AlphaFold 3""",ok,2026-07-08,NOT_AUDITED
AlphaFold 3,2024-05-08,2025-05-05,362,3,raw_count,"""AlphaFold 3""",ok,2026-07-08,NOT_AUDITED
AlphaFold 3,2024-05-08,2025-05-12,369,0,raw_count,"""AlphaFold 3""",ok,2026-07-08,NOT_AUDITED
AlphaFold 3,2024-05-08,2025-05-19,376,0,raw_count,"""AlphaFold 3""",ok,2026-07-08,NOT_AUDITED
AlphaFold 3,2024-05-08,2025-05-26,383,0,raw_count,"""AlphaFold 3""",ok,2026-07-08,NOT_AUDITED
AlphaFold 3,2024-05-08,2025-06-02,390,1,raw_count,"""AlphaFold 3""",ok,2026-07-08,NOT_AUDITED
AlphaFold 3,2024-05-08,2025-06-09,397,4,raw_count,"""AlphaFold 3""",ok,2026-07-08,NOT_AUDITED
AlphaFold 3,2024-05-08,2025-06-16,404,0,raw_count,"""AlphaFold 3""",ok,2026-07-08,NOT_AUDITED
AlphaFold 3,2024-05-08,2025-06-23,411,0,raw_count,"""AlphaFold 3""",ok,2026-07-08,NOT_AUDITED
AlphaFold 3,2024-05-08,2025-06-30,418,2,raw_count,"""AlphaFold 3""",ok,2026-07-08,NOT_AUDITED
AlphaFold 3,2024-05-08,2025-07-07,425,4,raw_count,"""AlphaFold 3""",ok,2026-07-08,NOT_AUDITED
AlphaFold 3,2024-05-08,2025-07-14,432,0,raw_count,"""AlphaFold 3""",ok,2026-07-08,NOT_AUDITED
AlphaFold 3,2024-05-08,2025-07-21,439,1,raw_count,"""AlphaFold 3""",ok,2026-07-08,NOT_AUDITED
AlphaFold 3,2024-05-08,2025-07-28,446,0,raw_count,"""AlphaFold 3""",ok,2026-07-08,NOT_AUDITED
AlphaFold 3,2024-05-08,2025-08-04,453,0,raw_count,"""AlphaFold 3""",ok,2026-07-08,NOT_AUDITED
AlphaFold 3,2024-05-08,2025-08-11,460,0,raw_count,"""AlphaFold 3""",ok,2026-07-08,NOT_AUDITED
AlphaFold 3,2024-05-08,2025-08-18,467,0,raw_count,"""AlphaFold 3""",ok,2026-07-08,NOT_AUDITED
AlphaFold 3,2024-05-08,2025-08-25,474,1,raw_count,"""AlphaFold 3""",ok,2026-07-08,NOT_AUDITED
AlphaFold 3,2024-05-08,2025-09-01,481,0,raw_count,"""AlphaFold 3""",ok,2026-07-08,NOT_AUDITED
AlphaFold 3,2024-05-08,2025-09-08,488,1,raw_count,"""AlphaFold 3""",ok,2026-07-08,NOT_AUDITED
AlphaFold 3,2024-05-08,2025-09-15,495,0,raw_count,"""AlphaFold 3""",ok,2026-07-08,NOT_AUDITED
AlphaFold 3,2024-05-08,2025-09-22,502,0,raw_count,"""AlphaFold 3""",ok,2026-07-08,NOT_AUDITED
AlphaFold 3,2024-05-08,2025-09-29,509,0,raw_count,"""AlphaFold 3""",ok,2026-07-08,NOT_AUDITED
AlphaFold 3,2024-05-08,2025-10-06,516,1,raw_count,"""AlphaFold 3""",ok,2026-07-08,NOT_AUDITED
AlphaFold 3,2024-05-08,2025-10-13,523,0,raw_count,"""AlphaFold 3""",ok,2026-07-08,NOT_AUDITED
AlphaFold 3,2024-05-08,2025-10-20,530,0,raw_count,"""AlphaFold 3""",ok,2026-07-08,NOT_AUDITED
AlphaFold 3,2024-05-08,2025-10-27,537,0,raw_count,"""AlphaFold 3""",ok,2026-07-08,NOT_AUDITED
AlphaFold 3,2024-05-08,2025-11-03,544,1,raw_count,"""AlphaFold 3""",ok,2026-07-08,NOT_AUDITED
AlphaFold 3,2024-05-08,2025-11-10,551,1,raw_count,"""AlphaFold 3""",ok,2026-07-08,NOT_AUDITED
AlphaFold 3,2024-05-08,2025-11-17,558,1,raw_count,"""AlphaFold 3""",ok,2026-07-08,NOT_AUDITED
AlphaFold 3,2024-05-08,2025-11-24,565,3,raw_count,"""AlphaFold 3""",ok,2026-07-08,NOT_AUDITED
AlphaFold 3,2024-05-08,2025-12-01,572,1,raw_count,"""AlphaFold 3""",ok,2026-07-08,NOT_AUDITED
AlphaFold 3,2024-05-08,2025-12-08,579,3,raw_count,"""AlphaFold 3""",ok,2026-07-08,NOT_AUDITED
AlphaFold 3,2024-05-08,2025-12-15,586,0,raw_count,"""AlphaFold 3""",ok,2026-07-08,NOT_AUDITED
AlphaFold 3,2024-05-08,2025-12-22,593,2,raw_count,"""AlphaFold 3""",ok,2026-07-08,NOT_AUDITED
AlphaFold 3,2024-05-08,2025-12-29,600,0,raw_count,"""AlphaFold 3""",ok,2026-07-08,NOT_AUDITED
AlphaFold 3,2024-05-08,2026-01-05,607,1,raw_count,"""AlphaFold 3""",ok,2026-07-08,NOT_AUDITED
AlphaFold 3,2024-05-08,2026-01-12,614,0,raw_count,"""AlphaFold 3""",ok,2026-07-08,NOT_AUDITED
AlphaFold 3,2024-05-08,2026-01-19,621,1,raw_count,"""AlphaFold 3""",ok,2026-07-08,NOT_AUDITED
AlphaFold 3,2024-05-08,2026-01-26,628,1,raw_count,"""AlphaFold 3""",ok,2026-07-08,NOT_AUDITED
AlphaFold 3,2024-05-08,2026-02-02,635,0,raw_count,"""AlphaFold 3""",ok,2026-07-08,NOT_AUDITED
AlphaFold 3,2024-05-08,2026-02-09,642,4,raw_count,"""AlphaFold 3""",ok,2026-07-08,NOT_AUDITED
AlphaFold 3,2024-05-08,2026-02-16,649,3,raw_count,"""AlphaFold 3""",ok,2026-07-08,NOT_AUDITED
AlphaFold 3,2024-05-08,2026-02-23,656,0,raw_count,"""AlphaFold 3""",ok,2026-07-08,NOT_AUDITED
AlphaFold 3,2024-05-08,2026-03-02,663,0,raw_count,"""AlphaFold 3""",ok,2026-07-08,NOT_AUDITED
AlphaFold 3,2024-05-08,2026-03-09,670,1,raw_count,"""AlphaFold 3""",ok,2026-07-08,NOT_AUDITED
AlphaFold 3,2024-05-08,2026-03-16,677,0,raw_count,"""AlphaFold 3""",ok,2026-07-08,NOT_AUDITED
AlphaFold 3,2024-05-08,2026-03-23,684,0,raw_count,"""AlphaFold 3""",ok,2026-07-08,NOT_AUDITED
AlphaFold 3,2024-05-08,2026-03-30,691,0,raw_count,"""AlphaFold 3""",ok,2026-07-08,NOT_AUDITED
AlphaFold 3,2024-05-08,2026-04-06,698,1,raw_count,"""AlphaFold 3""",ok,2026-07-08,NOT_AUDITED
AlphaFold 3,2024-05-08,2026-04-13,705,0,raw_count,"""AlphaFold 3""",ok,2026-07-08,NOT_AUDITED
AlphaFold 3,2024-05-08,2026-04-20,712,2,raw_count,"""AlphaFold 3""",ok,2026-07-08,NOT_AUDITED
AlphaFold 3,2024-05-08,2026-04-27,719,2,raw_count,"""AlphaFold 3""",ok,2026-07-08,NOT_AUDITED
AlphaFold 3,2024-05-08,2026-05-04,726,0,raw_count,"""AlphaFold 3""",ok,2026-07-08,NOT_AUDITED
AlphaFold 3,2024-05-08,2026-05-11,733,1,raw_count,"""AlphaFold 3""",ok,2026-07-08,NOT_AUDITED
AlphaFold 3,2024-05-08,2026-05-18,740,2,raw_count,"""AlphaFold 3""",ok,2026-07-08,NOT_AUDITED
AlphaFold 3,2024-05-08,2026-05-25,747,0,raw_count,"""AlphaFold 3""",ok,2026-07-08,NOT_AUDITED
AlphaFold 3,2024-05-08,2026-06-01,754,1,raw_count,"""AlphaFold 3""",ok,2026-07-08,NOT_AUDITED
AlphaFold 3,2024-05-08,2026-06-08,761,0,raw_count,"""AlphaFold 3""",ok,2026-07-08,NOT_AUDITED
AlphaFold 3,2024-05-08,2026-06-15,768,1,raw_count,"""AlphaFold 3""",ok,2026-07-08,NOT_AUDITED
AlphaFold 3,2024-05-08,2026-06-22,775,0,raw_count,"""AlphaFold 3""",ok,2026-07-08,NOT_AUDITED
AlphaFold 3,2024-05-08,2026-06-29,782,0,raw_count,"""AlphaFold 3""",ok,2026-07-08,NOT_AUDITED
GPT-4o,2024-05-13,2024-04-15,-28,0,raw_count,"""GPT-4o""",ok,2026-07-08,NOT_AUDITED
GPT-4o,2024-05-13,2024-04-22,-21,0,raw_count,"""GPT-4o""",ok,2026-07-08,NOT_AUDITED
GPT-4o,2024-05-13,2024-04-29,-14,0,raw_count,"""GPT-4o""",ok,2026-07-08,NOT_AUDITED
GPT-4o,2024-05-13,2024-05-06,-7,0,raw_count,"""GPT-4o""",ok,2026-07-08,NOT_AUDITED
GPT-4o,2024-05-13,2024-05-13,0,734,raw_count,"""GPT-4o""",ok,2026-07-08,NOT_AUDITED
GPT-4o,2024-05-13,2024-05-20,7,646,raw_count,"""GPT-4o""",ok,2026-07-08,NOT_AUDITED
GPT-4o,2024-05-13,2024-05-27,14,117,raw_count,"""GPT-4o""",ok,2026-07-08,NOT_AUDITED
GPT-4o,2024-05-13,2024-06-03,21,58,raw_count,"""GPT-4o""",ok,2026-07-08,NOT_AUDITED
GPT-4o,2024-05-13,2024-06-10,28,219,raw_count,"""GPT-4o""",ok,2026-07-08,NOT_AUDITED
GPT-4o,2024-05-13,2024-06-17,35,125,raw_count,"""GPT-4o""",ok,2026-07-08,NOT_AUDITED
GPT-4o,2024-05-13,2024-06-24,42,91,raw_count,"""GPT-4o""",ok,2026-07-08,NOT_AUDITED
GPT-4o,2024-05-13,2024-07-01,49,56,raw_count,"""GPT-4o""",ok,2026-07-08,NOT_AUDITED
GPT-4o,2024-05-13,2024-07-08,56,62,raw_count,"""GPT-4o""",ok,2026-07-08,NOT_AUDITED
GPT-4o,2024-05-13,2024-07-15,63,98,raw_count,"""GPT-4o""",ok,2026-07-08,NOT_AUDITED
GPT-4o,2024-05-13,2024-07-22,70,99,raw_count,"""GPT-4o""",ok,2026-07-08,NOT_AUDITED
GPT-4o,2024-05-13,2024-07-29,77,63,raw_count,"""GPT-4o""",ok,2026-07-08,NOT_AUDITED
GPT-4o,2024-05-13,2024-08-05,84,68,raw_count,"""GPT-4o""",ok,2026-07-08,NOT_AUDITED
GPT-4o,2024-05-13,2024-08-12,91,53,raw_count,"""GPT-4o""",ok,2026-07-08,NOT_AUDITED
GPT-4o,2024-05-13,2024-08-19,98,40,raw_count,"""GPT-4o""",ok,2026-07-08,NOT_AUDITED
GPT-4o,2024-05-13,2024-08-26,105,56,raw_count,"""GPT-4o""",ok,2026-07-08,NOT_AUDITED
GPT-4o,2024-05-13,2024-09-02,112,45,raw_count,"""GPT-4o""",ok,2026-07-08,NOT_AUDITED
GPT-4o,2024-05-13,2024-09-09,119,111,raw_count,"""GPT-4o""",ok,2026-07-08,NOT_AUDITED
GPT-4o,2024-05-13,2024-09-16,126,48,raw_count,"""GPT-4o""",ok,2026-07-08,NOT_AUDITED
GPT-4o,2024-05-13,2024-09-23,133,62,raw_count,"""GPT-4o""",ok,2026-07-08,NOT_AUDITED
GPT-4o,2024-05-13,2024-09-30,140,64,raw_count,"""GPT-4o""",ok,2026-07-08,NOT_AUDITED
GPT-4o,2024-05-13,2024-10-07,147,35,raw_count,"""GPT-4o""",ok,2026-07-08,NOT_AUDITED
GPT-4o,2024-05-13,2024-10-14,154,35,raw_count,"""GPT-4o""",ok,2026-07-08,NOT_AUDITED
GPT-4o,2024-05-13,2024-10-21,161,28,raw_count,"""GPT-4o""",ok,2026-07-08,NOT_AUDITED
GPT-4o,2024-05-13,2024-10-28,168,82,raw_count,"""GPT-4o""",ok,2026-07-08,NOT_AUDITED
GPT-4o,2024-05-13,2024-11-04,175,31,raw_count,"""GPT-4o""",ok,2026-07-08,NOT_AUDITED
GPT-4o,2024-05-13,2024-11-11,182,22,raw_count,"""GPT-4o""",ok,2026-07-08,NOT_AUDITED
GPT-4o,2024-05-13,2024-11-18,189,39,raw_count,"""GPT-4o""",ok,2026-07-08,NOT_AUDITED
GPT-4o,2024-05-13,2024-11-25,196,53,raw_count,"""GPT-4o""",ok,2026-07-08,NOT_AUDITED
GPT-4o,2024-05-13,2024-12-02,203,73,raw_count,"""GPT-4o""",ok,2026-07-08,NOT_AUDITED
GPT-4o,2024-05-13,2024-12-09,210,47,raw_count,"""GPT-4o""",ok,2026-07-08,NOT_AUDITED
GPT-4o,2024-05-13,2024-12-16,217,51,raw_count,"""GPT-4o""",ok,2026-07-08,NOT_AUDITED
GPT-4o,2024-05-13,2024-12-23,224,36,raw_count,"""GPT-4o""",ok,2026-07-08,NOT_AUDITED
GPT-4o,2024-05-13,2024-12-30,231,40,raw_count,"""GPT-4o""",ok,2026-07-08,NOT_AUDITED
GPT-4o,2024-05-13,2025-01-06,238,30,raw_count,"""GPT-4o""",ok,2026-07-08,NOT_AUDITED
GPT-4o,2024-05-13,2025-01-13,245,28,raw_count,"""GPT-4o""",ok,2026-07-08,NOT_AUDITED
GPT-4o,2024-05-13,2025-01-20,252,58,raw_count,"""GPT-4o""",ok,2026-07-08,NOT_AUDITED
GPT-4o,2024-05-13,2025-01-27,259,133,raw_count,"""GPT-4o""",ok,2026-07-08,NOT_AUDITED
GPT-4o,2024-05-13,2025-02-03,266,49,raw_count,"""GPT-4o""",ok,2026-07-08,NOT_AUDITED
GPT-4o,2024-05-13,2025-02-10,273,54,raw_count,"""GPT-4o""",ok,2026-07-08,NOT_AUDITED
GPT-4o,2024-05-13,2025-02-17,280,83,raw_count,"""GPT-4o""",ok,2026-07-08,NOT_AUDITED
GPT-4o,2024-05-13,2025-02-24,287,77,raw_count,"""GPT-4o""",ok,2026-07-08,NOT_AUDITED
GPT-4o,2024-05-13,2025-03-03,294,39,raw_count,"""GPT-4o""",ok,2026-07-08,NOT_AUDITED
GPT-4o,2024-05-13,2025-03-10,301,32,raw_count,"""GPT-4o""",ok,2026-07-08,NOT_AUDITED
GPT-4o,2024-05-13,2025-03-17,308,33,raw_count,"""GPT-4o""",ok,2026-07-08,NOT_AUDITED
GPT-4o,2024-05-13,2025-03-24,315,167,raw_count,"""GPT-4o""",ok,2026-07-08,NOT_AUDITED
GPT-4o,2024-05-13,2025-03-31,322,143,raw_count,"""GPT-4o""",ok,2026-07-08,NOT_AUDITED
GPT-4o,2024-05-13,2025-04-07,329,83,raw_count,"""GPT-4o""",ok,2026-07-08,NOT_AUDITED
GPT-4o,2024-05-13,2025-04-14,336,88,raw_count,"""GPT-4o""",ok,2026-07-08,NOT_AUDITED
GPT-4o,2024-05-13,2025-04-21,343,45,raw_count,"""GPT-4o""",ok,2026-07-08,NOT_AUDITED
GPT-4o,2024-05-13,2025-04-28,350,84,raw_count,"""GPT-4o""",ok,2026-07-08,NOT_AUDITED
GPT-4o,2024-05-13,2025-05-05,357,48,raw_count,"""GPT-4o""",ok,2026-07-08,NOT_AUDITED
GPT-4o,2024-05-13,2025-05-12,364,34,raw_count,"""GPT-4o""",ok,2026-07-08,NOT_AUDITED
GPT-4o,2024-05-13,2025-05-19,371,35,raw_count,"""GPT-4o""",ok,2026-07-08,NOT_AUDITED
GPT-4o,2024-05-13,2025-05-26,378,30,raw_count,"""GPT-4o""",ok,2026-07-08,NOT_AUDITED
GPT-4o,2024-05-13,2025-06-02,385,30,raw_count,"""GPT-4o""",ok,2026-07-08,NOT_AUDITED
GPT-4o,2024-05-13,2025-06-09,392,26,raw_count,"""GPT-4o""",ok,2026-07-08,NOT_AUDITED
GPT-4o,2024-05-13,2025-06-16,399,0,raw_count,"""GPT-4o""",ok,2026-07-08,NOT_AUDITED
GPT-4o,2024-05-13,2025-06-23,406,0,raw_count,"""GPT-4o""",ok,2026-07-08,NOT_AUDITED
GPT-4o,2024-05-13,2025-06-30,413,18,raw_count,"""GPT-4o""",ok,2026-07-08,NOT_AUDITED
GPT-4o,2024-05-13,2025-07-07,420,38,raw_count,"""GPT-4o""",ok,2026-07-08,NOT_AUDITED
GPT-4o,2024-05-13,2025-07-14,427,43,raw_count,"""GPT-4o""",ok,2026-07-08,NOT_AUDITED
GPT-4o,2024-05-13,2025-07-21,434,26,raw_count,"""GPT-4o""",ok,2026-07-08,NOT_AUDITED
GPT-4o,2024-05-13,2025-07-28,441,32,raw_count,"""GPT-4o""",ok,2026-07-08,NOT_AUDITED
GPT-4o,2024-05-13,2025-08-04,448,150,raw_count,"""GPT-4o""",ok,2026-07-08,NOT_AUDITED
GPT-4o,2024-05-13,2025-08-11,455,128,raw_count,"""GPT-4o""",ok,2026-07-08,NOT_AUDITED
GPT-4o,2024-05-13,2025-08-18,462,58,raw_count,"""GPT-4o""",ok,2026-07-08,NOT_AUDITED
GPT-4o,2024-05-13,2025-08-25,469,84,raw_count,"""GPT-4o""",ok,2026-07-08,NOT_AUDITED
GPT-4o,2024-05-13,2025-09-01,476,59,raw_count,"""GPT-4o""",ok,2026-07-08,NOT_AUDITED
GPT-4o,2024-05-13,2025-09-08,483,21,raw_count,"""GPT-4o""",ok,2026-07-08,NOT_AUDITED
GPT-4o,2024-05-13,2025-09-15,490,20,raw_count,"""GPT-4o""",ok,2026-07-08,NOT_AUDITED
GPT-4o,2024-05-13,2025-09-22,497,31,raw_count,"""GPT-4o""",ok,2026-07-08,NOT_AUDITED
GPT-4o,2024-05-13,2025-09-29,504,17,raw_count,"""GPT-4o""",ok,2026-07-08,NOT_AUDITED
GPT-4o,2024-05-13,2025-10-06,511,70,raw_count,"""GPT-4o""",ok,2026-07-08,NOT_AUDITED
GPT-4o,2024-05-13,2025-10-13,518,27,raw_count,"""GPT-4o""",ok,2026-07-08,NOT_AUDITED
GPT-4o,2024-05-13,2025-10-20,525,26,raw_count,"""GPT-4o""",ok,2026-07-08,NOT_AUDITED
GPT-4o,2024-05-13,2025-10-27,532,24,raw_count,"""GPT-4o""",ok,2026-07-08,NOT_AUDITED
GPT-4o,2024-05-13,2025-11-03,539,272,raw_count,"""GPT-4o""",ok,2026-07-08,NOT_AUDITED
GPT-4o,2024-05-13,2025-11-10,546,69,raw_count,"""GPT-4o""",ok,2026-07-08,NOT_AUDITED
GPT-4o,2024-05-13,2025-11-17,553,39,raw_count,"""GPT-4o""",ok,2026-07-08,NOT_AUDITED
GPT-4o,2024-05-13,2025-11-24,560,370,raw_count,"""GPT-4o""",ok,2026-07-08,NOT_AUDITED
GPT-4o,2024-05-13,2025-12-01,567,20,raw_count,"""GPT-4o""",ok,2026-07-08,NOT_AUDITED
GPT-4o,2024-05-13,2025-12-08,574,113,raw_count,"""GPT-4o""",ok,2026-07-08,NOT_AUDITED
GPT-4o,2024-05-13,2025-12-15,581,39,raw_count,"""GPT-4o""",ok,2026-07-08,NOT_AUDITED
GPT-4o,2024-05-13,2025-12-22,588,19,raw_count,"""GPT-4o""",ok,2026-07-08,NOT_AUDITED
GPT-4o,2024-05-13,2025-12-29,595,22,raw_count,"""GPT-4o""",ok,2026-07-08,NOT_AUDITED
GPT-4o,2024-05-13,2026-01-05,602,12,raw_count,"""GPT-4o""",ok,2026-07-08,NOT_AUDITED
GPT-4o,2024-05-13,2026-01-12,609,12,raw_count,"""GPT-4o""",ok,2026-07-08,NOT_AUDITED
GPT-4o,2024-05-13,2026-01-19,616,15,raw_count,"""GPT-4o""",ok,2026-07-08,NOT_AUDITED
GPT-4o,2024-05-13,2026-01-26,623,23,raw_count,"""GPT-4o""",ok,2026-07-08,NOT_AUDITED
GPT-4o,2024-05-13,2026-02-02,630,13,raw_count,"""GPT-4o""",ok,2026-07-08,NOT_AUDITED
GPT-4o,2024-05-13,2026-02-09,637,106,raw_count,"""GPT-4o""",ok,2026-07-08,NOT_AUDITED
GPT-4o,2024-05-13,2026-02-16,644,17,raw_count,"""GPT-4o""",ok,2026-07-08,NOT_AUDITED
GPT-4o,2024-05-13,2026-02-23,651,9,raw_count,"""GPT-4o""",ok,2026-07-08,NOT_AUDITED
GPT-4o,2024-05-13,2026-03-02,658,15,raw_count,"""GPT-4o""",ok,2026-07-08,NOT_AUDITED
GPT-4o,2024-05-13,2026-03-09,665,23,raw_count,"""GPT-4o""",ok,2026-07-08,NOT_AUDITED
GPT-4o,2024-05-13,2026-03-16,672,4,raw_count,"""GPT-4o""",ok,2026-07-08,NOT_AUDITED
GPT-4o,2024-05-13,2026-03-23,679,15,raw_count,"""GPT-4o""",ok,2026-07-08,NOT_AUDITED
GPT-4o,2024-05-13,2026-03-30,686,11,raw_count,"""GPT-4o""",ok,2026-07-08,NOT_AUDITED
GPT-4o,2024-05-13,2026-04-06,693,12,raw_count,"""GPT-4o""",ok,2026-07-08,NOT_AUDITED
GPT-4o,2024-05-13,2026-04-13,700,7,raw_count,"""GPT-4o""",ok,2026-07-08,NOT_AUDITED
GPT-4o,2024-05-13,2026-04-20,707,19,raw_count,"""GPT-4o""",ok,2026-07-08,NOT_AUDITED
GPT-4o,2024-05-13,2026-04-27,714,35,raw_count,"""GPT-4o""",ok,2026-07-08,NOT_AUDITED
GPT-4o,2024-05-13,2026-05-04,721,12,raw_count,"""GPT-4o""",ok,2026-07-08,NOT_AUDITED
GPT-4o,2024-05-13,2026-05-11,728,36,raw_count,"""GPT-4o""",ok,2026-07-08,NOT_AUDITED
GPT-4o,2024-05-13,2026-05-18,735,8,raw_count,"""GPT-4o""",ok,2026-07-08,NOT_AUDITED
GPT-4o,2024-05-13,2026-05-25,742,11,raw_count,"""GPT-4o""",ok,2026-07-08,NOT_AUDITED
GPT-4o,2024-05-13,2026-06-01,749,14,raw_count,"""GPT-4o""",ok,2026-07-08,NOT_AUDITED
GPT-4o,2024-05-13,2026-06-08,756,21,raw_count,"""GPT-4o""",ok,2026-07-08,NOT_AUDITED
GPT-4o,2024-05-13,2026-06-15,763,15,raw_count,"""GPT-4o""",ok,2026-07-08,NOT_AUDITED
GPT-4o,2024-05-13,2026-06-22,770,6,raw_count,"""GPT-4o""",ok,2026-07-08,NOT_AUDITED
GPT-4o,2024-05-13,2026-06-29,777,3,raw_count,"""GPT-4o""",ok,2026-07-08,NOT_AUDITED
Apple Intelligence,2024-06-10,2024-05-13,-28,6,raw_count,"""Apple Intelligence"" (Apple OR iOS OR iPhone)",ok,2026-07-08,PASS
Apple Intelligence,2024-06-10,2024-05-20,-21,4,raw_count,"""Apple Intelligence"" (Apple OR iOS OR iPhone)",ok,2026-07-08,PASS
Apple Intelligence,2024-06-10,2024-05-27,-14,7,raw_count,"""Apple Intelligence"" (Apple OR iOS OR iPhone)",ok,2026-07-08,PASS
Apple Intelligence,2024-06-10,2024-06-03,-7,95,raw_count,"""Apple Intelligence"" (Apple OR iOS OR iPhone)",ok,2026-07-08,PASS
Apple Intelligence,2024-06-10,2024-06-10,0,1878,raw_count,"""Apple Intelligence"" (Apple OR iOS OR iPhone)",ok,2026-07-08,PASS
Apple Intelligence,2024-06-10,2024-06-17,7,345,raw_count,"""Apple Intelligence"" (Apple OR iOS OR iPhone)",ok,2026-07-08,PASS
Apple Intelligence,2024-06-10,2024-06-24,14,285,raw_count,"""Apple Intelligence"" (Apple OR iOS OR iPhone)",ok,2026-07-08,PASS
Apple Intelligence,2024-06-10,2024-07-01,21,242,raw_count,"""Apple Intelligence"" (Apple OR iOS OR iPhone)",ok,2026-07-08,PASS
Apple Intelligence,2024-06-10,2024-07-08,28,172,raw_count,"""Apple Intelligence"" (Apple OR iOS OR iPhone)",ok,2026-07-08,PASS
Apple Intelligence,2024-06-10,2024-07-15,35,205,raw_count,"""Apple Intelligence"" (Apple OR iOS OR iPhone)",ok,2026-07-08,PASS
Apple Intelligence,2024-06-10,2024-07-22,42,143,raw_count,"""Apple Intelligence"" (Apple OR iOS OR iPhone)",ok,2026-07-08,PASS
Apple Intelligence,2024-06-10,2024-07-29,49,467,raw_count,"""Apple Intelligence"" (Apple OR iOS OR iPhone)",ok,2026-07-08,PASS
Apple Intelligence,2024-06-10,2024-08-05,56,182,raw_count,"""Apple Intelligence"" (Apple OR iOS OR iPhone)",ok,2026-07-08,PASS
Apple Intelligence,2024-06-10,2024-08-12,63,404,raw_count,"""Apple Intelligence"" (Apple OR iOS OR iPhone)",ok,2026-07-08,PASS
Apple Intelligence,2024-06-10,2024-08-19,70,168,raw_count,"""Apple Intelligence"" (Apple OR iOS OR iPhone)",ok,2026-07-08,PASS
Apple Intelligence,2024-06-10,2024-08-26,77,417,raw_count,"""Apple Intelligence"" (Apple OR iOS OR iPhone)",ok,2026-07-08,PASS
Apple Intelligence,2024-06-10,2024-09-02,84,357,raw_count,"""Apple Intelligence"" (Apple OR iOS OR iPhone)",ok,2026-07-08,PASS
Apple Intelligence,2024-06-10,2024-09-09,91,1990,raw_count,"""Apple Intelligence"" (Apple OR iOS OR iPhone)",ok,2026-07-08,PASS
Apple Intelligence,2024-06-10,2024-09-16,98,541,raw_count,"""Apple Intelligence"" (Apple OR iOS OR iPhone)",ok,2026-07-08,PASS
Apple Intelligence,2024-06-10,2024-09-23,105,351,raw_count,"""Apple Intelligence"" (Apple OR iOS OR iPhone)",ok,2026-07-08,PASS
Apple Intelligence,2024-06-10,2024-09-30,112,255,raw_count,"""Apple Intelligence"" (Apple OR iOS OR iPhone)",ok,2026-07-08,PASS
Apple Intelligence,2024-06-10,2024-10-07,119,194,raw_count,"""Apple Intelligence"" (Apple OR iOS OR iPhone)",ok,2026-07-08,PASS
Apple Intelligence,2024-06-10,2024-10-14,126,282,raw_count,"""Apple Intelligence"" (Apple OR iOS OR iPhone)",ok,2026-07-08,PASS
Apple Intelligence,2024-06-10,2024-10-21,133,410,raw_count,"""Apple Intelligence"" (Apple OR iOS OR iPhone)",ok,2026-07-08,PASS
Apple Intelligence,2024-06-10,2024-10-28,140,727,raw_count,"""Apple Intelligence"" (Apple OR iOS OR iPhone)",ok,2026-07-08,PASS
Apple Intelligence,2024-06-10,2024-11-04,147,294,raw_count,"""Apple Intelligence"" (Apple OR iOS OR iPhone)",ok,2026-07-08,PASS
Apple Intelligence,2024-06-10,2024-11-11,154,171,raw_count,"""Apple Intelligence"" (Apple OR iOS OR iPhone)",ok,2026-07-08,PASS
Apple Intelligence,2024-06-10,2024-11-18,161,193,raw_count,"""Apple Intelligence"" (Apple OR iOS OR iPhone)",ok,2026-07-08,PASS
Apple Intelligence,2024-06-10,2024-11-25,168,204,raw_count,"""Apple Intelligence"" (Apple OR iOS OR iPhone)",ok,2026-07-08,PASS
Apple Intelligence,2024-06-10,2024-12-02,175,186,raw_count,"""Apple Intelligence"" (Apple OR iOS OR iPhone)",ok,2026-07-08,PASS
Apple Intelligence,2024-06-10,2024-12-09,182,414,raw_count,"""Apple Intelligence"" (Apple OR iOS OR iPhone)",ok,2026-07-08,PASS
Apple Intelligence,2024-06-10,2024-12-16,189,259,raw_count,"""Apple Intelligence"" (Apple OR iOS OR iPhone)",ok,2026-07-08,PASS
Apple Intelligence,2024-06-10,2024-12-23,196,219,raw_count,"""Apple Intelligence"" (Apple OR iOS OR iPhone)",ok,2026-07-08,PASS
Apple Intelligence,2024-06-10,2024-12-30,203,177,raw_count,"""Apple Intelligence"" (Apple OR iOS OR iPhone)",ok,2026-07-08,PASS
Apple Intelligence,2024-06-10,2025-01-06,210,179,raw_count,"""Apple Intelligence"" (Apple OR iOS OR iPhone)",ok,2026-07-08,PASS
Apple Intelligence,2024-06-10,2025-01-13,217,228,raw_count,"""Apple Intelligence"" (Apple OR iOS OR iPhone)",ok,2026-07-08,PASS
Apple Intelligence,2024-06-10,2025-01-20,224,254,raw_count,"""Apple Intelligence"" (Apple OR iOS OR iPhone)",ok,2026-07-08,PASS
Apple Intelligence,2024-06-10,2025-01-27,231,307,raw_count,"""Apple Intelligence"" (Apple OR iOS OR iPhone)",ok,2026-07-08,PASS
Apple Intelligence,2024-06-10,2025-02-03,238,200,raw_count,"""Apple Intelligence"" (Apple OR iOS OR iPhone)",ok,2026-07-08,PASS
Apple Intelligence,2024-06-10,2025-02-10,245,221,raw_count,"""Apple Intelligence"" (Apple OR iOS OR iPhone)",ok,2026-07-08,PASS
Apple Intelligence,2024-06-10,2025-02-17,252,596,raw_count,"""Apple Intelligence"" (Apple OR iOS OR iPhone)",ok,2026-07-08,PASS
Apple Intelligence,2024-06-10,2025-02-24,259,370,raw_count,"""Apple Intelligence"" (Apple OR iOS OR iPhone)",ok,2026-07-08,PASS
Apple Intelligence,2024-06-10,2025-03-03,266,297,raw_count,"""Apple Intelligence"" (Apple OR iOS OR iPhone)",ok,2026-07-08,PASS
Apple Intelligence,2024-06-10,2025-03-10,273,233,raw_count,"""Apple Intelligence"" (Apple OR iOS OR iPhone)",ok,2026-07-08,PASS
Apple Intelligence,2024-06-10,2025-03-17,280,217,raw_count,"""Apple Intelligence"" (Apple OR iOS OR iPhone)",ok,2026-07-08,PASS
Apple Intelligence,2024-06-10,2025-03-24,287,217,raw_count,"""Apple Intelligence"" (Apple OR iOS OR iPhone)",ok,2026-07-08,PASS
Apple Intelligence,2024-06-10,2025-03-31,294,236,raw_count,"""Apple Intelligence"" (Apple OR iOS OR iPhone)",ok,2026-07-08,PASS
Apple Intelligence,2024-06-10,2025-04-07,301,132,raw_count,"""Apple Intelligence"" (Apple OR iOS OR iPhone)",ok,2026-07-08,PASS
Apple Intelligence,2024-06-10,2025-04-14,308,134,raw_count,"""Apple Intelligence"" (Apple OR iOS OR iPhone)",ok,2026-07-08,PASS
Apple Intelligence,2024-06-10,2025-04-21,315,96,raw_count,"""Apple Intelligence"" (Apple OR iOS OR iPhone)",ok,2026-07-08,PASS
Apple Intelligence,2024-06-10,2025-04-28,322,131,raw_count,"""Apple Intelligence"" (Apple OR iOS OR iPhone)",ok,2026-07-08,PASS
Apple Intelligence,2024-06-10,2025-05-05,329,123,raw_count,"""Apple Intelligence"" (Apple OR iOS OR iPhone)",ok,2026-07-08,PASS
Apple Intelligence,2024-06-10,2025-05-12,336,138,raw_count,"""Apple Intelligence"" (Apple OR iOS OR iPhone)",ok,2026-07-08,PASS
Apple Intelligence,2024-06-10,2025-05-19,343,131,raw_count,"""Apple Intelligence"" (Apple OR iOS OR iPhone)",ok,2026-07-08,PASS
Apple Intelligence,2024-06-10,2025-05-26,350,112,raw_count,"""Apple Intelligence"" (Apple OR iOS OR iPhone)",ok,2026-07-08,PASS
Apple Intelligence,2024-06-10,2025-06-02,357,237,raw_count,"""Apple Intelligence"" (Apple OR iOS OR iPhone)",ok,2026-07-08,PASS
Apple Intelligence,2024-06-10,2025-06-09,364,599,raw_count,"""Apple Intelligence"" (Apple OR iOS OR iPhone)",ok,2026-07-08,PASS
Apple Intelligence,2024-06-10,2025-06-16,371,0,raw_count,"""Apple Intelligence"" (Apple OR iOS OR iPhone)",ok,2026-07-08,PASS
Apple Intelligence,2024-06-10,2025-06-23,378,0,raw_count,"""Apple Intelligence"" (Apple OR iOS OR iPhone)",ok,2026-07-08,PASS
Apple Intelligence,2024-06-10,2025-06-30,385,52,raw_count,"""Apple Intelligence"" (Apple OR iOS OR iPhone)",ok,2026-07-08,PASS
Apple Intelligence,2024-06-10,2025-07-07,392,150,raw_count,"""Apple Intelligence"" (Apple OR iOS OR iPhone)",ok,2026-07-08,PASS
Apple Intelligence,2024-06-10,2025-07-14,399,107,raw_count,"""Apple Intelligence"" (Apple OR iOS OR iPhone)",ok,2026-07-08,PASS
Apple Intelligence,2024-06-10,2025-07-21,406,121,raw_count,"""Apple Intelligence"" (Apple OR iOS OR iPhone)",ok,2026-07-08,PASS
Apple Intelligence,2024-06-10,2025-07-28,413,190,raw_count,"""Apple Intelligence"" (Apple OR iOS OR iPhone)",ok,2026-07-08,PASS
Apple Intelligence,2024-06-10,2025-08-04,420,171,raw_count,"""Apple Intelligence"" (Apple OR iOS OR iPhone)",ok,2026-07-08,PASS
Apple Intelligence,2024-06-10,2025-08-11,427,184,raw_count,"""Apple Intelligence"" (Apple OR iOS OR iPhone)",ok,2026-07-08,PASS
Apple Intelligence,2024-06-10,2025-08-18,434,132,raw_count,"""Apple Intelligence"" (Apple OR iOS OR iPhone)",ok,2026-07-08,PASS
Apple Intelligence,2024-06-10,2025-08-25,441,128,raw_count,"""Apple Intelligence"" (Apple OR iOS OR iPhone)",ok,2026-07-08,PASS
Apple Intelligence,2024-06-10,2025-09-01,448,158,raw_count,"""Apple Intelligence"" (Apple OR iOS OR iPhone)",ok,2026-07-08,PASS
Apple Intelligence,2024-06-10,2025-09-08,455,600,raw_count,"""Apple Intelligence"" (Apple OR iOS OR iPhone)",ok,2026-07-08,PASS
Apple Intelligence,2024-06-10,2025-09-15,462,255,raw_count,"""Apple Intelligence"" (Apple OR iOS OR iPhone)",ok,2026-07-08,PASS
Apple Intelligence,2024-06-10,2025-09-22,469,121,raw_count,"""Apple Intelligence"" (Apple OR iOS OR iPhone)",ok,2026-07-08,PASS
Apple Intelligence,2024-06-10,2025-09-29,476,88,raw_count,"""Apple Intelligence"" (Apple OR iOS OR iPhone)",ok,2026-07-08,PASS
Apple Intelligence,2024-06-10,2025-10-06,483,116,raw_count,"""Apple Intelligence"" (Apple OR iOS OR iPhone)",ok,2026-07-08,PASS
Apple Intelligence,2024-06-10,2025-10-13,490,113,raw_count,"""Apple Intelligence"" (Apple OR iOS OR iPhone)",ok,2026-07-08,PASS
Apple Intelligence,2024-06-10,2025-10-20,497,91,raw_count,"""Apple Intelligence"" (Apple OR iOS OR iPhone)",ok,2026-07-08,PASS
Apple Intelligence,2024-06-10,2025-10-27,504,104,raw_count,"""Apple Intelligence"" (Apple OR iOS OR iPhone)",ok,2026-07-08,PASS
Apple Intelligence,2024-06-10,2025-11-03,511,118,raw_count,"""Apple Intelligence"" (Apple OR iOS OR iPhone)",ok,2026-07-08,PASS
Apple Intelligence,2024-06-10,2025-11-10,518,93,raw_count,"""Apple Intelligence"" (Apple OR iOS OR iPhone)",ok,2026-07-08,PASS
Apple Intelligence,2024-06-10,2025-11-17,525,86,raw_count,"""Apple Intelligence"" (Apple OR iOS OR iPhone)",ok,2026-07-08,PASS
Apple Intelligence,2024-06-10,2025-11-24,532,117,raw_count,"""Apple Intelligence"" (Apple OR iOS OR iPhone)",ok,2026-07-08,PASS
Apple Intelligence,2024-06-10,2025-12-01,539,120,raw_count,"""Apple Intelligence"" (Apple OR iOS OR iPhone)",ok,2026-07-08,PASS
Apple Intelligence,2024-06-10,2025-12-08,546,284,raw_count,"""Apple Intelligence"" (Apple OR iOS OR iPhone)",ok,2026-07-08,PASS
Apple Intelligence,2024-06-10,2025-12-15,553,88,raw_count,"""Apple Intelligence"" (Apple OR iOS OR iPhone)",ok,2026-07-08,PASS
Apple Intelligence,2024-06-10,2025-12-22,560,76,raw_count,"""Apple Intelligence"" (Apple OR iOS OR iPhone)",ok,2026-07-08,PASS
Apple Intelligence,2024-06-10,2025-12-29,567,54,raw_count,"""Apple Intelligence"" (Apple OR iOS OR iPhone)",ok,2026-07-08,PASS
Apple Intelligence,2024-06-10,2026-01-05,574,80,raw_count,"""Apple Intelligence"" (Apple OR iOS OR iPhone)",ok,2026-07-08,PASS
Apple Intelligence,2024-06-10,2026-01-12,581,280,raw_count,"""Apple Intelligence"" (Apple OR iOS OR iPhone)",ok,2026-07-08,PASS
Apple Intelligence,2024-06-10,2026-01-19,588,91,raw_count,"""Apple Intelligence"" (Apple OR iOS OR iPhone)",ok,2026-07-08,PASS
Apple Intelligence,2024-06-10,2026-01-26,595,96,raw_count,"""Apple Intelligence"" (Apple OR iOS OR iPhone)",ok,2026-07-08,PASS
Apple Intelligence,2024-06-10,2026-02-02,602,62,raw_count,"""Apple Intelligence"" (Apple OR iOS OR iPhone)",ok,2026-07-08,PASS
Apple Intelligence,2024-06-10,2026-02-09,609,71,raw_count,"""Apple Intelligence"" (Apple OR iOS OR iPhone)",ok,2026-07-08,PASS
Apple Intelligence,2024-06-10,2026-02-16,616,77,raw_count,"""Apple Intelligence"" (Apple OR iOS OR iPhone)",ok,2026-07-08,PASS
Apple Intelligence,2024-06-10,2026-02-23,623,60,raw_count,"""Apple Intelligence"" (Apple OR iOS OR iPhone)",ok,2026-07-08,PASS
Apple Intelligence,2024-06-10,2026-03-02,630,415,raw_count,"""Apple Intelligence"" (Apple OR iOS OR iPhone)",ok,2026-07-08,PASS
Apple Intelligence,2024-06-10,2026-03-09,637,88,raw_count,"""Apple Intelligence"" (Apple OR iOS OR iPhone)",ok,2026-07-08,PASS
Apple Intelligence,2024-06-10,2026-03-16,644,94,raw_count,"""Apple Intelligence"" (Apple OR iOS OR iPhone)",ok,2026-07-08,PASS
Apple Intelligence,2024-06-10,2026-03-23,651,126,raw_count,"""Apple Intelligence"" (Apple OR iOS OR iPhone)",ok,2026-07-08,PASS
Apple Intelligence,2024-06-10,2026-03-30,658,93,raw_count,"""Apple Intelligence"" (Apple OR iOS OR iPhone)",ok,2026-07-08,PASS
Apple Intelligence,2024-06-10,2026-04-06,665,33,raw_count,"""Apple Intelligence"" (Apple OR iOS OR iPhone)",ok,2026-07-08,PASS
Apple Intelligence,2024-06-10,2026-04-13,672,57,raw_count,"""Apple Intelligence"" (Apple OR iOS OR iPhone)",ok,2026-07-08,PASS
Apple Intelligence,2024-06-10,2026-04-20,679,245,raw_count,"""Apple Intelligence"" (Apple OR iOS OR iPhone)",ok,2026-07-08,PASS
Apple Intelligence,2024-06-10,2026-04-27,686,77,raw_count,"""Apple Intelligence"" (Apple OR iOS OR iPhone)",ok,2026-07-08,PASS
Apple Intelligence,2024-06-10,2026-05-04,693,304,raw_count,"""Apple Intelligence"" (Apple OR iOS OR iPhone)",ok,2026-07-08,PASS
Apple Intelligence,2024-06-10,2026-05-11,700,113,raw_count,"""Apple Intelligence"" (Apple OR iOS OR iPhone)",ok,2026-07-08,PASS
Apple Intelligence,2024-06-10,2026-05-18,707,118,raw_count,"""Apple Intelligence"" (Apple OR iOS OR iPhone)",ok,2026-07-08,PASS
Apple Intelligence,2024-06-10,2026-05-25,714,70,raw_count,"""Apple Intelligence"" (Apple OR iOS OR iPhone)",ok,2026-07-08,PASS
Apple Intelligence,2024-06-10,2026-06-01,721,126,raw_count,"""Apple Intelligence"" (Apple OR iOS OR iPhone)",ok,2026-07-08,PASS
Apple Intelligence,2024-06-10,2026-06-08,728,603,raw_count,"""Apple Intelligence"" (Apple OR iOS OR iPhone)",ok,2026-07-08,PASS
Apple Intelligence,2024-06-10,2026-06-15,735,114,raw_count,"""Apple Intelligence"" (Apple OR iOS OR iPhone)",ok,2026-07-08,PASS
Apple Intelligence,2024-06-10,2026-06-22,742,94,raw_count,"""Apple Intelligence"" (Apple OR iOS OR iPhone)",ok,2026-07-08,PASS
Apple Intelligence,2024-06-10,2026-06-29,749,22,raw_count,"""Apple Intelligence"" (Apple OR iOS OR iPhone)",ok,2026-07-08,PASS
Safe Superintelligence,2024-06-19,2024-05-20,-30,0,raw_count,"""Safe Superintelligence""",ok,2026-07-08,NOT_AUDITED
Safe Superintelligence,2024-06-19,2024-05-27,-23,1,raw_count,"""Safe Superintelligence""",ok,2026-07-08,NOT_AUDITED
Safe Superintelligence,2024-06-19,2024-06-03,-16,0,raw_count,"""Safe Superintelligence""",ok,2026-07-08,NOT_AUDITED
Safe Superintelligence,2024-06-19,2024-06-10,-9,0,raw_count,"""Safe Superintelligence""",ok,2026-07-08,NOT_AUDITED
Safe Superintelligence,2024-06-19,2024-06-17,-2,133,raw_count,"""Safe Superintelligence""",ok,2026-07-08,NOT_AUDITED
Safe Superintelligence,2024-06-19,2024-06-24,5,7,raw_count,"""Safe Superintelligence""",ok,2026-07-08,NOT_AUDITED
Safe Superintelligence,2024-06-19,2024-07-01,12,0,raw_count,"""Safe Superintelligence""",ok,2026-07-08,NOT_AUDITED
Safe Superintelligence,2024-06-19,2024-07-08,19,3,raw_count,"""Safe Superintelligence""",ok,2026-07-08,NOT_AUDITED
Safe Superintelligence,2024-06-19,2024-07-15,26,0,raw_count,"""Safe Superintelligence""",ok,2026-07-08,NOT_AUDITED
Safe Superintelligence,2024-06-19,2024-07-22,33,2,raw_count,"""Safe Superintelligence""",ok,2026-07-08,NOT_AUDITED
Safe Superintelligence,2024-06-19,2024-07-29,40,4,raw_count,"""Safe Superintelligence""",ok,2026-07-08,NOT_AUDITED
Safe Superintelligence,2024-06-19,2024-08-05,47,13,raw_count,"""Safe Superintelligence""",ok,2026-07-08,NOT_AUDITED
Safe Superintelligence,2024-06-19,2024-08-12,54,0,raw_count,"""Safe Superintelligence""",ok,2026-07-08,NOT_AUDITED
Safe Superintelligence,2024-06-19,2024-08-19,61,0,raw_count,"""Safe Superintelligence""",ok,2026-07-08,NOT_AUDITED
Safe Superintelligence,2024-06-19,2024-08-26,68,1,raw_count,"""Safe Superintelligence""",ok,2026-07-08,NOT_AUDITED
Safe Superintelligence,2024-06-19,2024-09-02,75,38,raw_count,"""Safe Superintelligence""",ok,2026-07-08,NOT_AUDITED
Safe Superintelligence,2024-06-19,2024-09-09,82,8,raw_count,"""Safe Superintelligence""",ok,2026-07-08,NOT_AUDITED
Safe Superintelligence,2024-06-19,2024-09-16,89,4,raw_count,"""Safe Superintelligence""",ok,2026-07-08,NOT_AUDITED
Safe Superintelligence,2024-06-19,2024-09-23,96,14,raw_count,"""Safe Superintelligence""",ok,2026-07-08,NOT_AUDITED
Safe Superintelligence,2024-06-19,2024-09-30,103,25,raw_count,"""Safe Superintelligence""",ok,2026-07-08,NOT_AUDITED
Safe Superintelligence,2024-06-19,2024-10-07,110,4,raw_count,"""Safe Superintelligence""",ok,2026-07-08,NOT_AUDITED
Safe Superintelligence,2024-06-19,2024-10-14,117,9,raw_count,"""Safe Superintelligence""",ok,2026-07-08,NOT_AUDITED
Safe Superintelligence,2024-06-19,2024-10-21,124,5,raw_count,"""Safe Superintelligence""",ok,2026-07-08,NOT_AUDITED
Safe Superintelligence,2024-06-19,2024-10-28,131,6,raw_count,"""Safe Superintelligence""",ok,2026-07-08,NOT_AUDITED
Safe Superintelligence,2024-06-19,2024-11-04,138,3,raw_count,"""Safe Superintelligence""",ok,2026-07-08,NOT_AUDITED
Safe Superintelligence,2024-06-19,2024-11-11,145,15,raw_count,"""Safe Superintelligence""",ok,2026-07-08,NOT_AUDITED
Safe Superintelligence,2024-06-19,2024-11-18,152,5,raw_count,"""Safe Superintelligence""",ok,2026-07-08,NOT_AUDITED
Safe Superintelligence,2024-06-19,2024-11-25,159,1,raw_count,"""Safe Superintelligence""",ok,2026-07-08,NOT_AUDITED
Safe Superintelligence,2024-06-19,2024-12-02,166,5,raw_count,"""Safe Superintelligence""",ok,2026-07-08,NOT_AUDITED
Safe Superintelligence,2024-06-19,2024-12-09,173,12,raw_count,"""Safe Superintelligence""",ok,2026-07-08,NOT_AUDITED
Safe Superintelligence,2024-06-19,2024-12-16,180,3,raw_count,"""Safe Superintelligence""",ok,2026-07-08,NOT_AUDITED
Safe Superintelligence,2024-06-19,2024-12-23,187,0,raw_count,"""Safe Superintelligence""",ok,2026-07-08,NOT_AUDITED
Safe Superintelligence,2024-06-19,2024-12-30,194,2,raw_count,"""Safe Superintelligence""",ok,2026-07-08,NOT_AUDITED
Safe Superintelligence,2024-06-19,2025-01-06,201,5,raw_count,"""Safe Superintelligence""",ok,2026-07-08,NOT_AUDITED
Safe Superintelligence,2024-06-19,2025-01-13,208,2,raw_count,"""Safe Superintelligence""",ok,2026-07-08,NOT_AUDITED
Safe Superintelligence,2024-06-19,2025-01-20,215,0,raw_count,"""Safe Superintelligence""",ok,2026-07-08,NOT_AUDITED
Safe Superintelligence,2024-06-19,2025-01-27,222,0,raw_count,"""Safe Superintelligence""",ok,2026-07-08,NOT_AUDITED
Safe Superintelligence,2024-06-19,2025-02-03,229,12,raw_count,"""Safe Superintelligence""",ok,2026-07-08,NOT_AUDITED
Safe Superintelligence,2024-06-19,2025-02-10,236,1,raw_count,"""Safe Superintelligence""",ok,2026-07-08,NOT_AUDITED
Safe Superintelligence,2024-06-19,2025-02-17,243,16,raw_count,"""Safe Superintelligence""",ok,2026-07-08,NOT_AUDITED
Safe Superintelligence,2024-06-19,2025-02-24,250,2,raw_count,"""Safe Superintelligence""",ok,2026-07-08,NOT_AUDITED
Safe Superintelligence,2024-06-19,2025-03-03,257,5,raw_count,"""Safe Superintelligence""",ok,2026-07-08,NOT_AUDITED
Safe Superintelligence,2024-06-19,2025-03-10,264,1,raw_count,"""Safe Superintelligence""",ok,2026-07-08,NOT_AUDITED
Safe Superintelligence,2024-06-19,2025-03-17,271,1,raw_count,"""Safe Superintelligence""",ok,2026-07-08,NOT_AUDITED
Safe Superintelligence,2024-06-19,2025-03-24,278,1,raw_count,"""Safe Superintelligence""",ok,2026-07-08,NOT_AUDITED
Safe Superintelligence,2024-06-19,2025-03-31,285,1,raw_count,"""Safe Superintelligence""",ok,2026-07-08,NOT_AUDITED
Safe Superintelligence,2024-06-19,2025-04-07,292,27,raw_count,"""Safe Superintelligence""",ok,2026-07-08,NOT_AUDITED
Safe Superintelligence,2024-06-19,2025-04-14,299,3,raw_count,"""Safe Superintelligence""",ok,2026-07-08,NOT_AUDITED
Safe Superintelligence,2024-06-19,2025-04-21,306,1,raw_count,"""Safe Superintelligence""",ok,2026-07-08,NOT_AUDITED
Safe Superintelligence,2024-06-19,2025-04-28,313,2,raw_count,"""Safe Superintelligence""",ok,2026-07-08,NOT_AUDITED
Safe Superintelligence,2024-06-19,2025-05-05,320,1,raw_count,"""Safe Superintelligence""",ok,2026-07-08,NOT_AUDITED
Safe Superintelligence,2024-06-19,2025-05-12,327,0,raw_count,"""Safe Superintelligence""",ok,2026-07-08,NOT_AUDITED
Safe Superintelligence,2024-06-19,2025-05-19,334,2,raw_count,"""Safe Superintelligence""",ok,2026-07-08,NOT_AUDITED
Safe Superintelligence,2024-06-19,2025-05-26,341,1,raw_count,"""Safe Superintelligence""",ok,2026-07-08,NOT_AUDITED
Safe Superintelligence,2024-06-19,2025-06-02,348,1,raw_count,"""Safe Superintelligence""",ok,2026-07-08,NOT_AUDITED
Safe Superintelligence,2024-06-19,2025-06-09,355,10,raw_count,"""Safe Superintelligence""",ok,2026-07-08,NOT_AUDITED
Safe Superintelligence,2024-06-19,2025-06-16,362,0,raw_count,"""Safe Superintelligence""",ok,2026-07-08,NOT_AUDITED
Safe Superintelligence,2024-06-19,2025-06-23,369,0,raw_count,"""Safe Superintelligence""",ok,2026-07-08,NOT_AUDITED
Safe Superintelligence,2024-06-19,2025-06-30,376,73,raw_count,"""Safe Superintelligence""",ok,2026-07-08,NOT_AUDITED
Safe Superintelligence,2024-06-19,2025-07-07,383,26,raw_count,"""Safe Superintelligence""",ok,2026-07-08,NOT_AUDITED
Safe Superintelligence,2024-06-19,2025-07-14,390,23,raw_count,"""Safe Superintelligence""",ok,2026-07-08,NOT_AUDITED
Safe Superintelligence,2024-06-19,2025-07-21,397,15,raw_count,"""Safe Superintelligence""",ok,2026-07-08,NOT_AUDITED
Safe Superintelligence,2024-06-19,2025-07-28,404,7,raw_count,"""Safe Superintelligence""",ok,2026-07-08,NOT_AUDITED
Safe Superintelligence,2024-06-19,2025-08-04,411,3,raw_count,"""Safe Superintelligence""",ok,2026-07-08,NOT_AUDITED
Safe Superintelligence,2024-06-19,2025-08-11,418,6,raw_count,"""Safe Superintelligence""",ok,2026-07-08,NOT_AUDITED
Safe Superintelligence,2024-06-19,2025-08-18,425,7,raw_count,"""Safe Superintelligence""",ok,2026-07-08,NOT_AUDITED
Safe Superintelligence,2024-06-19,2025-08-25,432,0,raw_count,"""Safe Superintelligence""",ok,2026-07-08,NOT_AUDITED
Safe Superintelligence,2024-06-19,2025-09-01,439,2,raw_count,"""Safe Superintelligence""",ok,2026-07-08,NOT_AUDITED
Safe Superintelligence,2024-06-19,2025-09-08,446,2,raw_count,"""Safe Superintelligence""",ok,2026-07-08,NOT_AUDITED
Safe Superintelligence,2024-06-19,2025-09-15,453,1,raw_count,"""Safe Superintelligence""",ok,2026-07-08,NOT_AUDITED
Safe Superintelligence,2024-06-19,2025-09-22,460,0,raw_count,"""Safe Superintelligence""",ok,2026-07-08,NOT_AUDITED
Safe Superintelligence,2024-06-19,2025-09-29,467,2,raw_count,"""Safe Superintelligence""",ok,2026-07-08,NOT_AUDITED
Safe Superintelligence,2024-06-19,2025-10-06,474,4,raw_count,"""Safe Superintelligence""",ok,2026-07-08,NOT_AUDITED
Safe Superintelligence,2024-06-19,2025-10-13,481,0,raw_count,"""Safe Superintelligence""",ok,2026-07-08,NOT_AUDITED
Safe Superintelligence,2024-06-19,2025-10-20,488,2,raw_count,"""Safe Superintelligence""",ok,2026-07-08,NOT_AUDITED
Safe Superintelligence,2024-06-19,2025-10-27,495,5,raw_count,"""Safe Superintelligence""",ok,2026-07-08,NOT_AUDITED
Safe Superintelligence,2024-06-19,2025-11-03,502,5,raw_count,"""Safe Superintelligence""",ok,2026-07-08,NOT_AUDITED
Safe Superintelligence,2024-06-19,2025-11-10,509,4,raw_count,"""Safe Superintelligence""",ok,2026-07-08,NOT_AUDITED
Safe Superintelligence,2024-06-19,2025-11-17,516,2,raw_count,"""Safe Superintelligence""",ok,2026-07-08,NOT_AUDITED
Safe Superintelligence,2024-06-19,2025-11-24,523,4,raw_count,"""Safe Superintelligence""",ok,2026-07-08,NOT_AUDITED
Safe Superintelligence,2024-06-19,2025-12-01,530,2,raw_count,"""Safe Superintelligence""",ok,2026-07-08,NOT_AUDITED
Safe Superintelligence,2024-06-19,2025-12-08,537,8,raw_count,"""Safe Superintelligence""",ok,2026-07-08,NOT_AUDITED
Safe Superintelligence,2024-06-19,2025-12-15,544,2,raw_count,"""Safe Superintelligence""",ok,2026-07-08,NOT_AUDITED
Safe Superintelligence,2024-06-19,2025-12-22,551,9,raw_count,"""Safe Superintelligence""",ok,2026-07-08,NOT_AUDITED
Safe Superintelligence,2024-06-19,2025-12-29,558,5,raw_count,"""Safe Superintelligence""",ok,2026-07-08,NOT_AUDITED
Safe Superintelligence,2024-06-19,2026-01-05,565,0,raw_count,"""Safe Superintelligence""",ok,2026-07-08,NOT_AUDITED
Safe Superintelligence,2024-06-19,2026-01-12,572,6,raw_count,"""Safe Superintelligence""",ok,2026-07-08,NOT_AUDITED
Safe Superintelligence,2024-06-19,2026-01-19,579,1,raw_count,"""Safe Superintelligence""",ok,2026-07-08,NOT_AUDITED
Safe Superintelligence,2024-06-19,2026-01-26,586,3,raw_count,"""Safe Superintelligence""",ok,2026-07-08,NOT_AUDITED
Safe Superintelligence,2024-06-19,2026-02-02,593,0,raw_count,"""Safe Superintelligence""",ok,2026-07-08,NOT_AUDITED
Safe Superintelligence,2024-06-19,2026-02-09,600,1,raw_count,"""Safe Superintelligence""",ok,2026-07-08,NOT_AUDITED
Safe Superintelligence,2024-06-19,2026-02-16,607,3,raw_count,"""Safe Superintelligence""",ok,2026-07-08,NOT_AUDITED
Safe Superintelligence,2024-06-19,2026-02-23,614,0,raw_count,"""Safe Superintelligence""",ok,2026-07-08,NOT_AUDITED
Safe Superintelligence,2024-06-19,2026-03-02,621,0,raw_count,"""Safe Superintelligence""",ok,2026-07-08,NOT_AUDITED
Safe Superintelligence,2024-06-19,2026-03-09,628,2,raw_count,"""Safe Superintelligence""",ok,2026-07-08,NOT_AUDITED
Safe Superintelligence,2024-06-19,2026-03-16,635,2,raw_count,"""Safe Superintelligence""",ok,2026-07-08,NOT_AUDITED
Safe Superintelligence,2024-06-19,2026-03-23,642,1,raw_count,"""Safe Superintelligence""",ok,2026-07-08,NOT_AUDITED
Safe Superintelligence,2024-06-19,2026-03-30,649,1,raw_count,"""Safe Superintelligence""",ok,2026-07-08,NOT_AUDITED
Safe Superintelligence,2024-06-19,2026-04-06,656,0,raw_count,"""Safe Superintelligence""",ok,2026-07-08,NOT_AUDITED
Safe Superintelligence,2024-06-19,2026-04-13,663,1,raw_count,"""Safe Superintelligence""",ok,2026-07-08,NOT_AUDITED
Safe Superintelligence,2024-06-19,2026-04-20,670,7,raw_count,"""Safe Superintelligence""",ok,2026-07-08,NOT_AUDITED
Safe Superintelligence,2024-06-19,2026-04-27,677,2,raw_count,"""Safe Superintelligence""",ok,2026-07-08,NOT_AUDITED
Safe Superintelligence,2024-06-19,2026-05-04,684,0,raw_count,"""Safe Superintelligence""",ok,2026-07-08,NOT_AUDITED
Safe Superintelligence,2024-06-19,2026-05-11,691,7,raw_count,"""Safe Superintelligence""",ok,2026-07-08,NOT_AUDITED
Safe Superintelligence,2024-06-19,2026-05-18,698,0,raw_count,"""Safe Superintelligence""",ok,2026-07-08,NOT_AUDITED
Safe Superintelligence,2024-06-19,2026-05-25,705,3,raw_count,"""Safe Superintelligence""",ok,2026-07-08,NOT_AUDITED
Safe Superintelligence,2024-06-19,2026-06-01,712,0,raw_count,"""Safe Superintelligence""",ok,2026-07-08,NOT_AUDITED
Safe Superintelligence,2024-06-19,2026-06-08,719,0,raw_count,"""Safe Superintelligence""",ok,2026-07-08,NOT_AUDITED
Safe Superintelligence,2024-06-19,2026-06-15,726,0,raw_count,"""Safe Superintelligence""",ok,2026-07-08,NOT_AUDITED
Safe Superintelligence,2024-06-19,2026-06-22,733,0,raw_count,"""Safe Superintelligence""",ok,2026-07-08,NOT_AUDITED
Safe Superintelligence,2024-06-19,2026-06-29,740,1,raw_count,"""Safe Superintelligence""",ok,2026-07-08,NOT_AUDITED
OpenAI o1,2024-09-12,2024-08-12,-31,0,raw_count,"""OpenAI o1""",ok,2026-07-08,NOT_AUDITED
OpenAI o1,2024-09-12,2024-08-19,-24,0,raw_count,"""OpenAI o1""",ok,2026-07-08,NOT_AUDITED
OpenAI o1,2024-09-12,2024-08-26,-17,0,raw_count,"""OpenAI o1""",ok,2026-07-08,NOT_AUDITED
OpenAI o1,2024-09-12,2024-09-02,-10,0,raw_count,"""OpenAI o1""",ok,2026-07-08,NOT_AUDITED
OpenAI o1,2024-09-12,2024-09-09,-3,67,raw_count,"""OpenAI o1""",ok,2026-07-08,NOT_AUDITED
OpenAI o1,2024-09-12,2024-09-16,4,43,raw_count,"""OpenAI o1""",ok,2026-07-08,NOT_AUDITED
OpenAI o1,2024-09-12,2024-09-23,11,28,raw_count,"""OpenAI o1""",ok,2026-07-08,NOT_AUDITED
OpenAI o1,2024-09-12,2024-09-30,18,24,raw_count,"""OpenAI o1""",ok,2026-07-08,NOT_AUDITED
OpenAI o1,2024-09-12,2024-10-07,25,8,raw_count,"""OpenAI o1""",ok,2026-07-08,NOT_AUDITED
OpenAI o1,2024-09-12,2024-10-14,32,13,raw_count,"""OpenAI o1""",ok,2026-07-08,NOT_AUDITED
OpenAI o1,2024-09-12,2024-10-21,39,10,raw_count,"""OpenAI o1""",ok,2026-07-08,NOT_AUDITED
OpenAI o1,2024-09-12,2024-10-28,46,26,raw_count,"""OpenAI o1""",ok,2026-07-08,NOT_AUDITED
OpenAI o1,2024-09-12,2024-11-04,53,6,raw_count,"""OpenAI o1""",ok,2026-07-08,NOT_AUDITED
OpenAI o1,2024-09-12,2024-11-11,60,9,raw_count,"""OpenAI o1""",ok,2026-07-08,NOT_AUDITED
OpenAI o1,2024-09-12,2024-11-18,67,20,raw_count,"""OpenAI o1""",ok,2026-07-08,NOT_AUDITED
OpenAI o1,2024-09-12,2024-11-25,74,24,raw_count,"""OpenAI o1""",ok,2026-07-08,NOT_AUDITED
OpenAI o1,2024-09-12,2024-12-02,81,28,raw_count,"""OpenAI o1""",ok,2026-07-08,NOT_AUDITED
OpenAI o1,2024-09-12,2024-12-09,88,39,raw_count,"""OpenAI o1""",ok,2026-07-08,NOT_AUDITED
OpenAI o1,2024-09-12,2024-12-16,95,51,raw_count,"""OpenAI o1""",ok,2026-07-08,NOT_AUDITED
OpenAI o1,2024-09-12,2024-12-23,102,19,raw_count,"""OpenAI o1""",ok,2026-07-08,NOT_AUDITED
OpenAI o1,2024-09-12,2024-12-30,109,16,raw_count,"""OpenAI o1""",ok,2026-07-08,NOT_AUDITED
OpenAI o1,2024-09-12,2025-01-06,116,10,raw_count,"""OpenAI o1""",ok,2026-07-08,NOT_AUDITED
OpenAI o1,2024-09-12,2025-01-13,123,7,raw_count,"""OpenAI o1""",ok,2026-07-08,NOT_AUDITED
OpenAI o1,2024-09-12,2025-01-20,130,62,raw_count,"""OpenAI o1""",ok,2026-07-08,NOT_AUDITED
OpenAI o1,2024-09-12,2025-01-27,137,411,raw_count,"""OpenAI o1""",ok,2026-07-08,NOT_AUDITED
OpenAI o1,2024-09-12,2025-02-03,144,83,raw_count,"""OpenAI o1""",ok,2026-07-08,NOT_AUDITED
OpenAI o1,2024-09-12,2025-02-10,151,37,raw_count,"""OpenAI o1""",ok,2026-07-08,NOT_AUDITED
OpenAI o1,2024-09-12,2025-02-17,158,27,raw_count,"""OpenAI o1""",ok,2026-07-08,NOT_AUDITED
OpenAI o1,2024-09-12,2025-02-24,165,47,raw_count,"""OpenAI o1""",ok,2026-07-08,NOT_AUDITED
OpenAI o1,2024-09-12,2025-03-03,172,30,raw_count,"""OpenAI o1""",ok,2026-07-08,NOT_AUDITED
OpenAI o1,2024-09-12,2025-03-10,179,12,raw_count,"""OpenAI o1""",ok,2026-07-08,NOT_AUDITED
OpenAI o1,2024-09-12,2025-03-17,186,15,raw_count,"""OpenAI o1""",ok,2026-07-08,NOT_AUDITED
OpenAI o1,2024-09-12,2025-03-24,193,25,raw_count,"""OpenAI o1""",ok,2026-07-08,NOT_AUDITED
OpenAI o1,2024-09-12,2025-03-31,200,19,raw_count,"""OpenAI o1""",ok,2026-07-08,NOT_AUDITED
OpenAI o1,2024-09-12,2025-04-07,207,13,raw_count,"""OpenAI o1""",ok,2026-07-08,NOT_AUDITED
OpenAI o1,2024-09-12,2025-04-14,214,8,raw_count,"""OpenAI o1""",ok,2026-07-08,NOT_AUDITED
OpenAI o1,2024-09-12,2025-04-21,221,4,raw_count,"""OpenAI o1""",ok,2026-07-08,NOT_AUDITED
OpenAI o1,2024-09-12,2025-04-28,228,19,raw_count,"""OpenAI o1""",ok,2026-07-08,NOT_AUDITED
OpenAI o1,2024-09-12,2025-05-05,235,8,raw_count,"""OpenAI o1""",ok,2026-07-08,NOT_AUDITED
OpenAI o1,2024-09-12,2025-05-12,242,0,raw_count,"""OpenAI o1""",ok,2026-07-08,NOT_AUDITED
OpenAI o1,2024-09-12,2025-05-19,249,8,raw_count,"""OpenAI o1""",ok,2026-07-08,NOT_AUDITED
OpenAI o1,2024-09-12,2025-05-26,256,3,raw_count,"""OpenAI o1""",ok,2026-07-08,NOT_AUDITED
OpenAI o1,2024-09-12,2025-06-02,263,7,raw_count,"""OpenAI o1""",ok,2026-07-08,NOT_AUDITED
OpenAI o1,2024-09-12,2025-06-09,270,8,raw_count,"""OpenAI o1""",ok,2026-07-08,NOT_AUDITED
OpenAI o1,2024-09-12,2025-06-16,277,0,raw_count,"""OpenAI o1""",ok,2026-07-08,NOT_AUDITED
OpenAI o1,2024-09-12,2025-06-23,284,0,raw_count,"""OpenAI o1""",ok,2026-07-08,NOT_AUDITED
OpenAI o1,2024-09-12,2025-06-30,291,3,raw_count,"""OpenAI o1""",ok,2026-07-08,NOT_AUDITED
OpenAI o1,2024-09-12,2025-07-07,298,10,raw_count,"""OpenAI o1""",ok,2026-07-08,NOT_AUDITED
OpenAI o1,2024-09-12,2025-07-14,305,4,raw_count,"""OpenAI o1""",ok,2026-07-08,NOT_AUDITED
OpenAI o1,2024-09-12,2025-07-21,312,5,raw_count,"""OpenAI o1""",ok,2026-07-08,NOT_AUDITED
OpenAI o1,2024-09-12,2025-07-28,319,6,raw_count,"""OpenAI o1""",ok,2026-07-08,NOT_AUDITED
OpenAI o1,2024-09-12,2025-08-04,326,9,raw_count,"""OpenAI o1""",ok,2026-07-08,NOT_AUDITED
OpenAI o1,2024-09-12,2025-08-11,333,2,raw_count,"""OpenAI o1""",ok,2026-07-08,NOT_AUDITED
OpenAI o1,2024-09-12,2025-08-18,340,1,raw_count,"""OpenAI o1""",ok,2026-07-08,NOT_AUDITED
OpenAI o1,2024-09-12,2025-08-25,347,1,raw_count,"""OpenAI o1""",ok,2026-07-08,NOT_AUDITED
OpenAI o1,2024-09-12,2025-09-01,354,0,raw_count,"""OpenAI o1""",ok,2026-07-08,NOT_AUDITED
OpenAI o1,2024-09-12,2025-09-08,361,3,raw_count,"""OpenAI o1""",ok,2026-07-08,NOT_AUDITED
OpenAI o1,2024-09-12,2025-09-15,368,6,raw_count,"""OpenAI o1""",ok,2026-07-08,NOT_AUDITED
OpenAI o1,2024-09-12,2025-09-22,375,6,raw_count,"""OpenAI o1""",ok,2026-07-08,NOT_AUDITED
OpenAI o1,2024-09-12,2025-09-29,382,5,raw_count,"""OpenAI o1""",ok,2026-07-08,NOT_AUDITED
OpenAI o1,2024-09-12,2025-10-06,389,0,raw_count,"""OpenAI o1""",ok,2026-07-08,NOT_AUDITED
OpenAI o1,2024-09-12,2025-10-13,396,0,raw_count,"""OpenAI o1""",ok,2026-07-08,NOT_AUDITED
OpenAI o1,2024-09-12,2025-10-20,403,2,raw_count,"""OpenAI o1""",ok,2026-07-08,NOT_AUDITED
OpenAI o1,2024-09-12,2025-10-27,410,2,raw_count,"""OpenAI o1""",ok,2026-07-08,NOT_AUDITED
OpenAI o1,2024-09-12,2025-11-03,417,2,raw_count,"""OpenAI o1""",ok,2026-07-08,NOT_AUDITED
OpenAI o1,2024-09-12,2025-11-10,424,0,raw_count,"""OpenAI o1""",ok,2026-07-08,NOT_AUDITED
OpenAI o1,2024-09-12,2025-11-17,431,0,raw_count,"""OpenAI o1""",ok,2026-07-08,NOT_AUDITED
OpenAI o1,2024-09-12,2025-11-24,438,3,raw_count,"""OpenAI o1""",ok,2026-07-08,NOT_AUDITED
OpenAI o1,2024-09-12,2025-12-01,445,2,raw_count,"""OpenAI o1""",ok,2026-07-08,NOT_AUDITED
OpenAI o1,2024-09-12,2025-12-08,452,3,raw_count,"""OpenAI o1""",ok,2026-07-08,NOT_AUDITED
OpenAI o1,2024-09-12,2025-12-15,459,2,raw_count,"""OpenAI o1""",ok,2026-07-08,NOT_AUDITED
OpenAI o1,2024-09-12,2025-12-22,466,2,raw_count,"""OpenAI o1""",ok,2026-07-08,NOT_AUDITED
OpenAI o1,2024-09-12,2025-12-29,473,5,raw_count,"""OpenAI o1""",ok,2026-07-08,NOT_AUDITED
OpenAI o1,2024-09-12,2026-01-05,480,0,raw_count,"""OpenAI o1""",ok,2026-07-08,NOT_AUDITED
OpenAI o1,2024-09-12,2026-01-12,487,2,raw_count,"""OpenAI o1""",ok,2026-07-08,NOT_AUDITED
OpenAI o1,2024-09-12,2026-01-19,494,1,raw_count,"""OpenAI o1""",ok,2026-07-08,NOT_AUDITED
OpenAI o1,2024-09-12,2026-01-26,501,0,raw_count,"""OpenAI o1""",ok,2026-07-08,NOT_AUDITED
OpenAI o1,2024-09-12,2026-02-02,508,0,raw_count,"""OpenAI o1""",ok,2026-07-08,NOT_AUDITED
OpenAI o1,2024-09-12,2026-02-09,515,0,raw_count,"""OpenAI o1""",ok,2026-07-08,NOT_AUDITED
OpenAI o1,2024-09-12,2026-02-16,522,1,raw_count,"""OpenAI o1""",ok,2026-07-08,NOT_AUDITED
OpenAI o1,2024-09-12,2026-02-23,529,1,raw_count,"""OpenAI o1""",ok,2026-07-08,NOT_AUDITED
OpenAI o1,2024-09-12,2026-03-02,536,3,raw_count,"""OpenAI o1""",ok,2026-07-08,NOT_AUDITED
OpenAI o1,2024-09-12,2026-03-09,543,3,raw_count,"""OpenAI o1""",ok,2026-07-08,NOT_AUDITED
OpenAI o1,2024-09-12,2026-03-16,550,0,raw_count,"""OpenAI o1""",ok,2026-07-08,NOT_AUDITED
OpenAI o1,2024-09-12,2026-03-23,557,0,raw_count,"""OpenAI o1""",ok,2026-07-08,NOT_AUDITED
OpenAI o1,2024-09-12,2026-03-30,564,4,raw_count,"""OpenAI o1""",ok,2026-07-08,NOT_AUDITED
OpenAI o1,2024-09-12,2026-04-06,571,1,raw_count,"""OpenAI o1""",ok,2026-07-08,NOT_AUDITED
OpenAI o1,2024-09-12,2026-04-13,578,0,raw_count,"""OpenAI o1""",ok,2026-07-08,NOT_AUDITED
OpenAI o1,2024-09-12,2026-04-20,585,1,raw_count,"""OpenAI o1""",ok,2026-07-08,NOT_AUDITED
OpenAI o1,2024-09-12,2026-04-27,592,6,raw_count,"""OpenAI o1""",ok,2026-07-08,NOT_AUDITED
OpenAI o1,2024-09-12,2026-05-04,599,3,raw_count,"""OpenAI o1""",ok,2026-07-08,NOT_AUDITED
OpenAI o1,2024-09-12,2026-05-11,606,0,raw_count,"""OpenAI o1""",ok,2026-07-08,NOT_AUDITED
OpenAI o1,2024-09-12,2026-05-18,613,2,raw_count,"""OpenAI o1""",ok,2026-07-08,NOT_AUDITED
OpenAI o1,2024-09-12,2026-05-25,620,0,raw_count,"""OpenAI o1""",ok,2026-07-08,NOT_AUDITED
OpenAI o1,2024-09-12,2026-06-01,627,5,raw_count,"""OpenAI o1""",ok,2026-07-08,NOT_AUDITED
OpenAI o1,2024-09-12,2026-06-08,634,1,raw_count,"""OpenAI o1""",ok,2026-07-08,NOT_AUDITED
OpenAI o1,2024-09-12,2026-06-15,641,5,raw_count,"""OpenAI o1""",ok,2026-07-08,NOT_AUDITED
OpenAI o1,2024-09-12,2026-06-22,648,2,raw_count,"""OpenAI o1""",ok,2026-07-08,NOT_AUDITED
OpenAI o1,2024-09-12,2026-06-29,655,1,raw_count,"""OpenAI o1""",ok,2026-07-08,NOT_AUDITED
Windsurf,2024-11-13,2024-10-14,-30,0,raw_count,"""Windsurf"" (Codeium OR ""code editor"" OR AI)",ok,2026-07-08,PASS
Windsurf,2024-11-13,2024-10-21,-23,0,raw_count,"""Windsurf"" (Codeium OR ""code editor"" OR AI)",ok,2026-07-08,PASS
Windsurf,2024-11-13,2024-10-28,-16,0,raw_count,"""Windsurf"" (Codeium OR ""code editor"" OR AI)",ok,2026-07-08,PASS
Windsurf,2024-11-13,2024-11-04,-9,0,raw_count,"""Windsurf"" (Codeium OR ""code editor"" OR AI)",ok,2026-07-08,PASS
Windsurf,2024-11-13,2024-11-11,-2,2,raw_count,"""Windsurf"" (Codeium OR ""code editor"" OR AI)",ok,2026-07-08,PASS
Windsurf,2024-11-13,2024-11-18,5,0,raw_count,"""Windsurf"" (Codeium OR ""code editor"" OR AI)",ok,2026-07-08,PASS
Windsurf,2024-11-13,2024-11-25,12,0,raw_count,"""Windsurf"" (Codeium OR ""code editor"" OR AI)",ok,2026-07-08,PASS
Windsurf,2024-11-13,2024-12-02,19,0,raw_count,"""Windsurf"" (Codeium OR ""code editor"" OR AI)",ok,2026-07-08,PASS
Windsurf,2024-11-13,2024-12-09,26,0,raw_count,"""Windsurf"" (Codeium OR ""code editor"" OR AI)",ok,2026-07-08,PASS
Windsurf,2024-11-13,2024-12-16,33,0,raw_count,"""Windsurf"" (Codeium OR ""code editor"" OR AI)",ok,2026-07-08,PASS
Windsurf,2024-11-13,2024-12-23,40,0,raw_count,"""Windsurf"" (Codeium OR ""code editor"" OR AI)",ok,2026-07-08,PASS
Windsurf,2024-11-13,2024-12-30,47,1,raw_count,"""Windsurf"" (Codeium OR ""code editor"" OR AI)",ok,2026-07-08,PASS
Windsurf,2024-11-13,2025-01-06,54,0,raw_count,"""Windsurf"" (Codeium OR ""code editor"" OR AI)",ok,2026-07-08,PASS
Windsurf,2024-11-13,2025-01-13,61,0,raw_count,"""Windsurf"" (Codeium OR ""code editor"" OR AI)",ok,2026-07-08,PASS
Windsurf,2024-11-13,2025-01-20,68,2,raw_count,"""Windsurf"" (Codeium OR ""code editor"" OR AI)",ok,2026-07-08,PASS
Windsurf,2024-11-13,2025-01-27,75,0,raw_count,"""Windsurf"" (Codeium OR ""code editor"" OR AI)",ok,2026-07-08,PASS
Windsurf,2024-11-13,2025-02-03,82,0,raw_count,"""Windsurf"" (Codeium OR ""code editor"" OR AI)",ok,2026-07-08,PASS
Windsurf,2024-11-13,2025-02-10,89,1,raw_count,"""Windsurf"" (Codeium OR ""code editor"" OR AI)",ok,2026-07-08,PASS
Windsurf,2024-11-13,2025-02-17,96,0,raw_count,"""Windsurf"" (Codeium OR ""code editor"" OR AI)",ok,2026-07-08,PASS
Windsurf,2024-11-13,2025-02-24,103,1,raw_count,"""Windsurf"" (Codeium OR ""code editor"" OR AI)",ok,2026-07-08,PASS
Windsurf,2024-11-13,2025-03-03,110,1,raw_count,"""Windsurf"" (Codeium OR ""code editor"" OR AI)",ok,2026-07-08,PASS
Windsurf,2024-11-13,2025-03-10,117,0,raw_count,"""Windsurf"" (Codeium OR ""code editor"" OR AI)",ok,2026-07-08,PASS
Windsurf,2024-11-13,2025-03-17,124,1,raw_count,"""Windsurf"" (Codeium OR ""code editor"" OR AI)",ok,2026-07-08,PASS
Windsurf,2024-11-13,2025-03-24,131,0,raw_count,"""Windsurf"" (Codeium OR ""code editor"" OR AI)",ok,2026-07-08,PASS
Windsurf,2024-11-13,2025-03-31,138,3,raw_count,"""Windsurf"" (Codeium OR ""code editor"" OR AI)",ok,2026-07-08,PASS
Windsurf,2024-11-13,2025-04-07,145,3,raw_count,"""Windsurf"" (Codeium OR ""code editor"" OR AI)",ok,2026-07-08,PASS
Windsurf,2024-11-13,2025-04-14,152,25,raw_count,"""Windsurf"" (Codeium OR ""code editor"" OR AI)",ok,2026-07-08,PASS
Windsurf,2024-11-13,2025-04-21,159,2,raw_count,"""Windsurf"" (Codeium OR ""code editor"" OR AI)",ok,2026-07-08,PASS
Windsurf,2024-11-13,2025-04-28,166,0,raw_count,"""Windsurf"" (Codeium OR ""code editor"" OR AI)",ok,2026-07-08,PASS
Windsurf,2024-11-13,2025-05-05,173,14,raw_count,"""Windsurf"" (Codeium OR ""code editor"" OR AI)",ok,2026-07-08,PASS
Windsurf,2024-11-13,2025-05-12,180,5,raw_count,"""Windsurf"" (Codeium OR ""code editor"" OR AI)",ok,2026-07-08,PASS
Windsurf,2024-11-13,2025-05-19,187,1,raw_count,"""Windsurf"" (Codeium OR ""code editor"" OR AI)",ok,2026-07-08,PASS
Windsurf,2024-11-13,2025-05-26,194,1,raw_count,"""Windsurf"" (Codeium OR ""code editor"" OR AI)",ok,2026-07-08,PASS
Windsurf,2024-11-13,2025-06-02,201,10,raw_count,"""Windsurf"" (Codeium OR ""code editor"" OR AI)",ok,2026-07-08,PASS
Windsurf,2024-11-13,2025-06-09,208,0,raw_count,"""Windsurf"" (Codeium OR ""code editor"" OR AI)",ok,2026-07-08,PASS
Windsurf,2024-11-13,2025-06-16,215,0,raw_count,"""Windsurf"" (Codeium OR ""code editor"" OR AI)",ok,2026-07-08,PASS
Windsurf,2024-11-13,2025-06-23,222,0,raw_count,"""Windsurf"" (Codeium OR ""code editor"" OR AI)",ok,2026-07-08,PASS
Windsurf,2024-11-13,2025-06-30,229,0,raw_count,"""Windsurf"" (Codeium OR ""code editor"" OR AI)",ok,2026-07-08,PASS
Windsurf,2024-11-13,2025-07-07,236,11,raw_count,"""Windsurf"" (Codeium OR ""code editor"" OR AI)",ok,2026-07-08,PASS
Windsurf,2024-11-13,2025-07-14,243,4,raw_count,"""Windsurf"" (Codeium OR ""code editor"" OR AI)",ok,2026-07-08,PASS
Windsurf,2024-11-13,2025-07-21,250,2,raw_count,"""Windsurf"" (Codeium OR ""code editor"" OR AI)",ok,2026-07-08,PASS
Windsurf,2024-11-13,2025-07-28,257,2,raw_count,"""Windsurf"" (Codeium OR ""code editor"" OR AI)",ok,2026-07-08,PASS
Windsurf,2024-11-13,2025-08-04,264,1,raw_count,"""Windsurf"" (Codeium OR ""code editor"" OR AI)",ok,2026-07-08,PASS
Windsurf,2024-11-13,2025-08-11,271,0,raw_count,"""Windsurf"" (Codeium OR ""code editor"" OR AI)",ok,2026-07-08,PASS
Windsurf,2024-11-13,2025-08-18,278,0,raw_count,"""Windsurf"" (Codeium OR ""code editor"" OR AI)",ok,2026-07-08,PASS
Windsurf,2024-11-13,2025-08-25,285,0,raw_count,"""Windsurf"" (Codeium OR ""code editor"" OR AI)",ok,2026-07-08,PASS
Windsurf,2024-11-13,2025-09-01,292,0,raw_count,"""Windsurf"" (Codeium OR ""code editor"" OR AI)",ok,2026-07-08,PASS
Windsurf,2024-11-13,2025-09-08,299,0,raw_count,"""Windsurf"" (Codeium OR ""code editor"" OR AI)",ok,2026-07-08,PASS
Windsurf,2024-11-13,2025-09-15,306,1,raw_count,"""Windsurf"" (Codeium OR ""code editor"" OR AI)",ok,2026-07-08,PASS
Windsurf,2024-11-13,2025-09-22,313,0,raw_count,"""Windsurf"" (Codeium OR ""code editor"" OR AI)",ok,2026-07-08,PASS
Windsurf,2024-11-13,2025-09-29,320,0,raw_count,"""Windsurf"" (Codeium OR ""code editor"" OR AI)",ok,2026-07-08,PASS
Windsurf,2024-11-13,2025-10-06,327,1,raw_count,"""Windsurf"" (Codeium OR ""code editor"" OR AI)",ok,2026-07-08,PASS
Windsurf,2024-11-13,2025-10-13,334,1,raw_count,"""Windsurf"" (Codeium OR ""code editor"" OR AI)",ok,2026-07-08,PASS
Windsurf,2024-11-13,2025-10-20,341,0,raw_count,"""Windsurf"" (Codeium OR ""code editor"" OR AI)",ok,2026-07-08,PASS
Windsurf,2024-11-13,2025-10-27,348,1,raw_count,"""Windsurf"" (Codeium OR ""code editor"" OR AI)",ok,2026-07-08,PASS
Windsurf,2024-11-13,2025-11-03,355,0,raw_count,"""Windsurf"" (Codeium OR ""code editor"" OR AI)",ok,2026-07-08,PASS
Windsurf,2024-11-13,2025-11-10,362,0,raw_count,"""Windsurf"" (Codeium OR ""code editor"" OR AI)",ok,2026-07-08,PASS
Windsurf,2024-11-13,2025-11-17,369,1,raw_count,"""Windsurf"" (Codeium OR ""code editor"" OR AI)",ok,2026-07-08,PASS
Windsurf,2024-11-13,2025-11-24,376,0,raw_count,"""Windsurf"" (Codeium OR ""code editor"" OR AI)",ok,2026-07-08,PASS
Windsurf,2024-11-13,2025-12-01,383,0,raw_count,"""Windsurf"" (Codeium OR ""code editor"" OR AI)",ok,2026-07-08,PASS
Windsurf,2024-11-13,2025-12-08,390,1,raw_count,"""Windsurf"" (Codeium OR ""code editor"" OR AI)",ok,2026-07-08,PASS
Windsurf,2024-11-13,2025-12-15,397,2,raw_count,"""Windsurf"" (Codeium OR ""code editor"" OR AI)",ok,2026-07-08,PASS
Windsurf,2024-11-13,2025-12-22,404,0,raw_count,"""Windsurf"" (Codeium OR ""code editor"" OR AI)",ok,2026-07-08,PASS
Windsurf,2024-11-13,2025-12-29,411,0,raw_count,"""Windsurf"" (Codeium OR ""code editor"" OR AI)",ok,2026-07-08,PASS
Windsurf,2024-11-13,2026-01-05,418,1,raw_count,"""Windsurf"" (Codeium OR ""code editor"" OR AI)",ok,2026-07-08,PASS
Windsurf,2024-11-13,2026-01-12,425,1,raw_count,"""Windsurf"" (Codeium OR ""code editor"" OR AI)",ok,2026-07-08,PASS
Windsurf,2024-11-13,2026-01-19,432,0,raw_count,"""Windsurf"" (Codeium OR ""code editor"" OR AI)",ok,2026-07-08,PASS
Windsurf,2024-11-13,2026-01-26,439,0,raw_count,"""Windsurf"" (Codeium OR ""code editor"" OR AI)",ok,2026-07-08,PASS
Windsurf,2024-11-13,2026-02-02,446,0,raw_count,"""Windsurf"" (Codeium OR ""code editor"" OR AI)",ok,2026-07-08,PASS
Windsurf,2024-11-13,2026-02-09,453,0,raw_count,"""Windsurf"" (Codeium OR ""code editor"" OR AI)",ok,2026-07-08,PASS
Windsurf,2024-11-13,2026-02-16,460,0,raw_count,"""Windsurf"" (Codeium OR ""code editor"" OR AI)",ok,2026-07-08,PASS
Windsurf,2024-11-13,2026-02-23,467,0,raw_count,"""Windsurf"" (Codeium OR ""code editor"" OR AI)",ok,2026-07-08,PASS
Windsurf,2024-11-13,2026-03-02,474,0,raw_count,"""Windsurf"" (Codeium OR ""code editor"" OR AI)",ok,2026-07-08,PASS
Windsurf,2024-11-13,2026-03-09,481,0,raw_count,"""Windsurf"" (Codeium OR ""code editor"" OR AI)",ok,2026-07-08,PASS
Windsurf,2024-11-13,2026-03-16,488,0,raw_count,"""Windsurf"" (Codeium OR ""code editor"" OR AI)",ok,2026-07-08,PASS
Windsurf,2024-11-13,2026-03-23,495,1,raw_count,"""Windsurf"" (Codeium OR ""code editor"" OR AI)",ok,2026-07-08,PASS
Windsurf,2024-11-13,2026-03-30,502,0,raw_count,"""Windsurf"" (Codeium OR ""code editor"" OR AI)",ok,2026-07-08,PASS
Windsurf,2024-11-13,2026-04-06,509,0,raw_count,"""Windsurf"" (Codeium OR ""code editor"" OR AI)",ok,2026-07-08,PASS
Windsurf,2024-11-13,2026-04-13,516,1,raw_count,"""Windsurf"" (Codeium OR ""code editor"" OR AI)",ok,2026-07-08,PASS
Windsurf,2024-11-13,2026-04-20,523,0,raw_count,"""Windsurf"" (Codeium OR ""code editor"" OR AI)",ok,2026-07-08,PASS
Windsurf,2024-11-13,2026-04-27,530,0,raw_count,"""Windsurf"" (Codeium OR ""code editor"" OR AI)",ok,2026-07-08,PASS
Windsurf,2024-11-13,2026-05-04,537,0,raw_count,"""Windsurf"" (Codeium OR ""code editor"" OR AI)",ok,2026-07-08,PASS
Windsurf,2024-11-13,2026-05-11,544,0,raw_count,"""Windsurf"" (Codeium OR ""code editor"" OR AI)",ok,2026-07-08,PASS
Windsurf,2024-11-13,2026-05-18,551,2,raw_count,"""Windsurf"" (Codeium OR ""code editor"" OR AI)",ok,2026-07-08,PASS
Windsurf,2024-11-13,2026-05-25,558,1,raw_count,"""Windsurf"" (Codeium OR ""code editor"" OR AI)",ok,2026-07-08,PASS
Windsurf,2024-11-13,2026-06-01,565,0,raw_count,"""Windsurf"" (Codeium OR ""code editor"" OR AI)",ok,2026-07-08,PASS
Windsurf,2024-11-13,2026-06-08,572,0,raw_count,"""Windsurf"" (Codeium OR ""code editor"" OR AI)",ok,2026-07-08,PASS
Windsurf,2024-11-13,2026-06-15,579,2,raw_count,"""Windsurf"" (Codeium OR ""code editor"" OR AI)",ok,2026-07-08,PASS
Windsurf,2024-11-13,2026-06-22,586,1,raw_count,"""Windsurf"" (Codeium OR ""code editor"" OR AI)",ok,2026-07-08,PASS
Windsurf,2024-11-13,2026-06-29,593,0,raw_count,"""Windsurf"" (Codeium OR ""code editor"" OR AI)",ok,2026-07-08,PASS
DeepSeek-R1,2025-01-20,2024-12-23,-28,0,raw_count,"""DeepSeek-R1""",ok,2026-07-08,NOT_AUDITED
DeepSeek-R1,2025-01-20,2024-12-30,-21,3,raw_count,"""DeepSeek-R1""",ok,2026-07-08,NOT_AUDITED
DeepSeek-R1,2025-01-20,2025-01-06,-14,1,raw_count,"""DeepSeek-R1""",ok,2026-07-08,NOT_AUDITED
DeepSeek-R1,2025-01-20,2025-01-13,-7,1,raw_count,"""DeepSeek-R1""",ok,2026-07-08,NOT_AUDITED
DeepSeek-R1,2025-01-20,2025-01-20,0,61,raw_count,"""DeepSeek-R1""",ok,2026-07-08,NOT_AUDITED
DeepSeek-R1,2025-01-20,2025-01-27,7,1030,raw_count,"""DeepSeek-R1""",ok,2026-07-08,NOT_AUDITED
DeepSeek-R1,2025-01-20,2025-02-03,14,329,raw_count,"""DeepSeek-R1""",ok,2026-07-08,NOT_AUDITED
DeepSeek-R1,2025-01-20,2025-02-10,21,135,raw_count,"""DeepSeek-R1""",ok,2026-07-08,NOT_AUDITED
DeepSeek-R1,2025-01-20,2025-02-17,28,190,raw_count,"""DeepSeek-R1""",ok,2026-07-08,NOT_AUDITED
DeepSeek-R1,2025-01-20,2025-02-24,35,196,raw_count,"""DeepSeek-R1""",ok,2026-07-08,NOT_AUDITED
DeepSeek-R1,2025-01-20,2025-03-03,42,97,raw_count,"""DeepSeek-R1""",ok,2026-07-08,NOT_AUDITED
DeepSeek-R1,2025-01-20,2025-03-10,49,88,raw_count,"""DeepSeek-R1""",ok,2026-07-08,NOT_AUDITED
DeepSeek-R1,2025-01-20,2025-03-17,56,127,raw_count,"""DeepSeek-R1""",ok,2026-07-08,NOT_AUDITED
DeepSeek-R1,2025-01-20,2025-03-24,63,99,raw_count,"""DeepSeek-R1""",ok,2026-07-08,NOT_AUDITED
DeepSeek-R1,2025-01-20,2025-03-31,70,68,raw_count,"""DeepSeek-R1""",ok,2026-07-08,NOT_AUDITED
DeepSeek-R1,2025-01-20,2025-04-07,77,42,raw_count,"""DeepSeek-R1""",ok,2026-07-08,NOT_AUDITED
DeepSeek-R1,2025-01-20,2025-04-14,84,62,raw_count,"""DeepSeek-R1""",ok,2026-07-08,NOT_AUDITED
DeepSeek-R1,2025-01-20,2025-04-21,91,29,raw_count,"""DeepSeek-R1""",ok,2026-07-08,NOT_AUDITED
DeepSeek-R1,2025-01-20,2025-04-28,98,47,raw_count,"""DeepSeek-R1""",ok,2026-07-08,NOT_AUDITED
DeepSeek-R1,2025-01-20,2025-05-05,105,42,raw_count,"""DeepSeek-R1""",ok,2026-07-08,NOT_AUDITED
DeepSeek-R1,2025-01-20,2025-05-12,112,27,raw_count,"""DeepSeek-R1""",ok,2026-07-08,NOT_AUDITED
DeepSeek-R1,2025-01-20,2025-05-19,119,28,raw_count,"""DeepSeek-R1""",ok,2026-07-08,NOT_AUDITED
DeepSeek-R1,2025-01-20,2025-05-26,126,36,raw_count,"""DeepSeek-R1""",ok,2026-07-08,NOT_AUDITED
DeepSeek-R1,2025-01-20,2025-06-02,133,19,raw_count,"""DeepSeek-R1""",ok,2026-07-08,NOT_AUDITED
DeepSeek-R1,2025-01-20,2025-06-09,140,33,raw_count,"""DeepSeek-R1""",ok,2026-07-08,NOT_AUDITED
DeepSeek-R1,2025-01-20,2025-06-16,147,0,raw_count,"""DeepSeek-R1""",ok,2026-07-08,NOT_AUDITED
DeepSeek-R1,2025-01-20,2025-06-23,154,0,raw_count,"""DeepSeek-R1""",ok,2026-07-08,NOT_AUDITED
DeepSeek-R1,2025-01-20,2025-06-30,161,16,raw_count,"""DeepSeek-R1""",ok,2026-07-08,NOT_AUDITED
DeepSeek-R1,2025-01-20,2025-07-07,168,29,raw_count,"""DeepSeek-R1""",ok,2026-07-08,NOT_AUDITED
DeepSeek-R1,2025-01-20,2025-07-14,175,20,raw_count,"""DeepSeek-R1""",ok,2026-07-08,NOT_AUDITED
DeepSeek-R1,2025-01-20,2025-07-21,182,18,raw_count,"""DeepSeek-R1""",ok,2026-07-08,NOT_AUDITED
DeepSeek-R1,2025-01-20,2025-07-28,189,32,raw_count,"""DeepSeek-R1""",ok,2026-07-08,NOT_AUDITED
DeepSeek-R1,2025-01-20,2025-08-04,196,36,raw_count,"""DeepSeek-R1""",ok,2026-07-08,NOT_AUDITED
DeepSeek-R1,2025-01-20,2025-08-11,203,16,raw_count,"""DeepSeek-R1""",ok,2026-07-08,NOT_AUDITED
DeepSeek-R1,2025-01-20,2025-08-18,210,13,raw_count,"""DeepSeek-R1""",ok,2026-07-08,NOT_AUDITED
DeepSeek-R1,2025-01-20,2025-08-25,217,15,raw_count,"""DeepSeek-R1""",ok,2026-07-08,NOT_AUDITED
DeepSeek-R1,2025-01-20,2025-09-01,224,10,raw_count,"""DeepSeek-R1""",ok,2026-07-08,NOT_AUDITED
DeepSeek-R1,2025-01-20,2025-09-08,231,12,raw_count,"""DeepSeek-R1""",ok,2026-07-08,NOT_AUDITED
DeepSeek-R1,2025-01-20,2025-09-15,238,22,raw_count,"""DeepSeek-R1""",ok,2026-07-08,NOT_AUDITED
DeepSeek-R1,2025-01-20,2025-09-22,245,17,raw_count,"""DeepSeek-R1""",ok,2026-07-08,NOT_AUDITED
DeepSeek-R1,2025-01-20,2025-09-29,252,7,raw_count,"""DeepSeek-R1""",ok,2026-07-08,NOT_AUDITED
DeepSeek-R1,2025-01-20,2025-10-06,259,7,raw_count,"""DeepSeek-R1""",ok,2026-07-08,NOT_AUDITED
DeepSeek-R1,2025-01-20,2025-10-13,266,10,raw_count,"""DeepSeek-R1""",ok,2026-07-08,NOT_AUDITED
DeepSeek-R1,2025-01-20,2025-10-20,273,9,raw_count,"""DeepSeek-R1""",ok,2026-07-08,NOT_AUDITED
DeepSeek-R1,2025-01-20,2025-10-27,280,10,raw_count,"""DeepSeek-R1""",ok,2026-07-08,NOT_AUDITED
DeepSeek-R1,2025-01-20,2025-11-03,287,5,raw_count,"""DeepSeek-R1""",ok,2026-07-08,NOT_AUDITED
DeepSeek-R1,2025-01-20,2025-11-10,294,6,raw_count,"""DeepSeek-R1""",ok,2026-07-08,NOT_AUDITED
DeepSeek-R1,2025-01-20,2025-11-17,301,11,raw_count,"""DeepSeek-R1""",ok,2026-07-08,NOT_AUDITED
DeepSeek-R1,2025-01-20,2025-11-24,308,26,raw_count,"""DeepSeek-R1""",ok,2026-07-08,NOT_AUDITED
DeepSeek-R1,2025-01-20,2025-12-01,315,13,raw_count,"""DeepSeek-R1""",ok,2026-07-08,NOT_AUDITED
DeepSeek-R1,2025-01-20,2025-12-08,322,11,raw_count,"""DeepSeek-R1""",ok,2026-07-08,NOT_AUDITED
DeepSeek-R1,2025-01-20,2025-12-15,329,10,raw_count,"""DeepSeek-R1""",ok,2026-07-08,NOT_AUDITED
DeepSeek-R1,2025-01-20,2025-12-22,336,21,raw_count,"""DeepSeek-R1""",ok,2026-07-08,NOT_AUDITED
DeepSeek-R1,2025-01-20,2025-12-29,343,34,raw_count,"""DeepSeek-R1""",ok,2026-07-08,NOT_AUDITED
DeepSeek-R1,2025-01-20,2026-01-05,350,12,raw_count,"""DeepSeek-R1""",ok,2026-07-08,NOT_AUDITED
DeepSeek-R1,2025-01-20,2026-01-12,357,7,raw_count,"""DeepSeek-R1""",ok,2026-07-08,NOT_AUDITED
DeepSeek-R1,2025-01-20,2026-01-19,364,10,raw_count,"""DeepSeek-R1""",ok,2026-07-08,NOT_AUDITED
DeepSeek-R1,2025-01-20,2026-01-26,371,9,raw_count,"""DeepSeek-R1""",ok,2026-07-08,NOT_AUDITED
DeepSeek-R1,2025-01-20,2026-02-02,378,58,raw_count,"""DeepSeek-R1""",ok,2026-07-08,NOT_AUDITED
DeepSeek-R1,2025-01-20,2026-02-09,385,24,raw_count,"""DeepSeek-R1""",ok,2026-07-08,NOT_AUDITED
DeepSeek-R1,2025-01-20,2026-02-16,392,7,raw_count,"""DeepSeek-R1""",ok,2026-07-08,NOT_AUDITED
DeepSeek-R1,2025-01-20,2026-02-23,399,8,raw_count,"""DeepSeek-R1""",ok,2026-07-08,NOT_AUDITED
DeepSeek-R1,2025-01-20,2026-03-02,406,4,raw_count,"""DeepSeek-R1""",ok,2026-07-08,NOT_AUDITED
DeepSeek-R1,2025-01-20,2026-03-09,413,10,raw_count,"""DeepSeek-R1""",ok,2026-07-08,NOT_AUDITED
DeepSeek-R1,2025-01-20,2026-03-16,420,6,raw_count,"""DeepSeek-R1""",ok,2026-07-08,NOT_AUDITED
DeepSeek-R1,2025-01-20,2026-03-23,427,10,raw_count,"""DeepSeek-R1""",ok,2026-07-08,NOT_AUDITED
DeepSeek-R1,2025-01-20,2026-03-30,434,14,raw_count,"""DeepSeek-R1""",ok,2026-07-08,NOT_AUDITED
DeepSeek-R1,2025-01-20,2026-04-06,441,8,raw_count,"""DeepSeek-R1""",ok,2026-07-08,NOT_AUDITED
DeepSeek-R1,2025-01-20,2026-04-13,448,12,raw_count,"""DeepSeek-R1""",ok,2026-07-08,NOT_AUDITED
DeepSeek-R1,2025-01-20,2026-04-20,455,7,raw_count,"""DeepSeek-R1""",ok,2026-07-08,NOT_AUDITED
DeepSeek-R1,2025-01-20,2026-04-27,462,9,raw_count,"""DeepSeek-R1""",ok,2026-07-08,NOT_AUDITED
DeepSeek-R1,2025-01-20,2026-05-04,469,5,raw_count,"""DeepSeek-R1""",ok,2026-07-08,NOT_AUDITED
DeepSeek-R1,2025-01-20,2026-05-11,476,5,raw_count,"""DeepSeek-R1""",ok,2026-07-08,NOT_AUDITED
DeepSeek-R1,2025-01-20,2026-05-18,483,4,raw_count,"""DeepSeek-R1""",ok,2026-07-08,NOT_AUDITED
DeepSeek-R1,2025-01-20,2026-05-25,490,4,raw_count,"""DeepSeek-R1""",ok,2026-07-08,NOT_AUDITED
DeepSeek-R1,2025-01-20,2026-06-01,497,6,raw_count,"""DeepSeek-R1""",ok,2026-07-08,NOT_AUDITED
DeepSeek-R1,2025-01-20,2026-06-08,504,4,raw_count,"""DeepSeek-R1""",ok,2026-07-08,NOT_AUDITED
DeepSeek-R1,2025-01-20,2026-06-15,511,7,raw_count,"""DeepSeek-R1""",ok,2026-07-08,NOT_AUDITED
DeepSeek-R1,2025-01-20,2026-06-22,518,8,raw_count,"""DeepSeek-R1""",ok,2026-07-08,NOT_AUDITED
DeepSeek-R1,2025-01-20,2026-06-29,525,8,raw_count,"""DeepSeek-R1""",ok,2026-07-08,NOT_AUDITED
Manus,2025-03-06,2025-02-03,-31,0,raw_count,"""Manus"" (AI OR agent OR Monica)",ok,2026-07-08,PASS
Manus,2025-03-06,2025-02-10,-24,0,raw_count,"""Manus"" (AI OR agent OR Monica)",ok,2026-07-08,PASS
Manus,2025-03-06,2025-02-17,-17,0,raw_count,"""Manus"" (AI OR agent OR Monica)",ok,2026-07-08,PASS
Manus,2025-03-06,2025-02-24,-10,0,raw_count,"""Manus"" (AI OR agent OR Monica)",ok,2026-07-08,PASS
Manus,2025-03-06,2025-03-03,-3,20,raw_count,"""Manus"" (AI OR agent OR Monica)",ok,2026-07-08,PASS
Manus,2025-03-06,2025-03-10,4,75,raw_count,"""Manus"" (AI OR agent OR Monica)",ok,2026-07-08,PASS
Manus,2025-03-06,2025-03-17,11,23,raw_count,"""Manus"" (AI OR agent OR Monica)",ok,2026-07-08,PASS
Manus,2025-03-06,2025-03-24,18,10,raw_count,"""Manus"" (AI OR agent OR Monica)",ok,2026-07-08,PASS
Manus,2025-03-06,2025-03-31,25,14,raw_count,"""Manus"" (AI OR agent OR Monica)",ok,2026-07-08,PASS
Manus,2025-03-06,2025-04-07,32,3,raw_count,"""Manus"" (AI OR agent OR Monica)",ok,2026-07-08,PASS
Manus,2025-03-06,2025-04-14,39,2,raw_count,"""Manus"" (AI OR agent OR Monica)",ok,2026-07-08,PASS
Manus,2025-03-06,2025-04-21,46,4,raw_count,"""Manus"" (AI OR agent OR Monica)",ok,2026-07-08,PASS
Manus,2025-03-06,2025-04-28,53,1,raw_count,"""Manus"" (AI OR agent OR Monica)",ok,2026-07-08,PASS
Manus,2025-03-06,2025-05-05,60,7,raw_count,"""Manus"" (AI OR agent OR Monica)",ok,2026-07-08,PASS
Manus,2025-03-06,2025-05-12,67,2,raw_count,"""Manus"" (AI OR agent OR Monica)",ok,2026-07-08,PASS
Manus,2025-03-06,2025-05-19,74,6,raw_count,"""Manus"" (AI OR agent OR Monica)",ok,2026-07-08,PASS
Manus,2025-03-06,2025-05-26,81,2,raw_count,"""Manus"" (AI OR agent OR Monica)",ok,2026-07-08,PASS
Manus,2025-03-06,2025-06-02,88,2,raw_count,"""Manus"" (AI OR agent OR Monica)",ok,2026-07-08,PASS
Manus,2025-03-06,2025-06-09,95,1,raw_count,"""Manus"" (AI OR agent OR Monica)",ok,2026-07-08,PASS
Manus,2025-03-06,2025-06-16,102,0,raw_count,"""Manus"" (AI OR agent OR Monica)",ok,2026-07-08,PASS
Manus,2025-03-06,2025-06-23,109,0,raw_count,"""Manus"" (AI OR agent OR Monica)",ok,2026-07-08,PASS
Manus,2025-03-06,2025-06-30,116,0,raw_count,"""Manus"" (AI OR agent OR Monica)",ok,2026-07-08,PASS
Manus,2025-03-06,2025-07-07,123,6,raw_count,"""Manus"" (AI OR agent OR Monica)",ok,2026-07-08,PASS
Manus,2025-03-06,2025-07-14,130,5,raw_count,"""Manus"" (AI OR agent OR Monica)",ok,2026-07-08,PASS
Manus,2025-03-06,2025-07-21,137,5,raw_count,"""Manus"" (AI OR agent OR Monica)",ok,2026-07-08,PASS
Manus,2025-03-06,2025-07-28,144,8,raw_count,"""Manus"" (AI OR agent OR Monica)",ok,2026-07-08,PASS
Manus,2025-03-06,2025-08-04,151,5,raw_count,"""Manus"" (AI OR agent OR Monica)",ok,2026-07-08,PASS
Manus,2025-03-06,2025-08-11,158,3,raw_count,"""Manus"" (AI OR agent OR Monica)",ok,2026-07-08,PASS
Manus,2025-03-06,2025-08-18,165,1,raw_count,"""Manus"" (AI OR agent OR Monica)",ok,2026-07-08,PASS
Manus,2025-03-06,2025-08-25,172,2,raw_count,"""Manus"" (AI OR agent OR Monica)",ok,2026-07-08,PASS
Manus,2025-03-06,2025-09-01,179,6,raw_count,"""Manus"" (AI OR agent OR Monica)",ok,2026-07-08,PASS
Manus,2025-03-06,2025-09-08,186,0,raw_count,"""Manus"" (AI OR agent OR Monica)",ok,2026-07-08,PASS
Manus,2025-03-06,2025-09-15,193,1,raw_count,"""Manus"" (AI OR agent OR Monica)",ok,2026-07-08,PASS
Manus,2025-03-06,2025-09-22,200,2,raw_count,"""Manus"" (AI OR agent OR Monica)",ok,2026-07-08,PASS
Manus,2025-03-06,2025-09-29,207,1,raw_count,"""Manus"" (AI OR agent OR Monica)",ok,2026-07-08,PASS
Manus,2025-03-06,2025-10-06,214,1,raw_count,"""Manus"" (AI OR agent OR Monica)",ok,2026-07-08,PASS
Manus,2025-03-06,2025-10-13,221,12,raw_count,"""Manus"" (AI OR agent OR Monica)",ok,2026-07-08,PASS
Manus,2025-03-06,2025-10-20,228,0,raw_count,"""Manus"" (AI OR agent OR Monica)",ok,2026-07-08,PASS
Manus,2025-03-06,2025-10-27,235,0,raw_count,"""Manus"" (AI OR agent OR Monica)",ok,2026-07-08,PASS
Manus,2025-03-06,2025-11-03,242,3,raw_count,"""Manus"" (AI OR agent OR Monica)",ok,2026-07-08,PASS
Manus,2025-03-06,2025-11-10,249,0,raw_count,"""Manus"" (AI OR agent OR Monica)",ok,2026-07-08,PASS
Manus,2025-03-06,2025-11-17,256,5,raw_count,"""Manus"" (AI OR agent OR Monica)",ok,2026-07-08,PASS
Manus,2025-03-06,2025-11-24,263,2,raw_count,"""Manus"" (AI OR agent OR Monica)",ok,2026-07-08,PASS
Manus,2025-03-06,2025-12-01,270,4,raw_count,"""Manus"" (AI OR agent OR Monica)",ok,2026-07-08,PASS
Manus,2025-03-06,2025-12-08,277,3,raw_count,"""Manus"" (AI OR agent OR Monica)",ok,2026-07-08,PASS
Manus,2025-03-06,2025-12-15,284,10,raw_count,"""Manus"" (AI OR agent OR Monica)",ok,2026-07-08,PASS
Manus,2025-03-06,2025-12-22,291,2,raw_count,"""Manus"" (AI OR agent OR Monica)",ok,2026-07-08,PASS
Manus,2025-03-06,2025-12-29,298,180,raw_count,"""Manus"" (AI OR agent OR Monica)",ok,2026-07-08,PASS
Manus,2025-03-06,2026-01-05,305,77,raw_count,"""Manus"" (AI OR agent OR Monica)",ok,2026-07-08,PASS
Manus,2025-03-06,2026-01-12,312,9,raw_count,"""Manus"" (AI OR agent OR Monica)",ok,2026-07-08,PASS
Manus,2025-03-06,2026-01-19,319,8,raw_count,"""Manus"" (AI OR agent OR Monica)",ok,2026-07-08,PASS
Manus,2025-03-06,2026-01-26,326,30,raw_count,"""Manus"" (AI OR agent OR Monica)",ok,2026-07-08,PASS
Manus,2025-03-06,2026-02-02,333,1,raw_count,"""Manus"" (AI OR agent OR Monica)",ok,2026-07-08,PASS
Manus,2025-03-06,2026-02-09,340,5,raw_count,"""Manus"" (AI OR agent OR Monica)",ok,2026-07-08,PASS
Manus,2025-03-06,2026-02-16,347,9,raw_count,"""Manus"" (AI OR agent OR Monica)",ok,2026-07-08,PASS
Manus,2025-03-06,2026-02-23,354,3,raw_count,"""Manus"" (AI OR agent OR Monica)",ok,2026-07-08,PASS
Manus,2025-03-06,2026-03-02,361,5,raw_count,"""Manus"" (AI OR agent OR Monica)",ok,2026-07-08,PASS
Manus,2025-03-06,2026-03-09,368,24,raw_count,"""Manus"" (AI OR agent OR Monica)",ok,2026-07-08,PASS
Manus,2025-03-06,2026-03-16,375,10,raw_count,"""Manus"" (AI OR agent OR Monica)",ok,2026-07-08,PASS
Manus,2025-03-06,2026-03-23,382,15,raw_count,"""Manus"" (AI OR agent OR Monica)",ok,2026-07-08,PASS
Manus,2025-03-06,2026-03-30,389,5,raw_count,"""Manus"" (AI OR agent OR Monica)",ok,2026-07-08,PASS
Manus,2025-03-06,2026-04-06,396,2,raw_count,"""Manus"" (AI OR agent OR Monica)",ok,2026-07-08,PASS
Manus,2025-03-06,2026-04-13,403,2,raw_count,"""Manus"" (AI OR agent OR Monica)",ok,2026-07-08,PASS
Manus,2025-03-06,2026-04-20,410,6,raw_count,"""Manus"" (AI OR agent OR Monica)",ok,2026-07-08,PASS
Manus,2025-03-06,2026-04-27,417,121,raw_count,"""Manus"" (AI OR agent OR Monica)",ok,2026-07-08,PASS
Manus,2025-03-06,2026-05-04,424,7,raw_count,"""Manus"" (AI OR agent OR Monica)",ok,2026-07-08,PASS
Manus,2025-03-06,2026-05-11,431,6,raw_count,"""Manus"" (AI OR agent OR Monica)",ok,2026-07-08,PASS
Manus,2025-03-06,2026-05-18,438,7,raw_count,"""Manus"" (AI OR agent OR Monica)",ok,2026-07-08,PASS
Manus,2025-03-06,2026-05-25,445,1,raw_count,"""Manus"" (AI OR agent OR Monica)",ok,2026-07-08,PASS
Manus,2025-03-06,2026-06-01,452,4,raw_count,"""Manus"" (AI OR agent OR Monica)",ok,2026-07-08,PASS
Manus,2025-03-06,2026-06-08,459,5,raw_count,"""Manus"" (AI OR agent OR Monica)",ok,2026-07-08,PASS
Manus,2025-03-06,2026-06-15,466,6,raw_count,"""Manus"" (AI OR agent OR Monica)",ok,2026-07-08,PASS
Manus,2025-03-06,2026-06-22,473,1,raw_count,"""Manus"" (AI OR agent OR Monica)",ok,2026-07-08,PASS
Manus,2025-03-06,2026-06-29,480,0,raw_count,"""Manus"" (AI OR agent OR Monica)",ok,2026-07-08,PASS
Cursor,2023-03-01,2023-01-30,-30,3,raw_count,"""Cursor"" (Anysphere OR ""code editor"" OR AI OR coding)",ok,2026-07-08,PASS
Cursor,2023-03-01,2023-02-06,-23,2,raw_count,"""Cursor"" (Anysphere OR ""code editor"" OR AI OR coding)",ok,2026-07-08,PASS
Cursor,2023-03-01,2023-02-13,-16,2,raw_count,"""Cursor"" (Anysphere OR ""code editor"" OR AI OR coding)",ok,2026-07-08,PASS
Cursor,2023-03-01,2023-02-20,-9,5,raw_count,"""Cursor"" (Anysphere OR ""code editor"" OR AI OR coding)",ok,2026-07-08,PASS
Cursor,2023-03-01,2023-02-27,-2,2,raw_count,"""Cursor"" (Anysphere OR ""code editor"" OR AI OR coding)",ok,2026-07-08,PASS
Cursor,2023-03-01,2023-03-06,5,4,raw_count,"""Cursor"" (Anysphere OR ""code editor"" OR AI OR coding)",ok,2026-07-08,PASS
Cursor,2023-03-01,2023-03-13,12,5,raw_count,"""Cursor"" (Anysphere OR ""code editor"" OR AI OR coding)",ok,2026-07-08,PASS
Cursor,2023-03-01,2023-03-20,19,7,raw_count,"""Cursor"" (Anysphere OR ""code editor"" OR AI OR coding)",ok,2026-07-08,PASS
Cursor,2023-03-01,2023-03-27,26,2,raw_count,"""Cursor"" (Anysphere OR ""code editor"" OR AI OR coding)",ok,2026-07-08,PASS
Cursor,2023-03-01,2023-04-03,33,0,raw_count,"""Cursor"" (Anysphere OR ""code editor"" OR AI OR coding)",ok,2026-07-08,PASS
Cursor,2023-03-01,2023-04-10,40,4,raw_count,"""Cursor"" (Anysphere OR ""code editor"" OR AI OR coding)",ok,2026-07-08,PASS
Cursor,2023-03-01,2023-04-17,47,2,raw_count,"""Cursor"" (Anysphere OR ""code editor"" OR AI OR coding)",ok,2026-07-08,PASS
Cursor,2023-03-01,2023-04-24,54,5,raw_count,"""Cursor"" (Anysphere OR ""code editor"" OR AI OR coding)",ok,2026-07-08,PASS
Cursor,2023-03-01,2023-05-01,61,4,raw_count,"""Cursor"" (Anysphere OR ""code editor"" OR AI OR coding)",ok,2026-07-08,PASS
Cursor,2023-03-01,2023-05-08,68,5,raw_count,"""Cursor"" (Anysphere OR ""code editor"" OR AI OR coding)",ok,2026-07-08,PASS
Cursor,2023-03-01,2023-05-15,75,2,raw_count,"""Cursor"" (Anysphere OR ""code editor"" OR AI OR coding)",ok,2026-07-08,PASS
Cursor,2023-03-01,2023-05-22,82,1,raw_count,"""Cursor"" (Anysphere OR ""code editor"" OR AI OR coding)",ok,2026-07-08,PASS
Cursor,2023-03-01,2023-05-29,89,4,raw_count,"""Cursor"" (Anysphere OR ""code editor"" OR AI OR coding)",ok,2026-07-08,PASS
Cursor,2023-03-01,2023-06-05,96,2,raw_count,"""Cursor"" (Anysphere OR ""code editor"" OR AI OR coding)",ok,2026-07-08,PASS
Cursor,2023-03-01,2023-06-12,103,0,raw_count,"""Cursor"" (Anysphere OR ""code editor"" OR AI OR coding)",ok,2026-07-08,PASS
Cursor,2023-03-01,2023-06-19,110,1,raw_count,"""Cursor"" (Anysphere OR ""code editor"" OR AI OR coding)",ok,2026-07-08,PASS
Cursor,2023-03-01,2023-06-26,117,3,raw_count,"""Cursor"" (Anysphere OR ""code editor"" OR AI OR coding)",ok,2026-07-08,PASS
Cursor,2023-03-01,2023-07-03,124,0,raw_count,"""Cursor"" (Anysphere OR ""code editor"" OR AI OR coding)",ok,2026-07-08,PASS
Cursor,2023-03-01,2023-07-10,131,1,raw_count,"""Cursor"" (Anysphere OR ""code editor"" OR AI OR coding)",ok,2026-07-08,PASS
Cursor,2023-03-01,2023-07-17,138,2,raw_count,"""Cursor"" (Anysphere OR ""code editor"" OR AI OR coding)",ok,2026-07-08,PASS
Cursor,2023-03-01,2023-07-24,145,0,raw_count,"""Cursor"" (Anysphere OR ""code editor"" OR AI OR coding)",ok,2026-07-08,PASS
Cursor,2023-03-01,2023-07-31,152,1,raw_count,"""Cursor"" (Anysphere OR ""code editor"" OR AI OR coding)",ok,2026-07-08,PASS
Cursor,2023-03-01,2023-08-07,159,2,raw_count,"""Cursor"" (Anysphere OR ""code editor"" OR AI OR coding)",ok,2026-07-08,PASS
Cursor,2023-03-01,2023-08-14,166,6,raw_count,"""Cursor"" (Anysphere OR ""code editor"" OR AI OR coding)",ok,2026-07-08,PASS
Cursor,2023-03-01,2023-08-21,173,2,raw_count,"""Cursor"" (Anysphere OR ""code editor"" OR AI OR coding)",ok,2026-07-08,PASS
Cursor,2023-03-01,2023-08-28,180,4,raw_count,"""Cursor"" (Anysphere OR ""code editor"" OR AI OR coding)",ok,2026-07-08,PASS
Cursor,2023-03-01,2023-09-04,187,1,raw_count,"""Cursor"" (Anysphere OR ""code editor"" OR AI OR coding)",ok,2026-07-08,PASS
Cursor,2023-03-01,2023-09-11,194,1,raw_count,"""Cursor"" (Anysphere OR ""code editor"" OR AI OR coding)",ok,2026-07-08,PASS
Cursor,2023-03-01,2023-09-18,201,1,raw_count,"""Cursor"" (Anysphere OR ""code editor"" OR AI OR coding)",ok,2026-07-08,PASS
Cursor,2023-03-01,2023-09-25,208,0,raw_count,"""Cursor"" (Anysphere OR ""code editor"" OR AI OR coding)",ok,2026-07-08,PASS
Cursor,2023-03-01,2023-10-02,215,0,raw_count,"""Cursor"" (Anysphere OR ""code editor"" OR AI OR coding)",ok,2026-07-08,PASS
Cursor,2023-03-01,2023-10-09,222,3,raw_count,"""Cursor"" (Anysphere OR ""code editor"" OR AI OR coding)",ok,2026-07-08,PASS
Cursor,2023-03-01,2023-10-16,229,1,raw_count,"""Cursor"" (Anysphere OR ""code editor"" OR AI OR coding)",ok,2026-07-08,PASS
Cursor,2023-03-01,2023-10-23,236,2,raw_count,"""Cursor"" (Anysphere OR ""code editor"" OR AI OR coding)",ok,2026-07-08,PASS
Cursor,2023-03-01,2023-10-30,243,4,raw_count,"""Cursor"" (Anysphere OR ""code editor"" OR AI OR coding)",ok,2026-07-08,PASS
Cursor,2023-03-01,2023-11-06,250,2,raw_count,"""Cursor"" (Anysphere OR ""code editor"" OR AI OR coding)",ok,2026-07-08,PASS
Cursor,2023-03-01,2023-11-13,257,4,raw_count,"""Cursor"" (Anysphere OR ""code editor"" OR AI OR coding)",ok,2026-07-08,PASS
Cursor,2023-03-01,2023-11-20,264,4,raw_count,"""Cursor"" (Anysphere OR ""code editor"" OR AI OR coding)",ok,2026-07-08,PASS
Cursor,2023-03-01,2023-11-27,271,0,raw_count,"""Cursor"" (Anysphere OR ""code editor"" OR AI OR coding)",ok,2026-07-08,PASS
Cursor,2023-03-01,2023-12-04,278,4,raw_count,"""Cursor"" (Anysphere OR ""code editor"" OR AI OR coding)",ok,2026-07-08,PASS
Cursor,2023-03-01,2023-12-11,285,2,raw_count,"""Cursor"" (Anysphere OR ""code editor"" OR AI OR coding)",ok,2026-07-08,PASS
Cursor,2023-03-01,2023-12-18,292,1,raw_count,"""Cursor"" (Anysphere OR ""code editor"" OR AI OR coding)",ok,2026-07-08,PASS
Cursor,2023-03-01,2023-12-25,299,2,raw_count,"""Cursor"" (Anysphere OR ""code editor"" OR AI OR coding)",ok,2026-07-08,PASS
Cursor,2023-03-01,2024-01-01,306,1,raw_count,"""Cursor"" (Anysphere OR ""code editor"" OR AI OR coding)",ok,2026-07-08,PASS
Cursor,2023-03-01,2024-01-08,313,0,raw_count,"""Cursor"" (Anysphere OR ""code editor"" OR AI OR coding)",ok,2026-07-08,PASS
Cursor,2023-03-01,2024-01-15,320,0,raw_count,"""Cursor"" (Anysphere OR ""code editor"" OR AI OR coding)",ok,2026-07-08,PASS
Cursor,2023-03-01,2024-01-22,327,1,raw_count,"""Cursor"" (Anysphere OR ""code editor"" OR AI OR coding)",ok,2026-07-08,PASS
Cursor,2023-03-01,2024-01-29,334,4,raw_count,"""Cursor"" (Anysphere OR ""code editor"" OR AI OR coding)",ok,2026-07-08,PASS
Cursor,2023-03-01,2024-02-05,341,2,raw_count,"""Cursor"" (Anysphere OR ""code editor"" OR AI OR coding)",ok,2026-07-08,PASS
Cursor,2023-03-01,2024-02-12,348,1,raw_count,"""Cursor"" (Anysphere OR ""code editor"" OR AI OR coding)",ok,2026-07-08,PASS
Cursor,2023-03-01,2024-02-19,355,3,raw_count,"""Cursor"" (Anysphere OR ""code editor"" OR AI OR coding)",ok,2026-07-08,PASS
Cursor,2023-03-01,2024-02-26,362,1,raw_count,"""Cursor"" (Anysphere OR ""code editor"" OR AI OR coding)",ok,2026-07-08,PASS
Cursor,2023-03-01,2024-03-04,369,2,raw_count,"""Cursor"" (Anysphere OR ""code editor"" OR AI OR coding)",ok,2026-07-08,PASS
Cursor,2023-03-01,2024-03-11,376,1,raw_count,"""Cursor"" (Anysphere OR ""code editor"" OR AI OR coding)",ok,2026-07-08,PASS
Cursor,2023-03-01,2024-03-18,383,3,raw_count,"""Cursor"" (Anysphere OR ""code editor"" OR AI OR coding)",ok,2026-07-08,PASS
Cursor,2023-03-01,2024-03-25,390,1,raw_count,"""Cursor"" (Anysphere OR ""code editor"" OR AI OR coding)",ok,2026-07-08,PASS
Cursor,2023-03-01,2024-04-01,397,5,raw_count,"""Cursor"" (Anysphere OR ""code editor"" OR AI OR coding)",ok,2026-07-08,PASS
Cursor,2023-03-01,2024-04-08,404,4,raw_count,"""Cursor"" (Anysphere OR ""code editor"" OR AI OR coding)",ok,2026-07-08,PASS
Cursor,2023-03-01,2024-04-15,411,3,raw_count,"""Cursor"" (Anysphere OR ""code editor"" OR AI OR coding)",ok,2026-07-08,PASS
Cursor,2023-03-01,2024-04-22,418,6,raw_count,"""Cursor"" (Anysphere OR ""code editor"" OR AI OR coding)",ok,2026-07-08,PASS
Cursor,2023-03-01,2024-04-29,425,4,raw_count,"""Cursor"" (Anysphere OR ""code editor"" OR AI OR coding)",ok,2026-07-08,PASS
Cursor,2023-03-01,2024-05-06,432,3,raw_count,"""Cursor"" (Anysphere OR ""code editor"" OR AI OR coding)",ok,2026-07-08,PASS
Cursor,2023-03-01,2024-05-13,439,5,raw_count,"""Cursor"" (Anysphere OR ""code editor"" OR AI OR coding)",ok,2026-07-08,PASS
Cursor,2023-03-01,2024-05-20,446,6,raw_count,"""Cursor"" (Anysphere OR ""code editor"" OR AI OR coding)",ok,2026-07-08,PASS
Cursor,2023-03-01,2024-05-27,453,3,raw_count,"""Cursor"" (Anysphere OR ""code editor"" OR AI OR coding)",ok,2026-07-08,PASS
Cursor,2023-03-01,2024-06-03,460,1,raw_count,"""Cursor"" (Anysphere OR ""code editor"" OR AI OR coding)",ok,2026-07-08,PASS
Cursor,2023-03-01,2024-06-10,467,3,raw_count,"""Cursor"" (Anysphere OR ""code editor"" OR AI OR coding)",ok,2026-07-08,PASS
Cursor,2023-03-01,2024-06-17,474,2,raw_count,"""Cursor"" (Anysphere OR ""code editor"" OR AI OR coding)",ok,2026-07-08,PASS
Cursor,2023-03-01,2024-06-24,481,3,raw_count,"""Cursor"" (Anysphere OR ""code editor"" OR AI OR coding)",ok,2026-07-08,PASS
Cursor,2023-03-01,2024-07-01,488,0,raw_count,"""Cursor"" (Anysphere OR ""code editor"" OR AI OR coding)",ok,2026-07-08,PASS
Cursor,2023-03-01,2024-07-08,495,4,raw_count,"""Cursor"" (Anysphere OR ""code editor"" OR AI OR coding)",ok,2026-07-08,PASS
Cursor,2023-03-01,2024-07-15,502,7,raw_count,"""Cursor"" (Anysphere OR ""code editor"" OR AI OR coding)",ok,2026-07-08,PASS
Cursor,2023-03-01,2024-07-22,509,0,raw_count,"""Cursor"" (Anysphere OR ""code editor"" OR AI OR coding)",ok,2026-07-08,PASS
Cursor,2023-03-01,2024-07-29,516,1,raw_count,"""Cursor"" (Anysphere OR ""code editor"" OR AI OR coding)",ok,2026-07-08,PASS
Cursor,2023-03-01,2024-08-05,523,3,raw_count,"""Cursor"" (Anysphere OR ""code editor"" OR AI OR coding)",ok,2026-07-08,PASS
Cursor,2023-03-01,2024-08-12,530,2,raw_count,"""Cursor"" (Anysphere OR ""code editor"" OR AI OR coding)",ok,2026-07-08,PASS
Cursor,2023-03-01,2024-08-19,537,3,raw_count,"""Cursor"" (Anysphere OR ""code editor"" OR AI OR coding)",ok,2026-07-08,PASS
Cursor,2023-03-01,2024-08-26,544,9,raw_count,"""Cursor"" (Anysphere OR ""code editor"" OR AI OR coding)",ok,2026-07-08,PASS
Cursor,2023-03-01,2024-09-02,551,0,raw_count,"""Cursor"" (Anysphere OR ""code editor"" OR AI OR coding)",ok,2026-07-08,PASS
Cursor,2023-03-01,2024-09-09,558,7,raw_count,"""Cursor"" (Anysphere OR ""code editor"" OR AI OR coding)",ok,2026-07-08,PASS
Cursor,2023-03-01,2024-09-16,565,4,raw_count,"""Cursor"" (Anysphere OR ""code editor"" OR AI OR coding)",ok,2026-07-08,PASS
Cursor,2023-03-01,2024-09-23,572,3,raw_count,"""Cursor"" (Anysphere OR ""code editor"" OR AI OR coding)",ok,2026-07-08,PASS
Cursor,2023-03-01,2024-09-30,579,7,raw_count,"""Cursor"" (Anysphere OR ""code editor"" OR AI OR coding)",ok,2026-07-08,PASS
Cursor,2023-03-01,2024-10-07,586,6,raw_count,"""Cursor"" (Anysphere OR ""code editor"" OR AI OR coding)",ok,2026-07-08,PASS
Cursor,2023-03-01,2024-10-14,593,8,raw_count,"""Cursor"" (Anysphere OR ""code editor"" OR AI OR coding)",ok,2026-07-08,PASS
Cursor,2023-03-01,2024-10-21,600,24,raw_count,"""Cursor"" (Anysphere OR ""code editor"" OR AI OR coding)",ok,2026-07-08,PASS
Cursor,2023-03-01,2024-10-28,607,7,raw_count,"""Cursor"" (Anysphere OR ""code editor"" OR AI OR coding)",ok,2026-07-08,PASS
Cursor,2023-03-01,2024-11-04,614,6,raw_count,"""Cursor"" (Anysphere OR ""code editor"" OR AI OR coding)",ok,2026-07-08,PASS
Cursor,2023-03-01,2024-11-11,621,9,raw_count,"""Cursor"" (Anysphere OR ""code editor"" OR AI OR coding)",ok,2026-07-08,PASS
Cursor,2023-03-01,2024-11-18,628,3,raw_count,"""Cursor"" (Anysphere OR ""code editor"" OR AI OR coding)",ok,2026-07-08,PASS
Cursor,2023-03-01,2024-11-25,635,5,raw_count,"""Cursor"" (Anysphere OR ""code editor"" OR AI OR coding)",ok,2026-07-08,PASS
Cursor,2023-03-01,2024-12-02,642,9,raw_count,"""Cursor"" (Anysphere OR ""code editor"" OR AI OR coding)",ok,2026-07-08,PASS
Cursor,2023-03-01,2024-12-09,649,12,raw_count,"""Cursor"" (Anysphere OR ""code editor"" OR AI OR coding)",ok,2026-07-08,PASS
Cursor,2023-03-01,2024-12-16,656,11,raw_count,"""Cursor"" (Anysphere OR ""code editor"" OR AI OR coding)",ok,2026-07-08,PASS
Cursor,2023-03-01,2024-12-23,663,7,raw_count,"""Cursor"" (Anysphere OR ""code editor"" OR AI OR coding)",ok,2026-07-08,PASS
Cursor,2023-03-01,2024-12-30,670,7,raw_count,"""Cursor"" (Anysphere OR ""code editor"" OR AI OR coding)",ok,2026-07-08,PASS
Cursor,2023-03-01,2025-01-06,677,4,raw_count,"""Cursor"" (Anysphere OR ""code editor"" OR AI OR coding)",ok,2026-07-08,PASS
Cursor,2023-03-01,2025-01-13,684,5,raw_count,"""Cursor"" (Anysphere OR ""code editor"" OR AI OR coding)",ok,2026-07-08,PASS
Cursor,2023-03-01,2025-01-20,691,3,raw_count,"""Cursor"" (Anysphere OR ""code editor"" OR AI OR coding)",ok,2026-07-08,PASS
Cursor,2023-03-01,2025-01-27,698,3,raw_count,"""Cursor"" (Anysphere OR ""code editor"" OR AI OR coding)",ok,2026-07-08,PASS
Cursor,2023-03-01,2025-02-03,705,6,raw_count,"""Cursor"" (Anysphere OR ""code editor"" OR AI OR coding)",ok,2026-07-08,PASS
Cursor,2023-03-01,2025-02-10,712,6,raw_count,"""Cursor"" (Anysphere OR ""code editor"" OR AI OR coding)",ok,2026-07-08,PASS
Cursor,2023-03-01,2025-02-17,719,5,raw_count,"""Cursor"" (Anysphere OR ""code editor"" OR AI OR coding)",ok,2026-07-08,PASS
Cursor,2023-03-01,2025-02-24,726,21,raw_count,"""Cursor"" (Anysphere OR ""code editor"" OR AI OR coding)",ok,2026-07-08,PASS
Cursor,2023-03-01,2025-03-03,733,8,raw_count,"""Cursor"" (Anysphere OR ""code editor"" OR AI OR coding)",ok,2026-07-08,PASS
Cursor,2023-03-01,2025-03-10,740,17,raw_count,"""Cursor"" (Anysphere OR ""code editor"" OR AI OR coding)",ok,2026-07-08,PASS
Cursor,2023-03-01,2025-03-17,747,21,raw_count,"""Cursor"" (Anysphere OR ""code editor"" OR AI OR coding)",ok,2026-07-08,PASS
Cursor,2023-03-01,2025-03-24,754,30,raw_count,"""Cursor"" (Anysphere OR ""code editor"" OR AI OR coding)",ok,2026-07-08,PASS
Cursor,2023-03-01,2025-03-31,761,18,raw_count,"""Cursor"" (Anysphere OR ""code editor"" OR AI OR coding)",ok,2026-07-08,PASS
Cursor,2023-03-01,2025-04-07,768,18,raw_count,"""Cursor"" (Anysphere OR ""code editor"" OR AI OR coding)",ok,2026-07-08,PASS
Cursor,2023-03-01,2025-04-14,775,35,raw_count,"""Cursor"" (Anysphere OR ""code editor"" OR AI OR coding)",ok,2026-07-08,PASS
Cursor,2023-03-01,2025-04-21,782,23,raw_count,"""Cursor"" (Anysphere OR ""code editor"" OR AI OR coding)",ok,2026-07-08,PASS
Cursor,2023-03-01,2025-04-28,789,14,raw_count,"""Cursor"" (Anysphere OR ""code editor"" OR AI OR coding)",ok,2026-07-08,PASS
Cursor,2023-03-01,2025-05-05,796,38,raw_count,"""Cursor"" (Anysphere OR ""code editor"" OR AI OR coding)",ok,2026-07-08,PASS
Cursor,2023-03-01,2025-05-12,803,13,raw_count,"""Cursor"" (Anysphere OR ""code editor"" OR AI OR coding)",ok,2026-07-08,PASS
Cursor,2023-03-01,2025-05-19,810,18,raw_count,"""Cursor"" (Anysphere OR ""code editor"" OR AI OR coding)",ok,2026-07-08,PASS
Cursor,2023-03-01,2025-05-26,817,17,raw_count,"""Cursor"" (Anysphere OR ""code editor"" OR AI OR coding)",ok,2026-07-08,PASS
Cursor,2023-03-01,2025-06-02,824,40,raw_count,"""Cursor"" (Anysphere OR ""code editor"" OR AI OR coding)",ok,2026-07-08,PASS
Cursor,2023-03-01,2025-06-09,831,18,raw_count,"""Cursor"" (Anysphere OR ""code editor"" OR AI OR coding)",ok,2026-07-08,PASS
Cursor,2023-03-01,2025-06-16,838,0,raw_count,"""Cursor"" (Anysphere OR ""code editor"" OR AI OR coding)",ok,2026-07-08,PASS
Cursor,2023-03-01,2025-06-23,845,0,raw_count,"""Cursor"" (Anysphere OR ""code editor"" OR AI OR coding)",ok,2026-07-08,PASS
Cursor,2023-03-01,2025-06-30,852,9,raw_count,"""Cursor"" (Anysphere OR ""code editor"" OR AI OR coding)",ok,2026-07-08,PASS
Cursor,2023-03-01,2025-07-07,859,32,raw_count,"""Cursor"" (Anysphere OR ""code editor"" OR AI OR coding)",ok,2026-07-08,PASS
Cursor,2023-03-01,2025-07-14,866,51,raw_count,"""Cursor"" (Anysphere OR ""code editor"" OR AI OR coding)",ok,2026-07-08,PASS
Cursor,2023-03-01,2025-07-21,873,31,raw_count,"""Cursor"" (Anysphere OR ""code editor"" OR AI OR coding)",ok,2026-07-08,PASS
Cursor,2023-03-01,2025-07-28,880,38,raw_count,"""Cursor"" (Anysphere OR ""code editor"" OR AI OR coding)",ok,2026-07-08,PASS
Cursor,2023-03-01,2025-08-04,887,85,raw_count,"""Cursor"" (Anysphere OR ""code editor"" OR AI OR coding)",ok,2026-07-08,PASS
Cursor,2023-03-01,2025-08-11,894,29,raw_count,"""Cursor"" (Anysphere OR ""code editor"" OR AI OR coding)",ok,2026-07-08,PASS
Cursor,2023-03-01,2025-08-18,901,18,raw_count,"""Cursor"" (Anysphere OR ""code editor"" OR AI OR coding)",ok,2026-07-08,PASS
Cursor,2023-03-01,2025-08-25,908,20,raw_count,"""Cursor"" (Anysphere OR ""code editor"" OR AI OR coding)",ok,2026-07-08,PASS
Cursor,2023-03-01,2025-09-01,915,20,raw_count,"""Cursor"" (Anysphere OR ""code editor"" OR AI OR coding)",ok,2026-07-08,PASS
Cursor,2023-03-01,2025-09-08,922,25,raw_count,"""Cursor"" (Anysphere OR ""code editor"" OR AI OR coding)",ok,2026-07-08,PASS
Cursor,2023-03-01,2025-09-15,929,18,raw_count,"""Cursor"" (Anysphere OR ""code editor"" OR AI OR coding)",ok,2026-07-08,PASS
Cursor,2023-03-01,2025-09-22,936,24,raw_count,"""Cursor"" (Anysphere OR ""code editor"" OR AI OR coding)",ok,2026-07-08,PASS
Cursor,2023-03-01,2025-09-29,943,44,raw_count,"""Cursor"" (Anysphere OR ""code editor"" OR AI OR coding)",ok,2026-07-08,PASS
Cursor,2023-03-01,2025-10-06,950,17,raw_count,"""Cursor"" (Anysphere OR ""code editor"" OR AI OR coding)",ok,2026-07-08,PASS
Cursor,2023-03-01,2025-10-13,957,15,raw_count,"""Cursor"" (Anysphere OR ""code editor"" OR AI OR coding)",ok,2026-07-08,PASS
Cursor,2023-03-01,2025-10-20,964,31,raw_count,"""Cursor"" (Anysphere OR ""code editor"" OR AI OR coding)",ok,2026-07-08,PASS
Cursor,2023-03-01,2025-10-27,971,24,raw_count,"""Cursor"" (Anysphere OR ""code editor"" OR AI OR coding)",ok,2026-07-08,PASS
Cursor,2023-03-01,2025-11-03,978,17,raw_count,"""Cursor"" (Anysphere OR ""code editor"" OR AI OR coding)",ok,2026-07-08,PASS
Cursor,2023-03-01,2025-11-10,985,33,raw_count,"""Cursor"" (Anysphere OR ""code editor"" OR AI OR coding)",ok,2026-07-08,PASS
Cursor,2023-03-01,2025-11-17,992,36,raw_count,"""Cursor"" (Anysphere OR ""code editor"" OR AI OR coding)",ok,2026-07-08,PASS
Cursor,2023-03-01,2025-11-24,999,39,raw_count,"""Cursor"" (Anysphere OR ""code editor"" OR AI OR coding)",ok,2026-07-08,PASS
Cursor,2023-03-01,2025-12-01,1006,22,raw_count,"""Cursor"" (Anysphere OR ""code editor"" OR AI OR coding)",ok,2026-07-08,PASS
Cursor,2023-03-01,2025-12-08,1013,52,raw_count,"""Cursor"" (Anysphere OR ""code editor"" OR AI OR coding)",ok,2026-07-08,PASS
Cursor,2023-03-01,2025-12-15,1020,29,raw_count,"""Cursor"" (Anysphere OR ""code editor"" OR AI OR coding)",ok,2026-07-08,PASS
Cursor,2023-03-01,2025-12-22,1027,29,raw_count,"""Cursor"" (Anysphere OR ""code editor"" OR AI OR coding)",ok,2026-07-08,PASS
Cursor,2023-03-01,2025-12-29,1034,35,raw_count,"""Cursor"" (Anysphere OR ""code editor"" OR AI OR coding)",ok,2026-07-08,PASS
Cursor,2023-03-01,2026-01-05,1041,23,raw_count,"""Cursor"" (Anysphere OR ""code editor"" OR AI OR coding)",ok,2026-07-08,PASS
Cursor,2023-03-01,2026-01-12,1048,34,raw_count,"""Cursor"" (Anysphere OR ""code editor"" OR AI OR coding)",ok,2026-07-08,PASS
Cursor,2023-03-01,2026-01-19,1055,35,raw_count,"""Cursor"" (Anysphere OR ""code editor"" OR AI OR coding)",ok,2026-07-08,PASS
Cursor,2023-03-01,2026-01-26,1062,31,raw_count,"""Cursor"" (Anysphere OR ""code editor"" OR AI OR coding)",ok,2026-07-08,PASS
Cursor,2023-03-01,2026-02-02,1069,30,raw_count,"""Cursor"" (Anysphere OR ""code editor"" OR AI OR coding)",ok,2026-07-08,PASS
Cursor,2023-03-01,2026-02-09,1076,20,raw_count,"""Cursor"" (Anysphere OR ""code editor"" OR AI OR coding)",ok,2026-07-08,PASS
Cursor,2023-03-01,2026-02-16,1083,17,raw_count,"""Cursor"" (Anysphere OR ""code editor"" OR AI OR coding)",ok,2026-07-08,PASS
Cursor,2023-03-01,2026-02-23,1090,21,raw_count,"""Cursor"" (Anysphere OR ""code editor"" OR AI OR coding)",ok,2026-07-08,PASS
Cursor,2023-03-01,2026-03-02,1097,19,raw_count,"""Cursor"" (Anysphere OR ""code editor"" OR AI OR coding)",ok,2026-07-08,PASS
Cursor,2023-03-01,2026-03-09,1104,38,raw_count,"""Cursor"" (Anysphere OR ""code editor"" OR AI OR coding)",ok,2026-07-08,PASS
Cursor,2023-03-01,2026-03-16,1111,41,raw_count,"""Cursor"" (Anysphere OR ""code editor"" OR AI OR coding)",ok,2026-07-08,PASS
Cursor,2023-03-01,2026-03-23,1118,42,raw_count,"""Cursor"" (Anysphere OR ""code editor"" OR AI OR coding)",ok,2026-07-08,PASS
Cursor,2023-03-01,2026-03-30,1125,23,raw_count,"""Cursor"" (Anysphere OR ""code editor"" OR AI OR coding)",ok,2026-07-08,PASS
Cursor,2023-03-01,2026-04-06,1132,35,raw_count,"""Cursor"" (Anysphere OR ""code editor"" OR AI OR coding)",ok,2026-07-08,PASS
Cursor,2023-03-01,2026-04-13,1139,46,raw_count,"""Cursor"" (Anysphere OR ""code editor"" OR AI OR coding)",ok,2026-07-08,PASS
Cursor,2023-03-01,2026-04-20,1146,271,raw_count,"""Cursor"" (Anysphere OR ""code editor"" OR AI OR coding)",ok,2026-07-08,PASS
Cursor,2023-03-01,2026-04-27,1153,58,raw_count,"""Cursor"" (Anysphere OR ""code editor"" OR AI OR coding)",ok,2026-07-08,PASS
Cursor,2023-03-01,2026-05-04,1160,43,raw_count,"""Cursor"" (Anysphere OR ""code editor"" OR AI OR coding)",ok,2026-07-08,PASS
Cursor,2023-03-01,2026-05-11,1167,36,raw_count,"""Cursor"" (Anysphere OR ""code editor"" OR AI OR coding)",ok,2026-07-08,PASS
Cursor,2023-03-01,2026-05-18,1174,65,raw_count,"""Cursor"" (Anysphere OR ""code editor"" OR AI OR coding)",ok,2026-07-08,PASS
Cursor,2023-03-01,2026-05-25,1181,53,raw_count,"""Cursor"" (Anysphere OR ""code editor"" OR AI OR coding)",ok,2026-07-08,PASS
Cursor,2023-03-01,2026-06-01,1188,103,raw_count,"""Cursor"" (Anysphere OR ""code editor"" OR AI OR coding)",ok,2026-07-08,PASS
Cursor,2023-03-01,2026-06-08,1195,40,raw_count,"""Cursor"" (Anysphere OR ""code editor"" OR AI OR coding)",ok,2026-07-08,PASS
Cursor,2023-03-01,2026-06-15,1202,327,raw_count,"""Cursor"" (Anysphere OR ""code editor"" OR AI OR coding)",ok,2026-07-08,PASS
Cursor,2023-03-01,2026-06-22,1209,110,raw_count,"""Cursor"" (Anysphere OR ""code editor"" OR AI OR coding)",ok,2026-07-08,PASS
Cursor,2023-03-01,2026-06-29,1216,17,raw_count,"""Cursor"" (Anysphere OR ""code editor"" OR AI OR coding)",ok,2026-07-08,PASS
GPT-4,2023-03-14,2023-02-13,-29,49,raw_count,"""GPT-4""",ok,2026-07-08,NOT_AUDITED
GPT-4,2023-03-14,2023-02-20,-22,37,raw_count,"""GPT-4""",ok,2026-07-08,NOT_AUDITED
GPT-4,2023-03-14,2023-02-27,-15,19,raw_count,"""GPT-4""",ok,2026-07-08,NOT_AUDITED
GPT-4,2023-03-14,2023-03-06,-8,38,raw_count,"""GPT-4""",ok,2026-07-08,NOT_AUDITED
GPT-4,2023-03-14,2023-03-13,-1,1535,raw_count,"""GPT-4""",ok,2026-07-08,NOT_AUDITED
GPT-4,2023-03-14,2023-03-20,6,392,raw_count,"""GPT-4""",ok,2026-07-08,NOT_AUDITED
GPT-4,2023-03-14,2023-03-27,13,771,raw_count,"""GPT-4""",ok,2026-07-08,NOT_AUDITED
GPT-4,2023-03-14,2023-04-03,20,349,raw_count,"""GPT-4""",ok,2026-07-08,NOT_AUDITED
GPT-4,2023-03-14,2023-04-10,27,324,raw_count,"""GPT-4""",ok,2026-07-08,NOT_AUDITED
GPT-4,2023-03-14,2023-04-17,34,318,raw_count,"""GPT-4""",ok,2026-07-08,NOT_AUDITED
GPT-4,2023-03-14,2023-04-24,41,259,raw_count,"""GPT-4""",ok,2026-07-08,NOT_AUDITED
GPT-4,2023-03-14,2023-05-01,48,482,raw_count,"""GPT-4""",ok,2026-07-08,NOT_AUDITED
GPT-4,2023-03-14,2023-05-08,55,257,raw_count,"""GPT-4""",ok,2026-07-08,NOT_AUDITED
GPT-4,2023-03-14,2023-05-15,62,469,raw_count,"""GPT-4""",ok,2026-07-08,NOT_AUDITED
GPT-4,2023-03-14,2023-05-22,69,237,raw_count,"""GPT-4""",ok,2026-07-08,NOT_AUDITED
GPT-4,2023-03-14,2023-05-29,76,335,raw_count,"""GPT-4""",ok,2026-07-08,NOT_AUDITED
GPT-4,2023-03-14,2023-06-05,83,188,raw_count,"""GPT-4""",ok,2026-07-08,NOT_AUDITED
GPT-4,2023-03-14,2023-06-12,90,169,raw_count,"""GPT-4""",ok,2026-07-08,NOT_AUDITED
GPT-4,2023-03-14,2023-06-19,97,139,raw_count,"""GPT-4""",ok,2026-07-08,NOT_AUDITED
GPT-4,2023-03-14,2023-06-26,104,138,raw_count,"""GPT-4""",ok,2026-07-08,NOT_AUDITED
GPT-4,2023-03-14,2023-07-03,111,116,raw_count,"""GPT-4""",ok,2026-07-08,NOT_AUDITED
GPT-4,2023-03-14,2023-07-10,118,257,raw_count,"""GPT-4""",ok,2026-07-08,NOT_AUDITED
GPT-4,2023-03-14,2023-07-17,125,333,raw_count,"""GPT-4""",ok,2026-07-08,NOT_AUDITED
GPT-4,2023-03-14,2023-07-24,132,176,raw_count,"""GPT-4""",ok,2026-07-08,NOT_AUDITED
GPT-4,2023-03-14,2023-07-31,139,102,raw_count,"""GPT-4""",ok,2026-07-08,NOT_AUDITED
GPT-4,2023-03-14,2023-08-07,146,153,raw_count,"""GPT-4""",ok,2026-07-08,NOT_AUDITED
GPT-4,2023-03-14,2023-08-14,153,158,raw_count,"""GPT-4""",ok,2026-07-08,NOT_AUDITED
GPT-4,2023-03-14,2023-08-21,160,124,raw_count,"""GPT-4""",ok,2026-07-08,NOT_AUDITED
GPT-4,2023-03-14,2023-08-28,167,209,raw_count,"""GPT-4""",ok,2026-07-08,NOT_AUDITED
GPT-4,2023-03-14,2023-09-04,174,232,raw_count,"""GPT-4""",ok,2026-07-08,NOT_AUDITED
GPT-4,2023-03-14,2023-09-11,181,158,raw_count,"""GPT-4""",ok,2026-07-08,NOT_AUDITED
GPT-4,2023-03-14,2023-09-18,188,131,raw_count,"""GPT-4""",ok,2026-07-08,NOT_AUDITED
GPT-4,2023-03-14,2023-09-25,195,201,raw_count,"""GPT-4""",ok,2026-07-08,NOT_AUDITED
GPT-4,2023-03-14,2023-10-02,202,88,raw_count,"""GPT-4""",ok,2026-07-08,NOT_AUDITED
GPT-4,2023-03-14,2023-10-09,209,75,raw_count,"""GPT-4""",ok,2026-07-08,NOT_AUDITED
GPT-4,2023-03-14,2023-10-16,216,162,raw_count,"""GPT-4""",ok,2026-07-08,NOT_AUDITED
GPT-4,2023-03-14,2023-10-23,223,112,raw_count,"""GPT-4""",ok,2026-07-08,NOT_AUDITED
GPT-4,2023-03-14,2023-10-30,230,133,raw_count,"""GPT-4""",ok,2026-07-08,NOT_AUDITED
GPT-4,2023-03-14,2023-11-06,237,289,raw_count,"""GPT-4""",ok,2026-07-08,NOT_AUDITED
GPT-4,2023-03-14,2023-11-13,244,203,raw_count,"""GPT-4""",ok,2026-07-08,NOT_AUDITED
GPT-4,2023-03-14,2023-11-20,251,171,raw_count,"""GPT-4""",ok,2026-07-08,NOT_AUDITED
GPT-4,2023-03-14,2023-11-27,258,119,raw_count,"""GPT-4""",ok,2026-07-08,NOT_AUDITED
GPT-4,2023-03-14,2023-12-04,265,366,raw_count,"""GPT-4""",ok,2026-07-08,NOT_AUDITED
GPT-4,2023-03-14,2023-12-11,272,132,raw_count,"""GPT-4""",ok,2026-07-08,NOT_AUDITED
GPT-4,2023-03-14,2023-12-18,279,135,raw_count,"""GPT-4""",ok,2026-07-08,NOT_AUDITED
GPT-4,2023-03-14,2023-12-25,286,254,raw_count,"""GPT-4""",ok,2026-07-08,NOT_AUDITED
GPT-4,2023-03-14,2024-01-01,293,131,raw_count,"""GPT-4""",ok,2026-07-08,NOT_AUDITED
GPT-4,2023-03-14,2024-01-08,300,134,raw_count,"""GPT-4""",ok,2026-07-08,NOT_AUDITED
GPT-4,2023-03-14,2024-01-15,307,170,raw_count,"""GPT-4""",ok,2026-07-08,NOT_AUDITED
GPT-4,2023-03-14,2024-01-22,314,122,raw_count,"""GPT-4""",ok,2026-07-08,NOT_AUDITED
GPT-4,2023-03-14,2024-01-29,321,149,raw_count,"""GPT-4""",ok,2026-07-08,NOT_AUDITED
GPT-4,2023-03-14,2024-02-05,328,159,raw_count,"""GPT-4""",ok,2026-07-08,NOT_AUDITED
GPT-4,2023-03-14,2024-02-12,335,207,raw_count,"""GPT-4""",ok,2026-07-08,NOT_AUDITED
GPT-4,2023-03-14,2024-02-19,342,156,raw_count,"""GPT-4""",ok,2026-07-08,NOT_AUDITED
GPT-4,2023-03-14,2024-02-26,349,340,raw_count,"""GPT-4""",ok,2026-07-08,NOT_AUDITED
GPT-4,2023-03-14,2024-03-04,356,201,raw_count,"""GPT-4""",ok,2026-07-08,NOT_AUDITED
GPT-4,2023-03-14,2024-03-11,363,178,raw_count,"""GPT-4""",ok,2026-07-08,NOT_AUDITED
GPT-4,2023-03-14,2024-03-18,370,198,raw_count,"""GPT-4""",ok,2026-07-08,NOT_AUDITED
GPT-4,2023-03-14,2024-03-25,377,137,raw_count,"""GPT-4""",ok,2026-07-08,NOT_AUDITED
GPT-4,2023-03-14,2024-04-01,384,186,raw_count,"""GPT-4""",ok,2026-07-08,NOT_AUDITED
GPT-4,2023-03-14,2024-04-08,391,162,raw_count,"""GPT-4""",ok,2026-07-08,NOT_AUDITED
GPT-4,2023-03-14,2024-04-15,398,142,raw_count,"""GPT-4""",ok,2026-07-08,NOT_AUDITED
GPT-4,2023-03-14,2024-04-22,405,128,raw_count,"""GPT-4""",ok,2026-07-08,NOT_AUDITED
GPT-4,2023-03-14,2024-04-29,412,142,raw_count,"""GPT-4""",ok,2026-07-08,NOT_AUDITED
GPT-4,2023-03-14,2024-05-06,419,165,raw_count,"""GPT-4""",ok,2026-07-08,NOT_AUDITED
GPT-4,2023-03-14,2024-05-13,426,316,raw_count,"""GPT-4""",ok,2026-07-08,NOT_AUDITED
GPT-4,2023-03-14,2024-05-20,433,165,raw_count,"""GPT-4""",ok,2026-07-08,NOT_AUDITED
GPT-4,2023-03-14,2024-05-27,440,163,raw_count,"""GPT-4""",ok,2026-07-08,NOT_AUDITED
GPT-4,2023-03-14,2024-06-03,447,85,raw_count,"""GPT-4""",ok,2026-07-08,NOT_AUDITED
GPT-4,2023-03-14,2024-06-10,454,84,raw_count,"""GPT-4""",ok,2026-07-08,NOT_AUDITED
GPT-4,2023-03-14,2024-06-17,461,101,raw_count,"""GPT-4""",ok,2026-07-08,NOT_AUDITED
GPT-4,2023-03-14,2024-06-24,468,122,raw_count,"""GPT-4""",ok,2026-07-08,NOT_AUDITED
GPT-4,2023-03-14,2024-07-01,475,93,raw_count,"""GPT-4""",ok,2026-07-08,NOT_AUDITED
GPT-4,2023-03-14,2024-07-08,482,81,raw_count,"""GPT-4""",ok,2026-07-08,NOT_AUDITED
GPT-4,2023-03-14,2024-07-15,489,82,raw_count,"""GPT-4""",ok,2026-07-08,NOT_AUDITED
GPT-4,2023-03-14,2024-07-22,496,104,raw_count,"""GPT-4""",ok,2026-07-08,NOT_AUDITED
GPT-4,2023-03-14,2024-07-29,503,67,raw_count,"""GPT-4""",ok,2026-07-08,NOT_AUDITED
GPT-4,2023-03-14,2024-08-05,510,95,raw_count,"""GPT-4""",ok,2026-07-08,NOT_AUDITED
GPT-4,2023-03-14,2024-08-12,517,65,raw_count,"""GPT-4""",ok,2026-07-08,NOT_AUDITED
GPT-4,2023-03-14,2024-08-19,524,68,raw_count,"""GPT-4""",ok,2026-07-08,NOT_AUDITED
GPT-4,2023-03-14,2024-08-26,531,57,raw_count,"""GPT-4""",ok,2026-07-08,NOT_AUDITED
GPT-4,2023-03-14,2024-09-02,538,80,raw_count,"""GPT-4""",ok,2026-07-08,NOT_AUDITED
GPT-4,2023-03-14,2024-09-09,545,81,raw_count,"""GPT-4""",ok,2026-07-08,NOT_AUDITED
GPT-4,2023-03-14,2024-09-16,552,51,raw_count,"""GPT-4""",ok,2026-07-08,NOT_AUDITED
GPT-4,2023-03-14,2024-09-23,559,65,raw_count,"""GPT-4""",ok,2026-07-08,NOT_AUDITED
GPT-4,2023-03-14,2024-09-30,566,54,raw_count,"""GPT-4""",ok,2026-07-08,NOT_AUDITED
GPT-4,2023-03-14,2024-10-07,573,81,raw_count,"""GPT-4""",ok,2026-07-08,NOT_AUDITED
GPT-4,2023-03-14,2024-10-14,580,53,raw_count,"""GPT-4""",ok,2026-07-08,NOT_AUDITED
GPT-4,2023-03-14,2024-10-21,587,77,raw_count,"""GPT-4""",ok,2026-07-08,NOT_AUDITED
GPT-4,2023-03-14,2024-10-28,594,65,raw_count,"""GPT-4""",ok,2026-07-08,NOT_AUDITED
GPT-4,2023-03-14,2024-11-04,601,31,raw_count,"""GPT-4""",ok,2026-07-08,NOT_AUDITED
GPT-4,2023-03-14,2024-11-11,608,67,raw_count,"""GPT-4""",ok,2026-07-08,NOT_AUDITED
GPT-4,2023-03-14,2024-11-18,615,77,raw_count,"""GPT-4""",ok,2026-07-08,NOT_AUDITED
GPT-4,2023-03-14,2024-11-25,622,34,raw_count,"""GPT-4""",ok,2026-07-08,NOT_AUDITED
GPT-4,2023-03-14,2024-12-02,629,56,raw_count,"""GPT-4""",ok,2026-07-08,NOT_AUDITED
GPT-4,2023-03-14,2024-12-09,636,89,raw_count,"""GPT-4""",ok,2026-07-08,NOT_AUDITED
GPT-4,2023-03-14,2024-12-16,643,87,raw_count,"""GPT-4""",ok,2026-07-08,NOT_AUDITED
GPT-4,2023-03-14,2024-12-23,650,48,raw_count,"""GPT-4""",ok,2026-07-08,NOT_AUDITED
GPT-4,2023-03-14,2024-12-30,657,64,raw_count,"""GPT-4""",ok,2026-07-08,NOT_AUDITED
GPT-4,2023-03-14,2025-01-06,664,57,raw_count,"""GPT-4""",ok,2026-07-08,NOT_AUDITED
GPT-4,2023-03-14,2025-01-13,671,24,raw_count,"""GPT-4""",ok,2026-07-08,NOT_AUDITED
GPT-4,2023-03-14,2025-01-20,678,42,raw_count,"""GPT-4""",ok,2026-07-08,NOT_AUDITED
GPT-4,2023-03-14,2025-01-27,685,184,raw_count,"""GPT-4""",ok,2026-07-08,NOT_AUDITED
GPT-4,2023-03-14,2025-02-03,692,73,raw_count,"""GPT-4""",ok,2026-07-08,NOT_AUDITED
GPT-4,2023-03-14,2025-02-10,699,78,raw_count,"""GPT-4""",ok,2026-07-08,NOT_AUDITED
GPT-4,2023-03-14,2025-02-17,706,51,raw_count,"""GPT-4""",ok,2026-07-08,NOT_AUDITED
GPT-4,2023-03-14,2025-02-24,713,115,raw_count,"""GPT-4""",ok,2026-07-08,NOT_AUDITED
GPT-4,2023-03-14,2025-03-03,720,50,raw_count,"""GPT-4""",ok,2026-07-08,NOT_AUDITED
GPT-4,2023-03-14,2025-03-10,727,85,raw_count,"""GPT-4""",ok,2026-07-08,NOT_AUDITED
GPT-4,2023-03-14,2025-03-17,734,57,raw_count,"""GPT-4""",ok,2026-07-08,NOT_AUDITED
GPT-4,2023-03-14,2025-03-24,741,64,raw_count,"""GPT-4""",ok,2026-07-08,NOT_AUDITED
GPT-4,2023-03-14,2025-03-31,748,86,raw_count,"""GPT-4""",ok,2026-07-08,NOT_AUDITED
GPT-4,2023-03-14,2025-04-07,755,97,raw_count,"""GPT-4""",ok,2026-07-08,NOT_AUDITED
GPT-4,2023-03-14,2025-04-14,762,131,raw_count,"""GPT-4""",ok,2026-07-08,NOT_AUDITED
GPT-4,2023-03-14,2025-04-21,769,60,raw_count,"""GPT-4""",ok,2026-07-08,NOT_AUDITED
GPT-4,2023-03-14,2025-04-28,776,49,raw_count,"""GPT-4""",ok,2026-07-08,NOT_AUDITED
GPT-4,2023-03-14,2025-05-05,783,52,raw_count,"""GPT-4""",ok,2026-07-08,NOT_AUDITED
GPT-4,2023-03-14,2025-05-12,790,65,raw_count,"""GPT-4""",ok,2026-07-08,NOT_AUDITED
GPT-4,2023-03-14,2025-05-19,797,52,raw_count,"""GPT-4""",ok,2026-07-08,NOT_AUDITED
GPT-4,2023-03-14,2025-05-26,804,51,raw_count,"""GPT-4""",ok,2026-07-08,NOT_AUDITED
GPT-4,2023-03-14,2025-06-02,811,65,raw_count,"""GPT-4""",ok,2026-07-08,NOT_AUDITED
GPT-4,2023-03-14,2025-06-09,818,34,raw_count,"""GPT-4""",ok,2026-07-08,NOT_AUDITED
GPT-4,2023-03-14,2025-06-16,825,0,raw_count,"""GPT-4""",ok,2026-07-08,NOT_AUDITED
GPT-4,2023-03-14,2025-06-23,832,0,raw_count,"""GPT-4""",ok,2026-07-08,NOT_AUDITED
GPT-4,2023-03-14,2025-06-30,839,26,raw_count,"""GPT-4""",ok,2026-07-08,NOT_AUDITED
GPT-4,2023-03-14,2025-07-07,846,52,raw_count,"""GPT-4""",ok,2026-07-08,NOT_AUDITED
GPT-4,2023-03-14,2025-07-14,853,79,raw_count,"""GPT-4""",ok,2026-07-08,NOT_AUDITED
GPT-4,2023-03-14,2025-07-21,860,99,raw_count,"""GPT-4""",ok,2026-07-08,NOT_AUDITED
GPT-4,2023-03-14,2025-07-28,867,57,raw_count,"""GPT-4""",ok,2026-07-08,NOT_AUDITED
GPT-4,2023-03-14,2025-08-04,874,256,raw_count,"""GPT-4""",ok,2026-07-08,NOT_AUDITED
GPT-4,2023-03-14,2025-08-11,881,171,raw_count,"""GPT-4""",ok,2026-07-08,NOT_AUDITED
GPT-4,2023-03-14,2025-08-18,888,58,raw_count,"""GPT-4""",ok,2026-07-08,NOT_AUDITED
GPT-4,2023-03-14,2025-08-25,895,51,raw_count,"""GPT-4""",ok,2026-07-08,NOT_AUDITED
GPT-4,2023-03-14,2025-09-01,902,60,raw_count,"""GPT-4""",ok,2026-07-08,NOT_AUDITED
GPT-4,2023-03-14,2025-09-08,909,32,raw_count,"""GPT-4""",ok,2026-07-08,NOT_AUDITED
GPT-4,2023-03-14,2025-09-15,916,33,raw_count,"""GPT-4""",ok,2026-07-08,NOT_AUDITED
GPT-4,2023-03-14,2025-09-22,923,36,raw_count,"""GPT-4""",ok,2026-07-08,NOT_AUDITED
GPT-4,2023-03-14,2025-09-29,930,13,raw_count,"""GPT-4""",ok,2026-07-08,NOT_AUDITED
GPT-4,2023-03-14,2025-10-06,937,25,raw_count,"""GPT-4""",ok,2026-07-08,NOT_AUDITED
GPT-4,2023-03-14,2025-10-13,944,33,raw_count,"""GPT-4""",ok,2026-07-08,NOT_AUDITED
GPT-4,2023-03-14,2025-10-20,951,19,raw_count,"""GPT-4""",ok,2026-07-08,NOT_AUDITED
GPT-4,2023-03-14,2025-10-27,958,33,raw_count,"""GPT-4""",ok,2026-07-08,NOT_AUDITED
GPT-4,2023-03-14,2025-11-03,965,47,raw_count,"""GPT-4""",ok,2026-07-08,NOT_AUDITED
GPT-4,2023-03-14,2025-11-10,972,27,raw_count,"""GPT-4""",ok,2026-07-08,NOT_AUDITED
GPT-4,2023-03-14,2025-11-17,979,32,raw_count,"""GPT-4""",ok,2026-07-08,NOT_AUDITED
GPT-4,2023-03-14,2025-11-24,986,42,raw_count,"""GPT-4""",ok,2026-07-08,NOT_AUDITED
GPT-4,2023-03-14,2025-12-01,993,22,raw_count,"""GPT-4""",ok,2026-07-08,NOT_AUDITED
GPT-4,2023-03-14,2025-12-08,1000,29,raw_count,"""GPT-4""",ok,2026-07-08,NOT_AUDITED
GPT-4,2023-03-14,2025-12-15,1007,45,raw_count,"""GPT-4""",ok,2026-07-08,NOT_AUDITED
GPT-4,2023-03-14,2025-12-22,1014,16,raw_count,"""GPT-4""",ok,2026-07-08,NOT_AUDITED
GPT-4,2023-03-14,2025-12-29,1021,23,raw_count,"""GPT-4""",ok,2026-07-08,NOT_AUDITED
GPT-4,2023-03-14,2026-01-05,1028,30,raw_count,"""GPT-4""",ok,2026-07-08,NOT_AUDITED
GPT-4,2023-03-14,2026-01-12,1035,23,raw_count,"""GPT-4""",ok,2026-07-08,NOT_AUDITED
GPT-4,2023-03-14,2026-01-19,1042,25,raw_count,"""GPT-4""",ok,2026-07-08,NOT_AUDITED
GPT-4,2023-03-14,2026-01-26,1049,30,raw_count,"""GPT-4""",ok,2026-07-08,NOT_AUDITED
GPT-4,2023-03-14,2026-02-02,1056,19,raw_count,"""GPT-4""",ok,2026-07-08,NOT_AUDITED
GPT-4,2023-03-14,2026-02-09,1063,39,raw_count,"""GPT-4""",ok,2026-07-08,NOT_AUDITED
GPT-4,2023-03-14,2026-02-16,1070,26,raw_count,"""GPT-4""",ok,2026-07-08,NOT_AUDITED
GPT-4,2023-03-14,2026-02-23,1077,21,raw_count,"""GPT-4""",ok,2026-07-08,NOT_AUDITED
GPT-4,2023-03-14,2026-03-02,1084,43,raw_count,"""GPT-4""",ok,2026-07-08,NOT_AUDITED
GPT-4,2023-03-14,2026-03-09,1091,17,raw_count,"""GPT-4""",ok,2026-07-08,NOT_AUDITED
GPT-4,2023-03-14,2026-03-16,1098,32,raw_count,"""GPT-4""",ok,2026-07-08,NOT_AUDITED
GPT-4,2023-03-14,2026-03-23,1105,21,raw_count,"""GPT-4""",ok,2026-07-08,NOT_AUDITED
GPT-4,2023-03-14,2026-03-30,1112,19,raw_count,"""GPT-4""",ok,2026-07-08,NOT_AUDITED
GPT-4,2023-03-14,2026-04-06,1119,28,raw_count,"""GPT-4""",ok,2026-07-08,NOT_AUDITED
GPT-4,2023-03-14,2026-04-13,1126,90,raw_count,"""GPT-4""",ok,2026-07-08,NOT_AUDITED
GPT-4,2023-03-14,2026-04-20,1133,121,raw_count,"""GPT-4""",ok,2026-07-08,NOT_AUDITED
GPT-4,2023-03-14,2026-04-27,1140,112,raw_count,"""GPT-4""",ok,2026-07-08,NOT_AUDITED
GPT-4,2023-03-14,2026-05-04,1147,65,raw_count,"""GPT-4""",ok,2026-07-08,NOT_AUDITED
GPT-4,2023-03-14,2026-05-11,1154,28,raw_count,"""GPT-4""",ok,2026-07-08,NOT_AUDITED
GPT-4,2023-03-14,2026-05-18,1161,27,raw_count,"""GPT-4""",ok,2026-07-08,NOT_AUDITED
GPT-4,2023-03-14,2026-05-25,1168,27,raw_count,"""GPT-4""",ok,2026-07-08,NOT_AUDITED
GPT-4,2023-03-14,2026-06-01,1175,40,raw_count,"""GPT-4""",ok,2026-07-08,NOT_AUDITED
GPT-4,2023-03-14,2026-06-08,1182,21,raw_count,"""GPT-4""",ok,2026-07-08,NOT_AUDITED
GPT-4,2023-03-14,2026-06-15,1189,22,raw_count,"""GPT-4""",ok,2026-07-08,NOT_AUDITED
GPT-4,2023-03-14,2026-06-22,1196,14,raw_count,"""GPT-4""",ok,2026-07-08,NOT_AUDITED
GPT-4,2023-03-14,2026-06-29,1203,5,raw_count,"""GPT-4""",ok,2026-07-08,NOT_AUDITED
vLLM,2023-06-20,2023-05-22,-29,0,raw_count,"vLLM (inference OR LLM OR library OR ""open source"")",ok,2026-07-08,FAIL
vLLM,2023-06-20,2023-05-29,-22,0,raw_count,"vLLM (inference OR LLM OR library OR ""open source"")",ok,2026-07-08,FAIL
vLLM,2023-06-20,2023-06-05,-15,0,raw_count,"vLLM (inference OR LLM OR library OR ""open source"")",ok,2026-07-08,FAIL
vLLM,2023-06-20,2023-06-12,-8,0,raw_count,"vLLM (inference OR LLM OR library OR ""open source"")",ok,2026-07-08,FAIL
vLLM,2023-06-20,2023-06-19,-1,1,raw_count,"vLLM (inference OR LLM OR library OR ""open source"")",ok,2026-07-08,FAIL
vLLM,2023-06-20,2023-06-26,6,0,raw_count,"vLLM (inference OR LLM OR library OR ""open source"")",ok,2026-07-08,FAIL
vLLM,2023-06-20,2023-07-03,13,0,raw_count,"vLLM (inference OR LLM OR library OR ""open source"")",ok,2026-07-08,FAIL
vLLM,2023-06-20,2023-07-10,20,0,raw_count,"vLLM (inference OR LLM OR library OR ""open source"")",ok,2026-07-08,FAIL
vLLM,2023-06-20,2023-07-17,27,0,raw_count,"vLLM (inference OR LLM OR library OR ""open source"")",ok,2026-07-08,FAIL
vLLM,2023-06-20,2023-07-24,34,0,raw_count,"vLLM (inference OR LLM OR library OR ""open source"")",ok,2026-07-08,FAIL
vLLM,2023-06-20,2023-07-31,41,0,raw_count,"vLLM (inference OR LLM OR library OR ""open source"")",ok,2026-07-08,FAIL
vLLM,2023-06-20,2023-08-07,48,0,raw_count,"vLLM (inference OR LLM OR library OR ""open source"")",ok,2026-07-08,FAIL
vLLM,2023-06-20,2023-08-14,55,1,raw_count,"vLLM (inference OR LLM OR library OR ""open source"")",ok,2026-07-08,FAIL
vLLM,2023-06-20,2023-08-21,62,0,raw_count,"vLLM (inference OR LLM OR library OR ""open source"")",ok,2026-07-08,FAIL
vLLM,2023-06-20,2023-08-28,69,0,raw_count,"vLLM (inference OR LLM OR library OR ""open source"")",ok,2026-07-08,FAIL
vLLM,2023-06-20,2023-09-04,76,0,raw_count,"vLLM (inference OR LLM OR library OR ""open source"")",ok,2026-07-08,FAIL
vLLM,2023-06-20,2023-09-11,83,1,raw_count,"vLLM (inference OR LLM OR library OR ""open source"")",ok,2026-07-08,FAIL
vLLM,2023-06-20,2023-09-18,90,1,raw_count,"vLLM (inference OR LLM OR library OR ""open source"")",ok,2026-07-08,FAIL
vLLM,2023-06-20,2023-09-25,97,1,raw_count,"vLLM (inference OR LLM OR library OR ""open source"")",ok,2026-07-08,FAIL
vLLM,2023-06-20,2023-10-02,104,0,raw_count,"vLLM (inference OR LLM OR library OR ""open source"")",ok,2026-07-08,FAIL
vLLM,2023-06-20,2023-10-09,111,0,raw_count,"vLLM (inference OR LLM OR library OR ""open source"")",ok,2026-07-08,FAIL
vLLM,2023-06-20,2023-10-16,118,0,raw_count,"vLLM (inference OR LLM OR library OR ""open source"")",ok,2026-07-08,FAIL
vLLM,2023-06-20,2023-10-23,125,0,raw_count,"vLLM (inference OR LLM OR library OR ""open source"")",ok,2026-07-08,FAIL
vLLM,2023-06-20,2023-10-30,132,0,raw_count,"vLLM (inference OR LLM OR library OR ""open source"")",ok,2026-07-08,FAIL
vLLM,2023-06-20,2023-11-06,139,0,raw_count,"vLLM (inference OR LLM OR library OR ""open source"")",ok,2026-07-08,FAIL
vLLM,2023-06-20,2023-11-13,146,1,raw_count,"vLLM (inference OR LLM OR library OR ""open source"")",ok,2026-07-08,FAIL
vLLM,2023-06-20,2023-11-20,153,0,raw_count,"vLLM (inference OR LLM OR library OR ""open source"")",ok,2026-07-08,FAIL
vLLM,2023-06-20,2023-11-27,160,1,raw_count,"vLLM (inference OR LLM OR library OR ""open source"")",ok,2026-07-08,FAIL
vLLM,2023-06-20,2023-12-04,167,2,raw_count,"vLLM (inference OR LLM OR library OR ""open source"")",ok,2026-07-08,FAIL
vLLM,2023-06-20,2023-12-11,174,3,raw_count,"vLLM (inference OR LLM OR library OR ""open source"")",ok,2026-07-08,FAIL
vLLM,2023-06-20,2023-12-18,181,2,raw_count,"vLLM (inference OR LLM OR library OR ""open source"")",ok,2026-07-08,FAIL
vLLM,2023-06-20,2023-12-25,188,1,raw_count,"vLLM (inference OR LLM OR library OR ""open source"")",ok,2026-07-08,FAIL
vLLM,2023-06-20,2024-01-01,195,0,raw_count,"vLLM (inference OR LLM OR library OR ""open source"")",ok,2026-07-08,FAIL
vLLM,2023-06-20,2024-01-08,202,1,raw_count,"vLLM (inference OR LLM OR library OR ""open source"")",ok,2026-07-08,FAIL
vLLM,2023-06-20,2024-01-15,209,0,raw_count,"vLLM (inference OR LLM OR library OR ""open source"")",ok,2026-07-08,FAIL
vLLM,2023-06-20,2024-01-22,216,1,raw_count,"vLLM (inference OR LLM OR library OR ""open source"")",ok,2026-07-08,FAIL
vLLM,2023-06-20,2024-01-29,223,0,raw_count,"vLLM (inference OR LLM OR library OR ""open source"")",ok,2026-07-08,FAIL
vLLM,2023-06-20,2024-02-05,230,0,raw_count,"vLLM (inference OR LLM OR library OR ""open source"")",ok,2026-07-08,FAIL
vLLM,2023-06-20,2024-02-12,237,0,raw_count,"vLLM (inference OR LLM OR library OR ""open source"")",ok,2026-07-08,FAIL
vLLM,2023-06-20,2024-02-19,244,0,raw_count,"vLLM (inference OR LLM OR library OR ""open source"")",ok,2026-07-08,FAIL
vLLM,2023-06-20,2024-02-26,251,0,raw_count,"vLLM (inference OR LLM OR library OR ""open source"")",ok,2026-07-08,FAIL
vLLM,2023-06-20,2024-03-04,258,0,raw_count,"vLLM (inference OR LLM OR library OR ""open source"")",ok,2026-07-08,FAIL
vLLM,2023-06-20,2024-03-11,265,1,raw_count,"vLLM (inference OR LLM OR library OR ""open source"")",ok,2026-07-08,FAIL
vLLM,2023-06-20,2024-03-18,272,0,raw_count,"vLLM (inference OR LLM OR library OR ""open source"")",ok,2026-07-08,FAIL
vLLM,2023-06-20,2024-03-25,279,1,raw_count,"vLLM (inference OR LLM OR library OR ""open source"")",ok,2026-07-08,FAIL
vLLM,2023-06-20,2024-04-01,286,0,raw_count,"vLLM (inference OR LLM OR library OR ""open source"")",ok,2026-07-08,FAIL
vLLM,2023-06-20,2024-04-08,293,0,raw_count,"vLLM (inference OR LLM OR library OR ""open source"")",ok,2026-07-08,FAIL
vLLM,2023-06-20,2024-04-15,300,1,raw_count,"vLLM (inference OR LLM OR library OR ""open source"")",ok,2026-07-08,FAIL
vLLM,2023-06-20,2024-04-22,307,6,raw_count,"vLLM (inference OR LLM OR library OR ""open source"")",ok,2026-07-08,FAIL
vLLM,2023-06-20,2024-04-29,314,3,raw_count,"vLLM (inference OR LLM OR library OR ""open source"")",ok,2026-07-08,FAIL
vLLM,2023-06-20,2024-05-06,321,3,raw_count,"vLLM (inference OR LLM OR library OR ""open source"")",ok,2026-07-08,FAIL
vLLM,2023-06-20,2024-05-13,328,1,raw_count,"vLLM (inference OR LLM OR library OR ""open source"")",ok,2026-07-08,FAIL
vLLM,2023-06-20,2024-05-20,335,0,raw_count,"vLLM (inference OR LLM OR library OR ""open source"")",ok,2026-07-08,FAIL
vLLM,2023-06-20,2024-05-27,342,1,raw_count,"vLLM (inference OR LLM OR library OR ""open source"")",ok,2026-07-08,FAIL
vLLM,2023-06-20,2024-06-03,349,1,raw_count,"vLLM (inference OR LLM OR library OR ""open source"")",ok,2026-07-08,FAIL
vLLM,2023-06-20,2024-06-10,356,1,raw_count,"vLLM (inference OR LLM OR library OR ""open source"")",ok,2026-07-08,FAIL
vLLM,2023-06-20,2024-06-17,363,1,raw_count,"vLLM (inference OR LLM OR library OR ""open source"")",ok,2026-07-08,FAIL
vLLM,2023-06-20,2024-06-24,370,1,raw_count,"vLLM (inference OR LLM OR library OR ""open source"")",ok,2026-07-08,FAIL
vLLM,2023-06-20,2024-07-01,377,1,raw_count,"vLLM (inference OR LLM OR library OR ""open source"")",ok,2026-07-08,FAIL
vLLM,2023-06-20,2024-07-08,384,1,raw_count,"vLLM (inference OR LLM OR library OR ""open source"")",ok,2026-07-08,FAIL
vLLM,2023-06-20,2024-07-15,391,0,raw_count,"vLLM (inference OR LLM OR library OR ""open source"")",ok,2026-07-08,FAIL
vLLM,2023-06-20,2024-07-22,398,5,raw_count,"vLLM (inference OR LLM OR library OR ""open source"")",ok,2026-07-08,FAIL
vLLM,2023-06-20,2024-07-29,405,0,raw_count,"vLLM (inference OR LLM OR library OR ""open source"")",ok,2026-07-08,FAIL
vLLM,2023-06-20,2024-08-05,412,2,raw_count,"vLLM (inference OR LLM OR library OR ""open source"")",ok,2026-07-08,FAIL
vLLM,2023-06-20,2024-08-12,419,1,raw_count,"vLLM (inference OR LLM OR library OR ""open source"")",ok,2026-07-08,FAIL
vLLM,2023-06-20,2024-08-19,426,1,raw_count,"vLLM (inference OR LLM OR library OR ""open source"")",ok,2026-07-08,FAIL
vLLM,2023-06-20,2024-08-26,433,1,raw_count,"vLLM (inference OR LLM OR library OR ""open source"")",ok,2026-07-08,FAIL
vLLM,2023-06-20,2024-09-02,440,1,raw_count,"vLLM (inference OR LLM OR library OR ""open source"")",ok,2026-07-08,FAIL
vLLM,2023-06-20,2024-09-09,447,0,raw_count,"vLLM (inference OR LLM OR library OR ""open source"")",ok,2026-07-08,FAIL
vLLM,2023-06-20,2024-09-16,454,0,raw_count,"vLLM (inference OR LLM OR library OR ""open source"")",ok,2026-07-08,FAIL
vLLM,2023-06-20,2024-09-23,461,2,raw_count,"vLLM (inference OR LLM OR library OR ""open source"")",ok,2026-07-08,FAIL
vLLM,2023-06-20,2024-09-30,468,0,raw_count,"vLLM (inference OR LLM OR library OR ""open source"")",ok,2026-07-08,FAIL
vLLM,2023-06-20,2024-10-07,475,2,raw_count,"vLLM (inference OR LLM OR library OR ""open source"")",ok,2026-07-08,FAIL
vLLM,2023-06-20,2024-10-14,482,1,raw_count,"vLLM (inference OR LLM OR library OR ""open source"")",ok,2026-07-08,FAIL
vLLM,2023-06-20,2024-10-21,489,0,raw_count,"vLLM (inference OR LLM OR library OR ""open source"")",ok,2026-07-08,FAIL
vLLM,2023-06-20,2024-10-28,496,2,raw_count,"vLLM (inference OR LLM OR library OR ""open source"")",ok,2026-07-08,FAIL
vLLM,2023-06-20,2024-11-04,503,2,raw_count,"vLLM (inference OR LLM OR library OR ""open source"")",ok,2026-07-08,FAIL
vLLM,2023-06-20,2024-11-11,510,8,raw_count,"vLLM (inference OR LLM OR library OR ""open source"")",ok,2026-07-08,FAIL
vLLM,2023-06-20,2024-11-18,517,0,raw_count,"vLLM (inference OR LLM OR library OR ""open source"")",ok,2026-07-08,FAIL
vLLM,2023-06-20,2024-11-25,524,1,raw_count,"vLLM (inference OR LLM OR library OR ""open source"")",ok,2026-07-08,FAIL
vLLM,2023-06-20,2024-12-02,531,1,raw_count,"vLLM (inference OR LLM OR library OR ""open source"")",ok,2026-07-08,FAIL
vLLM,2023-06-20,2024-12-09,538,2,raw_count,"vLLM (inference OR LLM OR library OR ""open source"")",ok,2026-07-08,FAIL
vLLM,2023-06-20,2024-12-16,545,2,raw_count,"vLLM (inference OR LLM OR library OR ""open source"")",ok,2026-07-08,FAIL
vLLM,2023-06-20,2024-12-23,552,0,raw_count,"vLLM (inference OR LLM OR library OR ""open source"")",ok,2026-07-08,FAIL
vLLM,2023-06-20,2024-12-30,559,0,raw_count,"vLLM (inference OR LLM OR library OR ""open source"")",ok,2026-07-08,FAIL
vLLM,2023-06-20,2025-01-06,566,0,raw_count,"vLLM (inference OR LLM OR library OR ""open source"")",ok,2026-07-08,FAIL
vLLM,2023-06-20,2025-01-13,573,3,raw_count,"vLLM (inference OR LLM OR library OR ""open source"")",ok,2026-07-08,FAIL
vLLM,2023-06-20,2025-01-20,580,2,raw_count,"vLLM (inference OR LLM OR library OR ""open source"")",ok,2026-07-08,FAIL
vLLM,2023-06-20,2025-01-27,587,2,raw_count,"vLLM (inference OR LLM OR library OR ""open source"")",ok,2026-07-08,FAIL
vLLM,2023-06-20,2025-02-03,594,3,raw_count,"vLLM (inference OR LLM OR library OR ""open source"")",ok,2026-07-08,FAIL
vLLM,2023-06-20,2025-02-10,601,0,raw_count,"vLLM (inference OR LLM OR library OR ""open source"")",ok,2026-07-08,FAIL
vLLM,2023-06-20,2025-02-17,608,0,raw_count,"vLLM (inference OR LLM OR library OR ""open source"")",ok,2026-07-08,FAIL
vLLM,2023-06-20,2025-02-24,615,0,raw_count,"vLLM (inference OR LLM OR library OR ""open source"")",ok,2026-07-08,FAIL
vLLM,2023-06-20,2025-03-03,622,3,raw_count,"vLLM (inference OR LLM OR library OR ""open source"")",ok,2026-07-08,FAIL
vLLM,2023-06-20,2025-03-10,629,1,raw_count,"vLLM (inference OR LLM OR library OR ""open source"")",ok,2026-07-08,FAIL
vLLM,2023-06-20,2025-03-17,636,5,raw_count,"vLLM (inference OR LLM OR library OR ""open source"")",ok,2026-07-08,FAIL
vLLM,2023-06-20,2025-03-24,643,3,raw_count,"vLLM (inference OR LLM OR library OR ""open source"")",ok,2026-07-08,FAIL
vLLM,2023-06-20,2025-03-31,650,1,raw_count,"vLLM (inference OR LLM OR library OR ""open source"")",ok,2026-07-08,FAIL
vLLM,2023-06-20,2025-04-07,657,3,raw_count,"vLLM (inference OR LLM OR library OR ""open source"")",ok,2026-07-08,FAIL
vLLM,2023-06-20,2025-04-14,664,0,raw_count,"vLLM (inference OR LLM OR library OR ""open source"")",ok,2026-07-08,FAIL
vLLM,2023-06-20,2025-04-21,671,1,raw_count,"vLLM (inference OR LLM OR library OR ""open source"")",ok,2026-07-08,FAIL
vLLM,2023-06-20,2025-04-28,678,4,raw_count,"vLLM (inference OR LLM OR library OR ""open source"")",ok,2026-07-08,FAIL
vLLM,2023-06-20,2025-05-05,685,4,raw_count,"vLLM (inference OR LLM OR library OR ""open source"")",ok,2026-07-08,FAIL
vLLM,2023-06-20,2025-05-12,692,1,raw_count,"vLLM (inference OR LLM OR library OR ""open source"")",ok,2026-07-08,FAIL
vLLM,2023-06-20,2025-05-19,699,13,raw_count,"vLLM (inference OR LLM OR library OR ""open source"")",ok,2026-07-08,FAIL
vLLM,2023-06-20,2025-05-26,706,1,raw_count,"vLLM (inference OR LLM OR library OR ""open source"")",ok,2026-07-08,FAIL
vLLM,2023-06-20,2025-06-02,713,4,raw_count,"vLLM (inference OR LLM OR library OR ""open source"")",ok,2026-07-08,FAIL
vLLM,2023-06-20,2025-06-09,720,3,raw_count,"vLLM (inference OR LLM OR library OR ""open source"")",ok,2026-07-08,FAIL
vLLM,2023-06-20,2025-06-16,727,0,raw_count,"vLLM (inference OR LLM OR library OR ""open source"")",ok,2026-07-08,FAIL
vLLM,2023-06-20,2025-06-23,734,0,raw_count,"vLLM (inference OR LLM OR library OR ""open source"")",ok,2026-07-08,FAIL
vLLM,2023-06-20,2025-06-30,741,1,raw_count,"vLLM (inference OR LLM OR library OR ""open source"")",ok,2026-07-08,FAIL
vLLM,2023-06-20,2025-07-07,748,6,raw_count,"vLLM (inference OR LLM OR library OR ""open source"")",ok,2026-07-08,FAIL
vLLM,2023-06-20,2025-07-14,755,2,raw_count,"vLLM (inference OR LLM OR library OR ""open source"")",ok,2026-07-08,FAIL
vLLM,2023-06-20,2025-07-21,762,7,raw_count,"vLLM (inference OR LLM OR library OR ""open source"")",ok,2026-07-08,FAIL
vLLM,2023-06-20,2025-07-28,769,2,raw_count,"vLLM (inference OR LLM OR library OR ""open source"")",ok,2026-07-08,FAIL
vLLM,2023-06-20,2025-08-04,776,3,raw_count,"vLLM (inference OR LLM OR library OR ""open source"")",ok,2026-07-08,FAIL
vLLM,2023-06-20,2025-08-11,783,3,raw_count,"vLLM (inference OR LLM OR library OR ""open source"")",ok,2026-07-08,FAIL
vLLM,2023-06-20,2025-08-18,790,4,raw_count,"vLLM (inference OR LLM OR library OR ""open source"")",ok,2026-07-08,FAIL
vLLM,2023-06-20,2025-08-25,797,1,raw_count,"vLLM (inference OR LLM OR library OR ""open source"")",ok,2026-07-08,FAIL
vLLM,2023-06-20,2025-09-01,804,1,raw_count,"vLLM (inference OR LLM OR library OR ""open source"")",ok,2026-07-08,FAIL
vLLM,2023-06-20,2025-09-08,811,4,raw_count,"vLLM (inference OR LLM OR library OR ""open source"")",ok,2026-07-08,FAIL
vLLM,2023-06-20,2025-09-15,818,4,raw_count,"vLLM (inference OR LLM OR library OR ""open source"")",ok,2026-07-08,FAIL
vLLM,2023-06-20,2025-09-22,825,4,raw_count,"vLLM (inference OR LLM OR library OR ""open source"")",ok,2026-07-08,FAIL
vLLM,2023-06-20,2025-09-29,832,2,raw_count,"vLLM (inference OR LLM OR library OR ""open source"")",ok,2026-07-08,FAIL
vLLM,2023-06-20,2025-10-06,839,0,raw_count,"vLLM (inference OR LLM OR library OR ""open source"")",ok,2026-07-08,FAIL
vLLM,2023-06-20,2025-10-13,846,3,raw_count,"vLLM (inference OR LLM OR library OR ""open source"")",ok,2026-07-08,FAIL
vLLM,2023-06-20,2025-10-20,853,12,raw_count,"vLLM (inference OR LLM OR library OR ""open source"")",ok,2026-07-08,FAIL
vLLM,2023-06-20,2025-10-27,860,2,raw_count,"vLLM (inference OR LLM OR library OR ""open source"")",ok,2026-07-08,FAIL
vLLM,2023-06-20,2025-11-03,867,6,raw_count,"vLLM (inference OR LLM OR library OR ""open source"")",ok,2026-07-08,FAIL
vLLM,2023-06-20,2025-11-10,874,7,raw_count,"vLLM (inference OR LLM OR library OR ""open source"")",ok,2026-07-08,FAIL
vLLM,2023-06-20,2025-11-17,881,6,raw_count,"vLLM (inference OR LLM OR library OR ""open source"")",ok,2026-07-08,FAIL
vLLM,2023-06-20,2025-11-24,888,5,raw_count,"vLLM (inference OR LLM OR library OR ""open source"")",ok,2026-07-08,FAIL
vLLM,2023-06-20,2025-12-01,895,4,raw_count,"vLLM (inference OR LLM OR library OR ""open source"")",ok,2026-07-08,FAIL
vLLM,2023-06-20,2025-12-08,902,3,raw_count,"vLLM (inference OR LLM OR library OR ""open source"")",ok,2026-07-08,FAIL
vLLM,2023-06-20,2025-12-15,909,2,raw_count,"vLLM (inference OR LLM OR library OR ""open source"")",ok,2026-07-08,FAIL
vLLM,2023-06-20,2025-12-22,916,3,raw_count,"vLLM (inference OR LLM OR library OR ""open source"")",ok,2026-07-08,FAIL
vLLM,2023-06-20,2025-12-29,923,2,raw_count,"vLLM (inference OR LLM OR library OR ""open source"")",ok,2026-07-08,FAIL
vLLM,2023-06-20,2026-01-05,930,3,raw_count,"vLLM (inference OR LLM OR library OR ""open source"")",ok,2026-07-08,FAIL
vLLM,2023-06-20,2026-01-12,937,3,raw_count,"vLLM (inference OR LLM OR library OR ""open source"")",ok,2026-07-08,FAIL
vLLM,2023-06-20,2026-01-19,944,7,raw_count,"vLLM (inference OR LLM OR library OR ""open source"")",ok,2026-07-08,FAIL
vLLM,2023-06-20,2026-01-26,951,3,raw_count,"vLLM (inference OR LLM OR library OR ""open source"")",ok,2026-07-08,FAIL
vLLM,2023-06-20,2026-02-02,958,4,raw_count,"vLLM (inference OR LLM OR library OR ""open source"")",ok,2026-07-08,FAIL
vLLM,2023-06-20,2026-02-09,965,9,raw_count,"vLLM (inference OR LLM OR library OR ""open source"")",ok,2026-07-08,FAIL
vLLM,2023-06-20,2026-02-16,972,1,raw_count,"vLLM (inference OR LLM OR library OR ""open source"")",ok,2026-07-08,FAIL
vLLM,2023-06-20,2026-02-23,979,10,raw_count,"vLLM (inference OR LLM OR library OR ""open source"")",ok,2026-07-08,FAIL
vLLM,2023-06-20,2026-03-02,986,7,raw_count,"vLLM (inference OR LLM OR library OR ""open source"")",ok,2026-07-08,FAIL
vLLM,2023-06-20,2026-03-09,993,5,raw_count,"vLLM (inference OR LLM OR library OR ""open source"")",ok,2026-07-08,FAIL
vLLM,2023-06-20,2026-03-16,1000,1,raw_count,"vLLM (inference OR LLM OR library OR ""open source"")",ok,2026-07-08,FAIL
vLLM,2023-06-20,2026-03-23,1007,3,raw_count,"vLLM (inference OR LLM OR library OR ""open source"")",ok,2026-07-08,FAIL
vLLM,2023-06-20,2026-03-30,1014,8,raw_count,"vLLM (inference OR LLM OR library OR ""open source"")",ok,2026-07-08,FAIL
vLLM,2023-06-20,2026-04-06,1021,6,raw_count,"vLLM (inference OR LLM OR library OR ""open source"")",ok,2026-07-08,FAIL
vLLM,2023-06-20,2026-04-13,1028,4,raw_count,"vLLM (inference OR LLM OR library OR ""open source"")",ok,2026-07-08,FAIL
vLLM,2023-06-20,2026-04-20,1035,11,raw_count,"vLLM (inference OR LLM OR library OR ""open source"")",ok,2026-07-08,FAIL
vLLM,2023-06-20,2026-04-27,1042,5,raw_count,"vLLM (inference OR LLM OR library OR ""open source"")",ok,2026-07-08,FAIL
vLLM,2023-06-20,2026-05-04,1049,14,raw_count,"vLLM (inference OR LLM OR library OR ""open source"")",ok,2026-07-08,FAIL
vLLM,2023-06-20,2026-05-11,1056,3,raw_count,"vLLM (inference OR LLM OR library OR ""open source"")",ok,2026-07-08,FAIL
vLLM,2023-06-20,2026-05-18,1063,3,raw_count,"vLLM (inference OR LLM OR library OR ""open source"")",ok,2026-07-08,FAIL
vLLM,2023-06-20,2026-05-25,1070,5,raw_count,"vLLM (inference OR LLM OR library OR ""open source"")",ok,2026-07-08,FAIL
vLLM,2023-06-20,2026-06-01,1077,9,raw_count,"vLLM (inference OR LLM OR library OR ""open source"")",ok,2026-07-08,FAIL
vLLM,2023-06-20,2026-06-08,1084,7,raw_count,"vLLM (inference OR LLM OR library OR ""open source"")",ok,2026-07-08,FAIL
vLLM,2023-06-20,2026-06-15,1091,11,raw_count,"vLLM (inference OR LLM OR library OR ""open source"")",ok,2026-07-08,FAIL
vLLM,2023-06-20,2026-06-22,1098,9,raw_count,"vLLM (inference OR LLM OR library OR ""open source"")",ok,2026-07-08,FAIL
vLLM,2023-06-20,2026-06-29,1105,3,raw_count,"vLLM (inference OR LLM OR library OR ""open source"")",ok,2026-07-08,FAIL
Threads,2023-07-05,2023-06-05,-30,79,raw_count,"""Threads"" (Meta OR Instagram OR app)",ok,2026-07-08,PASS
Threads,2023-07-05,2023-06-12,-23,101,raw_count,"""Threads"" (Meta OR Instagram OR app)",ok,2026-07-08,PASS
Threads,2023-07-05,2023-06-19,-16,235,raw_count,"""Threads"" (Meta OR Instagram OR app)",ok,2026-07-08,PASS
Threads,2023-07-05,2023-06-26,-9,81,raw_count,"""Threads"" (Meta OR Instagram OR app)",ok,2026-07-08,PASS
Threads,2023-07-05,2023-07-03,-2,3920,raw_count,"""Threads"" (Meta OR Instagram OR app)",ok,2026-07-08,PASS
Threads,2023-07-05,2023-07-10,5,2014,raw_count,"""Threads"" (Meta OR Instagram OR app)",ok,2026-07-08,PASS
Threads,2023-07-05,2023-07-17,12,970,raw_count,"""Threads"" (Meta OR Instagram OR app)",ok,2026-07-08,PASS
Threads,2023-07-05,2023-07-24,19,1457,raw_count,"""Threads"" (Meta OR Instagram OR app)",ok,2026-07-08,PASS
Threads,2023-07-05,2023-07-31,26,622,raw_count,"""Threads"" (Meta OR Instagram OR app)",ok,2026-07-08,PASS
Threads,2023-07-05,2023-08-07,33,981,raw_count,"""Threads"" (Meta OR Instagram OR app)",ok,2026-07-08,PASS
Threads,2023-07-05,2023-08-14,40,564,raw_count,"""Threads"" (Meta OR Instagram OR app)",ok,2026-07-08,PASS
Threads,2023-07-05,2023-08-21,47,571,raw_count,"""Threads"" (Meta OR Instagram OR app)",ok,2026-07-08,PASS
Threads,2023-07-05,2023-08-28,54,333,raw_count,"""Threads"" (Meta OR Instagram OR app)",ok,2026-07-08,PASS
Threads,2023-07-05,2023-09-04,61,249,raw_count,"""Threads"" (Meta OR Instagram OR app)",ok,2026-07-08,PASS
Threads,2023-07-05,2023-09-11,68,324,raw_count,"""Threads"" (Meta OR Instagram OR app)",ok,2026-07-08,PASS
Threads,2023-07-05,2023-09-18,75,279,raw_count,"""Threads"" (Meta OR Instagram OR app)",ok,2026-07-08,PASS
Threads,2023-07-05,2023-09-25,82,221,raw_count,"""Threads"" (Meta OR Instagram OR app)",ok,2026-07-08,PASS
Threads,2023-07-05,2023-10-02,89,190,raw_count,"""Threads"" (Meta OR Instagram OR app)",ok,2026-07-08,PASS
Threads,2023-07-05,2023-10-09,96,230,raw_count,"""Threads"" (Meta OR Instagram OR app)",ok,2026-07-08,PASS
Threads,2023-07-05,2023-10-16,103,243,raw_count,"""Threads"" (Meta OR Instagram OR app)",ok,2026-07-08,PASS
Threads,2023-07-05,2023-10-23,110,383,raw_count,"""Threads"" (Meta OR Instagram OR app)",ok,2026-07-08,PASS
Threads,2023-07-05,2023-10-30,117,270,raw_count,"""Threads"" (Meta OR Instagram OR app)",ok,2026-07-08,PASS
Threads,2023-07-05,2023-11-06,124,164,raw_count,"""Threads"" (Meta OR Instagram OR app)",ok,2026-07-08,PASS
Threads,2023-07-05,2023-11-13,131,251,raw_count,"""Threads"" (Meta OR Instagram OR app)",ok,2026-07-08,PASS
Threads,2023-07-05,2023-11-20,138,170,raw_count,"""Threads"" (Meta OR Instagram OR app)",ok,2026-07-08,PASS
Threads,2023-07-05,2023-11-27,145,243,raw_count,"""Threads"" (Meta OR Instagram OR app)",ok,2026-07-08,PASS
Threads,2023-07-05,2023-12-04,152,206,raw_count,"""Threads"" (Meta OR Instagram OR app)",ok,2026-07-08,PASS
Threads,2023-07-05,2023-12-11,159,286,raw_count,"""Threads"" (Meta OR Instagram OR app)",ok,2026-07-08,PASS
Threads,2023-07-05,2023-12-18,166,193,raw_count,"""Threads"" (Meta OR Instagram OR app)",ok,2026-07-08,PASS
Threads,2023-07-05,2023-12-25,173,270,raw_count,"""Threads"" (Meta OR Instagram OR app)",ok,2026-07-08,PASS
Threads,2023-07-05,2024-01-01,180,155,raw_count,"""Threads"" (Meta OR Instagram OR app)",ok,2026-07-08,PASS
Threads,2023-07-05,2024-01-08,187,136,raw_count,"""Threads"" (Meta OR Instagram OR app)",ok,2026-07-08,PASS
Threads,2023-07-05,2024-01-15,194,140,raw_count,"""Threads"" (Meta OR Instagram OR app)",ok,2026-07-08,PASS
Threads,2023-07-05,2024-01-22,201,135,raw_count,"""Threads"" (Meta OR Instagram OR app)",ok,2026-07-08,PASS
Threads,2023-07-05,2024-01-29,208,311,raw_count,"""Threads"" (Meta OR Instagram OR app)",ok,2026-07-08,PASS
Threads,2023-07-05,2024-02-05,215,432,raw_count,"""Threads"" (Meta OR Instagram OR app)",ok,2026-07-08,PASS
Threads,2023-07-05,2024-02-12,222,280,raw_count,"""Threads"" (Meta OR Instagram OR app)",ok,2026-07-08,PASS
Threads,2023-07-05,2024-02-19,229,200,raw_count,"""Threads"" (Meta OR Instagram OR app)",ok,2026-07-08,PASS
Threads,2023-07-05,2024-02-26,236,201,raw_count,"""Threads"" (Meta OR Instagram OR app)",ok,2026-07-08,PASS
Threads,2023-07-05,2024-03-04,243,745,raw_count,"""Threads"" (Meta OR Instagram OR app)",ok,2026-07-08,PASS
Threads,2023-07-05,2024-03-11,250,306,raw_count,"""Threads"" (Meta OR Instagram OR app)",ok,2026-07-08,PASS
Threads,2023-07-05,2024-03-18,257,273,raw_count,"""Threads"" (Meta OR Instagram OR app)",ok,2026-07-08,PASS
Threads,2023-07-05,2024-03-25,264,308,raw_count,"""Threads"" (Meta OR Instagram OR app)",ok,2026-07-08,PASS
Threads,2023-07-05,2024-04-01,271,274,raw_count,"""Threads"" (Meta OR Instagram OR app)",ok,2026-07-08,PASS
Threads,2023-07-05,2024-04-08,278,192,raw_count,"""Threads"" (Meta OR Instagram OR app)",ok,2026-07-08,PASS
Threads,2023-07-05,2024-04-15,285,334,raw_count,"""Threads"" (Meta OR Instagram OR app)",ok,2026-07-08,PASS
Threads,2023-07-05,2024-04-22,292,276,raw_count,"""Threads"" (Meta OR Instagram OR app)",ok,2026-07-08,PASS
Threads,2023-07-05,2024-04-29,299,178,raw_count,"""Threads"" (Meta OR Instagram OR app)",ok,2026-07-08,PASS
Threads,2023-07-05,2024-05-06,306,338,raw_count,"""Threads"" (Meta OR Instagram OR app)",ok,2026-07-08,PASS
Threads,2023-07-05,2024-05-13,313,274,raw_count,"""Threads"" (Meta OR Instagram OR app)",ok,2026-07-08,PASS
Threads,2023-07-05,2024-05-20,320,218,raw_count,"""Threads"" (Meta OR Instagram OR app)",ok,2026-07-08,PASS
Threads,2023-07-05,2024-05-27,327,152,raw_count,"""Threads"" (Meta OR Instagram OR app)",ok,2026-07-08,PASS
Threads,2023-07-05,2024-06-03,334,178,raw_count,"""Threads"" (Meta OR Instagram OR app)",ok,2026-07-08,PASS
Threads,2023-07-05,2024-06-10,341,238,raw_count,"""Threads"" (Meta OR Instagram OR app)",ok,2026-07-08,PASS
Threads,2023-07-05,2024-06-17,348,168,raw_count,"""Threads"" (Meta OR Instagram OR app)",ok,2026-07-08,PASS
Threads,2023-07-05,2024-06-24,355,229,raw_count,"""Threads"" (Meta OR Instagram OR app)",ok,2026-07-08,PASS
Threads,2023-07-05,2024-07-01,362,303,raw_count,"""Threads"" (Meta OR Instagram OR app)",ok,2026-07-08,PASS
Threads,2023-07-05,2024-07-08,369,209,raw_count,"""Threads"" (Meta OR Instagram OR app)",ok,2026-07-08,PASS
Threads,2023-07-05,2024-07-15,376,192,raw_count,"""Threads"" (Meta OR Instagram OR app)",ok,2026-07-08,PASS
Threads,2023-07-05,2024-07-22,383,254,raw_count,"""Threads"" (Meta OR Instagram OR app)",ok,2026-07-08,PASS
Threads,2023-07-05,2024-07-29,390,370,raw_count,"""Threads"" (Meta OR Instagram OR app)",ok,2026-07-08,PASS
Threads,2023-07-05,2024-08-05,397,191,raw_count,"""Threads"" (Meta OR Instagram OR app)",ok,2026-07-08,PASS
Threads,2023-07-05,2024-08-12,404,176,raw_count,"""Threads"" (Meta OR Instagram OR app)",ok,2026-07-08,PASS
Threads,2023-07-05,2024-08-19,411,175,raw_count,"""Threads"" (Meta OR Instagram OR app)",ok,2026-07-08,PASS
Threads,2023-07-05,2024-08-26,418,303,raw_count,"""Threads"" (Meta OR Instagram OR app)",ok,2026-07-08,PASS
Threads,2023-07-05,2024-09-02,425,301,raw_count,"""Threads"" (Meta OR Instagram OR app)",ok,2026-07-08,PASS
Threads,2023-07-05,2024-09-09,432,264,raw_count,"""Threads"" (Meta OR Instagram OR app)",ok,2026-07-08,PASS
Threads,2023-07-05,2024-09-16,439,271,raw_count,"""Threads"" (Meta OR Instagram OR app)",ok,2026-07-08,PASS
Threads,2023-07-05,2024-09-23,446,254,raw_count,"""Threads"" (Meta OR Instagram OR app)",ok,2026-07-08,PASS
Threads,2023-07-05,2024-09-30,453,175,raw_count,"""Threads"" (Meta OR Instagram OR app)",ok,2026-07-08,PASS
Threads,2023-07-05,2024-10-07,460,202,raw_count,"""Threads"" (Meta OR Instagram OR app)",ok,2026-07-08,PASS
Threads,2023-07-05,2024-10-14,467,229,raw_count,"""Threads"" (Meta OR Instagram OR app)",ok,2026-07-08,PASS
Threads,2023-07-05,2024-10-21,474,274,raw_count,"""Threads"" (Meta OR Instagram OR app)",ok,2026-07-08,PASS
Threads,2023-07-05,2024-10-28,481,271,raw_count,"""Threads"" (Meta OR Instagram OR app)",ok,2026-07-08,PASS
Threads,2023-07-05,2024-11-04,488,313,raw_count,"""Threads"" (Meta OR Instagram OR app)",ok,2026-07-08,PASS
Threads,2023-07-05,2024-11-11,495,351,raw_count,"""Threads"" (Meta OR Instagram OR app)",ok,2026-07-08,PASS
Threads,2023-07-05,2024-11-18,502,431,raw_count,"""Threads"" (Meta OR Instagram OR app)",ok,2026-07-08,PASS
Threads,2023-07-05,2024-11-25,509,441,raw_count,"""Threads"" (Meta OR Instagram OR app)",ok,2026-07-08,PASS
Threads,2023-07-05,2024-12-02,516,306,raw_count,"""Threads"" (Meta OR Instagram OR app)",ok,2026-07-08,PASS
Threads,2023-07-05,2024-12-09,523,487,raw_count,"""Threads"" (Meta OR Instagram OR app)",ok,2026-07-08,PASS
Threads,2023-07-05,2024-12-16,530,346,raw_count,"""Threads"" (Meta OR Instagram OR app)",ok,2026-07-08,PASS
Threads,2023-07-05,2024-12-23,537,275,raw_count,"""Threads"" (Meta OR Instagram OR app)",ok,2026-07-08,PASS
Threads,2023-07-05,2024-12-30,544,238,raw_count,"""Threads"" (Meta OR Instagram OR app)",ok,2026-07-08,PASS
Threads,2023-07-05,2025-01-06,551,871,raw_count,"""Threads"" (Meta OR Instagram OR app)",ok,2026-07-08,PASS
Threads,2023-07-05,2025-01-13,558,383,raw_count,"""Threads"" (Meta OR Instagram OR app)",ok,2026-07-08,PASS
Threads,2023-07-05,2025-01-20,565,660,raw_count,"""Threads"" (Meta OR Instagram OR app)",ok,2026-07-08,PASS
Threads,2023-07-05,2025-01-27,572,295,raw_count,"""Threads"" (Meta OR Instagram OR app)",ok,2026-07-08,PASS
Threads,2023-07-05,2025-02-03,579,182,raw_count,"""Threads"" (Meta OR Instagram OR app)",ok,2026-07-08,PASS
Threads,2023-07-05,2025-02-10,586,216,raw_count,"""Threads"" (Meta OR Instagram OR app)",ok,2026-07-08,PASS
Threads,2023-07-05,2025-02-17,593,155,raw_count,"""Threads"" (Meta OR Instagram OR app)",ok,2026-07-08,PASS
Threads,2023-07-05,2025-02-24,600,215,raw_count,"""Threads"" (Meta OR Instagram OR app)",ok,2026-07-08,PASS
Threads,2023-07-05,2025-03-03,607,161,raw_count,"""Threads"" (Meta OR Instagram OR app)",ok,2026-07-08,PASS
Threads,2023-07-05,2025-03-10,614,244,raw_count,"""Threads"" (Meta OR Instagram OR app)",ok,2026-07-08,PASS
Threads,2023-07-05,2025-03-17,621,200,raw_count,"""Threads"" (Meta OR Instagram OR app)",ok,2026-07-08,PASS
Threads,2023-07-05,2025-03-24,628,214,raw_count,"""Threads"" (Meta OR Instagram OR app)",ok,2026-07-08,PASS
Threads,2023-07-05,2025-03-31,635,202,raw_count,"""Threads"" (Meta OR Instagram OR app)",ok,2026-07-08,PASS
Threads,2023-07-05,2025-04-07,642,429,raw_count,"""Threads"" (Meta OR Instagram OR app)",ok,2026-07-08,PASS
Threads,2023-07-05,2025-04-14,649,209,raw_count,"""Threads"" (Meta OR Instagram OR app)",ok,2026-07-08,PASS
Threads,2023-07-05,2025-04-21,656,211,raw_count,"""Threads"" (Meta OR Instagram OR app)",ok,2026-07-08,PASS
Threads,2023-07-05,2025-04-28,663,210,raw_count,"""Threads"" (Meta OR Instagram OR app)",ok,2026-07-08,PASS
Threads,2023-07-05,2025-05-05,670,231,raw_count,"""Threads"" (Meta OR Instagram OR app)",ok,2026-07-08,PASS
Threads,2023-07-05,2025-05-12,677,155,raw_count,"""Threads"" (Meta OR Instagram OR app)",ok,2026-07-08,PASS
Threads,2023-07-05,2025-05-19,684,181,raw_count,"""Threads"" (Meta OR Instagram OR app)",ok,2026-07-08,PASS
Threads,2023-07-05,2025-05-26,691,168,raw_count,"""Threads"" (Meta OR Instagram OR app)",ok,2026-07-08,PASS
Threads,2023-07-05,2025-06-02,698,274,raw_count,"""Threads"" (Meta OR Instagram OR app)",ok,2026-07-08,PASS
Threads,2023-07-05,2025-06-09,705,159,raw_count,"""Threads"" (Meta OR Instagram OR app)",ok,2026-07-08,PASS
Threads,2023-07-05,2025-06-16,712,0,raw_count,"""Threads"" (Meta OR Instagram OR app)",ok,2026-07-08,PASS
Threads,2023-07-05,2025-06-23,719,0,raw_count,"""Threads"" (Meta OR Instagram OR app)",ok,2026-07-08,PASS
Threads,2023-07-05,2025-06-30,726,119,raw_count,"""Threads"" (Meta OR Instagram OR app)",ok,2026-07-08,PASS
Threads,2023-07-05,2025-07-07,733,215,raw_count,"""Threads"" (Meta OR Instagram OR app)",ok,2026-07-08,PASS
Threads,2023-07-05,2025-07-14,740,258,raw_count,"""Threads"" (Meta OR Instagram OR app)",ok,2026-07-08,PASS
Threads,2023-07-05,2025-07-21,747,308,raw_count,"""Threads"" (Meta OR Instagram OR app)",ok,2026-07-08,PASS
Threads,2023-07-05,2025-07-28,754,286,raw_count,"""Threads"" (Meta OR Instagram OR app)",ok,2026-07-08,PASS
Threads,2023-07-05,2025-08-04,761,273,raw_count,"""Threads"" (Meta OR Instagram OR app)",ok,2026-07-08,PASS
Threads,2023-07-05,2025-08-11,768,194,raw_count,"""Threads"" (Meta OR Instagram OR app)",ok,2026-07-08,PASS
Threads,2023-07-05,2025-08-18,775,224,raw_count,"""Threads"" (Meta OR Instagram OR app)",ok,2026-07-08,PASS
Threads,2023-07-05,2025-08-25,782,223,raw_count,"""Threads"" (Meta OR Instagram OR app)",ok,2026-07-08,PASS
Threads,2023-07-05,2025-09-01,789,312,raw_count,"""Threads"" (Meta OR Instagram OR app)",ok,2026-07-08,PASS
Threads,2023-07-05,2025-09-08,796,353,raw_count,"""Threads"" (Meta OR Instagram OR app)",ok,2026-07-08,PASS
Threads,2023-07-05,2025-09-15,803,321,raw_count,"""Threads"" (Meta OR Instagram OR app)",ok,2026-07-08,PASS
Threads,2023-07-05,2025-09-22,810,322,raw_count,"""Threads"" (Meta OR Instagram OR app)",ok,2026-07-08,PASS
Threads,2023-07-05,2025-09-29,817,201,raw_count,"""Threads"" (Meta OR Instagram OR app)",ok,2026-07-08,PASS
Threads,2023-07-05,2025-10-06,824,233,raw_count,"""Threads"" (Meta OR Instagram OR app)",ok,2026-07-08,PASS
Threads,2023-07-05,2025-10-13,831,269,raw_count,"""Threads"" (Meta OR Instagram OR app)",ok,2026-07-08,PASS
Threads,2023-07-05,2025-10-20,838,240,raw_count,"""Threads"" (Meta OR Instagram OR app)",ok,2026-07-08,PASS
Threads,2023-07-05,2025-10-27,845,252,raw_count,"""Threads"" (Meta OR Instagram OR app)",ok,2026-07-08,PASS
Threads,2023-07-05,2025-11-03,852,275,raw_count,"""Threads"" (Meta OR Instagram OR app)",ok,2026-07-08,PASS
Threads,2023-07-05,2025-11-10,859,377,raw_count,"""Threads"" (Meta OR Instagram OR app)",ok,2026-07-08,PASS
Threads,2023-07-05,2025-11-17,866,414,raw_count,"""Threads"" (Meta OR Instagram OR app)",ok,2026-07-08,PASS
Threads,2023-07-05,2025-11-24,873,353,raw_count,"""Threads"" (Meta OR Instagram OR app)",ok,2026-07-08,PASS
Threads,2023-07-05,2025-12-01,880,445,raw_count,"""Threads"" (Meta OR Instagram OR app)",ok,2026-07-08,PASS
Threads,2023-07-05,2025-12-08,887,976,raw_count,"""Threads"" (Meta OR Instagram OR app)",ok,2026-07-08,PASS
Threads,2023-07-05,2025-12-15,894,352,raw_count,"""Threads"" (Meta OR Instagram OR app)",ok,2026-07-08,PASS
Threads,2023-07-05,2025-12-22,901,259,raw_count,"""Threads"" (Meta OR Instagram OR app)",ok,2026-07-08,PASS
Threads,2023-07-05,2025-12-29,908,229,raw_count,"""Threads"" (Meta OR Instagram OR app)",ok,2026-07-08,PASS
Threads,2023-07-05,2026-01-05,915,231,raw_count,"""Threads"" (Meta OR Instagram OR app)",ok,2026-07-08,PASS
Threads,2023-07-05,2026-01-12,922,566,raw_count,"""Threads"" (Meta OR Instagram OR app)",ok,2026-07-08,PASS
Threads,2023-07-05,2026-01-19,929,274,raw_count,"""Threads"" (Meta OR Instagram OR app)",ok,2026-07-08,PASS
Threads,2023-07-05,2026-01-26,936,275,raw_count,"""Threads"" (Meta OR Instagram OR app)",ok,2026-07-08,PASS
Threads,2023-07-05,2026-02-02,943,209,raw_count,"""Threads"" (Meta OR Instagram OR app)",ok,2026-07-08,PASS
Threads,2023-07-05,2026-02-09,950,214,raw_count,"""Threads"" (Meta OR Instagram OR app)",ok,2026-07-08,PASS
Threads,2023-07-05,2026-02-16,957,199,raw_count,"""Threads"" (Meta OR Instagram OR app)",ok,2026-07-08,PASS
Threads,2023-07-05,2026-02-23,964,246,raw_count,"""Threads"" (Meta OR Instagram OR app)",ok,2026-07-08,PASS
Threads,2023-07-05,2026-03-02,971,408,raw_count,"""Threads"" (Meta OR Instagram OR app)",ok,2026-07-08,PASS
Threads,2023-07-05,2026-03-09,978,306,raw_count,"""Threads"" (Meta OR Instagram OR app)",ok,2026-07-08,PASS
Threads,2023-07-05,2026-03-16,985,210,raw_count,"""Threads"" (Meta OR Instagram OR app)",ok,2026-07-08,PASS
Threads,2023-07-05,2026-03-23,992,234,raw_count,"""Threads"" (Meta OR Instagram OR app)",ok,2026-07-08,PASS
Threads,2023-07-05,2026-03-30,999,283,raw_count,"""Threads"" (Meta OR Instagram OR app)",ok,2026-07-08,PASS
Threads,2023-07-05,2026-04-06,1006,225,raw_count,"""Threads"" (Meta OR Instagram OR app)",ok,2026-07-08,PASS
Threads,2023-07-05,2026-04-13,1013,343,raw_count,"""Threads"" (Meta OR Instagram OR app)",ok,2026-07-08,PASS
Threads,2023-07-05,2026-04-20,1020,263,raw_count,"""Threads"" (Meta OR Instagram OR app)",ok,2026-07-08,PASS
Threads,2023-07-05,2026-04-27,1027,264,raw_count,"""Threads"" (Meta OR Instagram OR app)",ok,2026-07-08,PASS
Threads,2023-07-05,2026-05-04,1034,223,raw_count,"""Threads"" (Meta OR Instagram OR app)",ok,2026-07-08,PASS
Threads,2023-07-05,2026-05-11,1041,224,raw_count,"""Threads"" (Meta OR Instagram OR app)",ok,2026-07-08,PASS
Threads,2023-07-05,2026-05-18,1048,233,raw_count,"""Threads"" (Meta OR Instagram OR app)",ok,2026-07-08,PASS
Threads,2023-07-05,2026-05-25,1055,290,raw_count,"""Threads"" (Meta OR Instagram OR app)",ok,2026-07-08,PASS
Threads,2023-07-05,2026-06-01,1062,231,raw_count,"""Threads"" (Meta OR Instagram OR app)",ok,2026-07-08,PASS
Threads,2023-07-05,2026-06-08,1069,227,raw_count,"""Threads"" (Meta OR Instagram OR app)",ok,2026-07-08,PASS
Threads,2023-07-05,2026-06-15,1076,486,raw_count,"""Threads"" (Meta OR Instagram OR app)",ok,2026-07-08,PASS
Threads,2023-07-05,2026-06-22,1083,308,raw_count,"""Threads"" (Meta OR Instagram OR app)",ok,2026-07-08,PASS
Threads,2023-07-05,2026-06-29,1090,181,raw_count,"""Threads"" (Meta OR Instagram OR app)",ok,2026-07-08,PASS
NotebookLM,2023-07-12,2023-06-12,-30,0,raw_count,"""NotebookLM""",ok,2026-07-08,NOT_AUDITED
NotebookLM,2023-07-12,2023-06-19,-23,0,raw_count,"""NotebookLM""",ok,2026-07-08,NOT_AUDITED
NotebookLM,2023-07-12,2023-06-26,-16,0,raw_count,"""NotebookLM""",ok,2026-07-08,NOT_AUDITED
NotebookLM,2023-07-12,2023-07-03,-9,0,raw_count,"""NotebookLM""",ok,2026-07-08,NOT_AUDITED
NotebookLM,2023-07-12,2023-07-10,-2,17,raw_count,"""NotebookLM""",ok,2026-07-08,NOT_AUDITED
NotebookLM,2023-07-12,2023-07-17,5,2,raw_count,"""NotebookLM""",ok,2026-07-08,NOT_AUDITED
NotebookLM,2023-07-12,2023-07-24,12,0,raw_count,"""NotebookLM""",ok,2026-07-08,NOT_AUDITED
NotebookLM,2023-07-12,2023-07-31,19,2,raw_count,"""NotebookLM""",ok,2026-07-08,NOT_AUDITED
NotebookLM,2023-07-12,2023-08-07,26,0,raw_count,"""NotebookLM""",ok,2026-07-08,NOT_AUDITED
NotebookLM,2023-07-12,2023-08-14,33,1,raw_count,"""NotebookLM""",ok,2026-07-08,NOT_AUDITED
NotebookLM,2023-07-12,2023-08-21,40,0,raw_count,"""NotebookLM""",ok,2026-07-08,NOT_AUDITED
NotebookLM,2023-07-12,2023-08-28,47,1,raw_count,"""NotebookLM""",ok,2026-07-08,NOT_AUDITED
NotebookLM,2023-07-12,2023-09-04,54,0,raw_count,"""NotebookLM""",ok,2026-07-08,NOT_AUDITED
NotebookLM,2023-07-12,2023-09-11,61,0,raw_count,"""NotebookLM""",ok,2026-07-08,NOT_AUDITED
NotebookLM,2023-07-12,2023-09-18,68,0,raw_count,"""NotebookLM""",ok,2026-07-08,NOT_AUDITED
NotebookLM,2023-07-12,2023-09-25,75,0,raw_count,"""NotebookLM""",ok,2026-07-08,NOT_AUDITED
NotebookLM,2023-07-12,2023-10-02,82,0,raw_count,"""NotebookLM""",ok,2026-07-08,NOT_AUDITED
NotebookLM,2023-07-12,2023-10-09,89,0,raw_count,"""NotebookLM""",ok,2026-07-08,NOT_AUDITED
NotebookLM,2023-07-12,2023-10-16,96,0,raw_count,"""NotebookLM""",ok,2026-07-08,NOT_AUDITED
NotebookLM,2023-07-12,2023-10-23,103,0,raw_count,"""NotebookLM""",ok,2026-07-08,NOT_AUDITED
NotebookLM,2023-07-12,2023-10-30,110,0,raw_count,"""NotebookLM""",ok,2026-07-08,NOT_AUDITED
NotebookLM,2023-07-12,2023-11-06,117,0,raw_count,"""NotebookLM""",ok,2026-07-08,NOT_AUDITED
NotebookLM,2023-07-12,2023-11-13,124,1,raw_count,"""NotebookLM""",ok,2026-07-08,NOT_AUDITED
NotebookLM,2023-07-12,2023-11-20,131,0,raw_count,"""NotebookLM""",ok,2026-07-08,NOT_AUDITED
NotebookLM,2023-07-12,2023-11-27,138,0,raw_count,"""NotebookLM""",ok,2026-07-08,NOT_AUDITED
NotebookLM,2023-07-12,2023-12-04,145,20,raw_count,"""NotebookLM""",ok,2026-07-08,NOT_AUDITED
NotebookLM,2023-07-12,2023-12-11,152,4,raw_count,"""NotebookLM""",ok,2026-07-08,NOT_AUDITED
NotebookLM,2023-07-12,2023-12-18,159,2,raw_count,"""NotebookLM""",ok,2026-07-08,NOT_AUDITED
NotebookLM,2023-07-12,2023-12-25,166,0,raw_count,"""NotebookLM""",ok,2026-07-08,NOT_AUDITED
NotebookLM,2023-07-12,2024-01-01,173,0,raw_count,"""NotebookLM""",ok,2026-07-08,NOT_AUDITED
NotebookLM,2023-07-12,2024-01-08,180,2,raw_count,"""NotebookLM""",ok,2026-07-08,NOT_AUDITED
NotebookLM,2023-07-12,2024-01-15,187,0,raw_count,"""NotebookLM""",ok,2026-07-08,NOT_AUDITED
NotebookLM,2023-07-12,2024-01-22,194,1,raw_count,"""NotebookLM""",ok,2026-07-08,NOT_AUDITED
NotebookLM,2023-07-12,2024-01-29,201,0,raw_count,"""NotebookLM""",ok,2026-07-08,NOT_AUDITED
NotebookLM,2023-07-12,2024-02-05,208,1,raw_count,"""NotebookLM""",ok,2026-07-08,NOT_AUDITED
NotebookLM,2023-07-12,2024-02-12,215,0,raw_count,"""NotebookLM""",ok,2026-07-08,NOT_AUDITED
NotebookLM,2023-07-12,2024-02-19,222,0,raw_count,"""NotebookLM""",ok,2026-07-08,NOT_AUDITED
NotebookLM,2023-07-12,2024-02-26,229,0,raw_count,"""NotebookLM""",ok,2026-07-08,NOT_AUDITED
NotebookLM,2023-07-12,2024-03-04,236,1,raw_count,"""NotebookLM""",ok,2026-07-08,NOT_AUDITED
NotebookLM,2023-07-12,2024-03-11,243,0,raw_count,"""NotebookLM""",ok,2026-07-08,NOT_AUDITED
NotebookLM,2023-07-12,2024-03-18,250,0,raw_count,"""NotebookLM""",ok,2026-07-08,NOT_AUDITED
NotebookLM,2023-07-12,2024-03-25,257,0,raw_count,"""NotebookLM""",ok,2026-07-08,NOT_AUDITED
NotebookLM,2023-07-12,2024-04-01,264,0,raw_count,"""NotebookLM""",ok,2026-07-08,NOT_AUDITED
NotebookLM,2023-07-12,2024-04-08,271,3,raw_count,"""NotebookLM""",ok,2026-07-08,NOT_AUDITED
NotebookLM,2023-07-12,2024-04-15,278,0,raw_count,"""NotebookLM""",ok,2026-07-08,NOT_AUDITED
NotebookLM,2023-07-12,2024-04-22,285,1,raw_count,"""NotebookLM""",ok,2026-07-08,NOT_AUDITED
NotebookLM,2023-07-12,2024-04-29,292,0,raw_count,"""NotebookLM""",ok,2026-07-08,NOT_AUDITED
NotebookLM,2023-07-12,2024-05-06,299,0,raw_count,"""NotebookLM""",ok,2026-07-08,NOT_AUDITED
NotebookLM,2023-07-12,2024-05-13,306,12,raw_count,"""NotebookLM""",ok,2026-07-08,NOT_AUDITED
NotebookLM,2023-07-12,2024-05-20,313,1,raw_count,"""NotebookLM""",ok,2026-07-08,NOT_AUDITED
NotebookLM,2023-07-12,2024-05-27,320,0,raw_count,"""NotebookLM""",ok,2026-07-08,NOT_AUDITED
NotebookLM,2023-07-12,2024-06-03,327,33,raw_count,"""NotebookLM""",ok,2026-07-08,NOT_AUDITED
NotebookLM,2023-07-12,2024-06-10,334,3,raw_count,"""NotebookLM""",ok,2026-07-08,NOT_AUDITED
NotebookLM,2023-07-12,2024-06-17,341,1,raw_count,"""NotebookLM""",ok,2026-07-08,NOT_AUDITED
NotebookLM,2023-07-12,2024-06-24,348,2,raw_count,"""NotebookLM""",ok,2026-07-08,NOT_AUDITED
NotebookLM,2023-07-12,2024-07-01,355,0,raw_count,"""NotebookLM""",ok,2026-07-08,NOT_AUDITED
NotebookLM,2023-07-12,2024-07-08,362,1,raw_count,"""NotebookLM""",ok,2026-07-08,NOT_AUDITED
NotebookLM,2023-07-12,2024-07-15,369,1,raw_count,"""NotebookLM""",ok,2026-07-08,NOT_AUDITED
NotebookLM,2023-07-12,2024-07-22,376,1,raw_count,"""NotebookLM""",ok,2026-07-08,NOT_AUDITED
NotebookLM,2023-07-12,2024-07-29,383,1,raw_count,"""NotebookLM""",ok,2026-07-08,NOT_AUDITED
NotebookLM,2023-07-12,2024-08-05,390,0,raw_count,"""NotebookLM""",ok,2026-07-08,NOT_AUDITED
NotebookLM,2023-07-12,2024-08-12,397,0,raw_count,"""NotebookLM""",ok,2026-07-08,NOT_AUDITED
NotebookLM,2023-07-12,2024-08-19,404,0,raw_count,"""NotebookLM""",ok,2026-07-08,NOT_AUDITED
NotebookLM,2023-07-12,2024-08-26,411,0,raw_count,"""NotebookLM""",ok,2026-07-08,NOT_AUDITED
NotebookLM,2023-07-12,2024-09-02,418,2,raw_count,"""NotebookLM""",ok,2026-07-08,NOT_AUDITED
NotebookLM,2023-07-12,2024-09-09,425,15,raw_count,"""NotebookLM""",ok,2026-07-08,NOT_AUDITED
NotebookLM,2023-07-12,2024-09-16,432,2,raw_count,"""NotebookLM""",ok,2026-07-08,NOT_AUDITED
NotebookLM,2023-07-12,2024-09-23,439,7,raw_count,"""NotebookLM""",ok,2026-07-08,NOT_AUDITED
NotebookLM,2023-07-12,2024-09-30,446,13,raw_count,"""NotebookLM""",ok,2026-07-08,NOT_AUDITED
NotebookLM,2023-07-12,2024-10-07,453,4,raw_count,"""NotebookLM""",ok,2026-07-08,NOT_AUDITED
NotebookLM,2023-07-12,2024-10-14,460,17,raw_count,"""NotebookLM""",ok,2026-07-08,NOT_AUDITED
NotebookLM,2023-07-12,2024-10-21,467,16,raw_count,"""NotebookLM""",ok,2026-07-08,NOT_AUDITED
NotebookLM,2023-07-12,2024-10-28,474,10,raw_count,"""NotebookLM""",ok,2026-07-08,NOT_AUDITED
NotebookLM,2023-07-12,2024-11-04,481,4,raw_count,"""NotebookLM""",ok,2026-07-08,NOT_AUDITED
NotebookLM,2023-07-12,2024-11-11,488,12,raw_count,"""NotebookLM""",ok,2026-07-08,NOT_AUDITED
NotebookLM,2023-07-12,2024-11-18,495,5,raw_count,"""NotebookLM""",ok,2026-07-08,NOT_AUDITED
NotebookLM,2023-07-12,2024-11-25,502,11,raw_count,"""NotebookLM""",ok,2026-07-08,NOT_AUDITED
NotebookLM,2023-07-12,2024-12-02,509,48,raw_count,"""NotebookLM""",ok,2026-07-08,NOT_AUDITED
NotebookLM,2023-07-12,2024-12-09,516,28,raw_count,"""NotebookLM""",ok,2026-07-08,NOT_AUDITED
NotebookLM,2023-07-12,2024-12-16,523,17,raw_count,"""NotebookLM""",ok,2026-07-08,NOT_AUDITED
NotebookLM,2023-07-12,2024-12-23,530,15,raw_count,"""NotebookLM""",ok,2026-07-08,NOT_AUDITED
NotebookLM,2023-07-12,2024-12-30,537,8,raw_count,"""NotebookLM""",ok,2026-07-08,NOT_AUDITED
NotebookLM,2023-07-12,2025-01-06,544,20,raw_count,"""NotebookLM""",ok,2026-07-08,NOT_AUDITED
NotebookLM,2023-07-12,2025-01-13,551,14,raw_count,"""NotebookLM""",ok,2026-07-08,NOT_AUDITED
NotebookLM,2023-07-12,2025-01-20,558,12,raw_count,"""NotebookLM""",ok,2026-07-08,NOT_AUDITED
NotebookLM,2023-07-12,2025-01-27,565,7,raw_count,"""NotebookLM""",ok,2026-07-08,NOT_AUDITED
NotebookLM,2023-07-12,2025-02-03,572,17,raw_count,"""NotebookLM""",ok,2026-07-08,NOT_AUDITED
NotebookLM,2023-07-12,2025-02-10,579,17,raw_count,"""NotebookLM""",ok,2026-07-08,NOT_AUDITED
NotebookLM,2023-07-12,2025-02-17,586,4,raw_count,"""NotebookLM""",ok,2026-07-08,NOT_AUDITED
NotebookLM,2023-07-12,2025-02-24,593,14,raw_count,"""NotebookLM""",ok,2026-07-08,NOT_AUDITED
NotebookLM,2023-07-12,2025-03-03,600,3,raw_count,"""NotebookLM""",ok,2026-07-08,NOT_AUDITED
NotebookLM,2023-07-12,2025-03-10,607,3,raw_count,"""NotebookLM""",ok,2026-07-08,NOT_AUDITED
NotebookLM,2023-07-12,2025-03-17,614,19,raw_count,"""NotebookLM""",ok,2026-07-08,NOT_AUDITED
NotebookLM,2023-07-12,2025-03-24,621,12,raw_count,"""NotebookLM""",ok,2026-07-08,NOT_AUDITED
NotebookLM,2023-07-12,2025-03-31,628,34,raw_count,"""NotebookLM""",ok,2026-07-08,NOT_AUDITED
NotebookLM,2023-07-12,2025-04-07,635,31,raw_count,"""NotebookLM""",ok,2026-07-08,NOT_AUDITED
NotebookLM,2023-07-12,2025-04-14,642,23,raw_count,"""NotebookLM""",ok,2026-07-08,NOT_AUDITED
NotebookLM,2023-07-12,2025-04-21,649,18,raw_count,"""NotebookLM""",ok,2026-07-08,NOT_AUDITED
NotebookLM,2023-07-12,2025-04-28,656,32,raw_count,"""NotebookLM""",ok,2026-07-08,NOT_AUDITED
NotebookLM,2023-07-12,2025-05-05,663,18,raw_count,"""NotebookLM""",ok,2026-07-08,NOT_AUDITED
NotebookLM,2023-07-12,2025-05-12,670,7,raw_count,"""NotebookLM""",ok,2026-07-08,NOT_AUDITED
NotebookLM,2023-07-12,2025-05-19,677,57,raw_count,"""NotebookLM""",ok,2026-07-08,NOT_AUDITED
NotebookLM,2023-07-12,2025-05-26,684,14,raw_count,"""NotebookLM""",ok,2026-07-08,NOT_AUDITED
NotebookLM,2023-07-12,2025-06-02,691,21,raw_count,"""NotebookLM""",ok,2026-07-08,NOT_AUDITED
NotebookLM,2023-07-12,2025-06-09,698,15,raw_count,"""NotebookLM""",ok,2026-07-08,NOT_AUDITED
NotebookLM,2023-07-12,2025-06-16,705,0,raw_count,"""NotebookLM""",ok,2026-07-08,NOT_AUDITED
NotebookLM,2023-07-12,2025-06-23,712,0,raw_count,"""NotebookLM""",ok,2026-07-08,NOT_AUDITED
NotebookLM,2023-07-12,2025-06-30,719,10,raw_count,"""NotebookLM""",ok,2026-07-08,NOT_AUDITED
NotebookLM,2023-07-12,2025-07-07,726,12,raw_count,"""NotebookLM""",ok,2026-07-08,NOT_AUDITED
NotebookLM,2023-07-12,2025-07-14,733,31,raw_count,"""NotebookLM""",ok,2026-07-08,NOT_AUDITED
NotebookLM,2023-07-12,2025-07-21,740,11,raw_count,"""NotebookLM""",ok,2026-07-08,NOT_AUDITED
NotebookLM,2023-07-12,2025-07-28,747,29,raw_count,"""NotebookLM""",ok,2026-07-08,NOT_AUDITED
NotebookLM,2023-07-12,2025-08-04,754,37,raw_count,"""NotebookLM""",ok,2026-07-08,NOT_AUDITED
NotebookLM,2023-07-12,2025-08-11,761,21,raw_count,"""NotebookLM""",ok,2026-07-08,NOT_AUDITED
NotebookLM,2023-07-12,2025-08-18,768,46,raw_count,"""NotebookLM""",ok,2026-07-08,NOT_AUDITED
NotebookLM,2023-07-12,2025-08-25,775,43,raw_count,"""NotebookLM""",ok,2026-07-08,NOT_AUDITED
NotebookLM,2023-07-12,2025-09-01,782,33,raw_count,"""NotebookLM""",ok,2026-07-08,NOT_AUDITED
NotebookLM,2023-07-12,2025-09-08,789,28,raw_count,"""NotebookLM""",ok,2026-07-08,NOT_AUDITED
NotebookLM,2023-07-12,2025-09-15,796,12,raw_count,"""NotebookLM""",ok,2026-07-08,NOT_AUDITED
NotebookLM,2023-07-12,2025-09-22,803,41,raw_count,"""NotebookLM""",ok,2026-07-08,NOT_AUDITED
NotebookLM,2023-07-12,2025-09-29,810,15,raw_count,"""NotebookLM""",ok,2026-07-08,NOT_AUDITED
NotebookLM,2023-07-12,2025-10-06,817,45,raw_count,"""NotebookLM""",ok,2026-07-08,NOT_AUDITED
NotebookLM,2023-07-12,2025-10-13,824,36,raw_count,"""NotebookLM""",ok,2026-07-08,NOT_AUDITED
NotebookLM,2023-07-12,2025-10-20,831,18,raw_count,"""NotebookLM""",ok,2026-07-08,NOT_AUDITED
NotebookLM,2023-07-12,2025-10-27,838,28,raw_count,"""NotebookLM""",ok,2026-07-08,NOT_AUDITED
NotebookLM,2023-07-12,2025-11-03,845,27,raw_count,"""NotebookLM""",ok,2026-07-08,NOT_AUDITED
NotebookLM,2023-07-12,2025-11-10,852,37,raw_count,"""NotebookLM""",ok,2026-07-08,NOT_AUDITED
NotebookLM,2023-07-12,2025-11-17,859,56,raw_count,"""NotebookLM""",ok,2026-07-08,NOT_AUDITED
NotebookLM,2023-07-12,2025-11-24,866,39,raw_count,"""NotebookLM""",ok,2026-07-08,NOT_AUDITED
NotebookLM,2023-07-12,2025-12-01,873,19,raw_count,"""NotebookLM""",ok,2026-07-08,NOT_AUDITED
NotebookLM,2023-07-12,2025-12-08,880,40,raw_count,"""NotebookLM""",ok,2026-07-08,NOT_AUDITED
NotebookLM,2023-07-12,2025-12-15,887,45,raw_count,"""NotebookLM""",ok,2026-07-08,NOT_AUDITED
NotebookLM,2023-07-12,2025-12-22,894,33,raw_count,"""NotebookLM""",ok,2026-07-08,NOT_AUDITED
NotebookLM,2023-07-12,2025-12-29,901,30,raw_count,"""NotebookLM""",ok,2026-07-08,NOT_AUDITED
NotebookLM,2023-07-12,2026-01-05,908,16,raw_count,"""NotebookLM""",ok,2026-07-08,NOT_AUDITED
NotebookLM,2023-07-12,2026-01-12,915,18,raw_count,"""NotebookLM""",ok,2026-07-08,NOT_AUDITED
NotebookLM,2023-07-12,2026-01-19,922,21,raw_count,"""NotebookLM""",ok,2026-07-08,NOT_AUDITED
NotebookLM,2023-07-12,2026-01-26,929,26,raw_count,"""NotebookLM""",ok,2026-07-08,NOT_AUDITED
NotebookLM,2023-07-12,2026-02-02,936,22,raw_count,"""NotebookLM""",ok,2026-07-08,NOT_AUDITED
NotebookLM,2023-07-12,2026-02-09,943,23,raw_count,"""NotebookLM""",ok,2026-07-08,NOT_AUDITED
NotebookLM,2023-07-12,2026-02-16,950,38,raw_count,"""NotebookLM""",ok,2026-07-08,NOT_AUDITED
NotebookLM,2023-07-12,2026-02-23,957,24,raw_count,"""NotebookLM""",ok,2026-07-08,NOT_AUDITED
NotebookLM,2023-07-12,2026-03-02,964,24,raw_count,"""NotebookLM""",ok,2026-07-08,NOT_AUDITED
NotebookLM,2023-07-12,2026-03-09,971,19,raw_count,"""NotebookLM""",ok,2026-07-08,NOT_AUDITED
NotebookLM,2023-07-12,2026-03-16,978,19,raw_count,"""NotebookLM""",ok,2026-07-08,NOT_AUDITED
NotebookLM,2023-07-12,2026-03-23,985,20,raw_count,"""NotebookLM""",ok,2026-07-08,NOT_AUDITED
NotebookLM,2023-07-12,2026-03-30,992,23,raw_count,"""NotebookLM""",ok,2026-07-08,NOT_AUDITED
NotebookLM,2023-07-12,2026-04-06,999,30,raw_count,"""NotebookLM""",ok,2026-07-08,NOT_AUDITED
NotebookLM,2023-07-12,2026-04-13,1006,30,raw_count,"""NotebookLM""",ok,2026-07-08,NOT_AUDITED
NotebookLM,2023-07-12,2026-04-20,1013,27,raw_count,"""NotebookLM""",ok,2026-07-08,NOT_AUDITED
NotebookLM,2023-07-12,2026-04-27,1020,31,raw_count,"""NotebookLM""",ok,2026-07-08,NOT_AUDITED
NotebookLM,2023-07-12,2026-05-04,1027,24,raw_count,"""NotebookLM""",ok,2026-07-08,NOT_AUDITED
NotebookLM,2023-07-12,2026-05-11,1034,15,raw_count,"""NotebookLM""",ok,2026-07-08,NOT_AUDITED
NotebookLM,2023-07-12,2026-05-18,1041,28,raw_count,"""NotebookLM""",ok,2026-07-08,NOT_AUDITED
NotebookLM,2023-07-12,2026-05-25,1048,19,raw_count,"""NotebookLM""",ok,2026-07-08,NOT_AUDITED
NotebookLM,2023-07-12,2026-06-01,1055,39,raw_count,"""NotebookLM""",ok,2026-07-08,NOT_AUDITED
NotebookLM,2023-07-12,2026-06-08,1062,38,raw_count,"""NotebookLM""",ok,2026-07-08,NOT_AUDITED
NotebookLM,2023-07-12,2026-06-15,1069,21,raw_count,"""NotebookLM""",ok,2026-07-08,NOT_AUDITED
NotebookLM,2023-07-12,2026-06-22,1076,27,raw_count,"""NotebookLM""",ok,2026-07-08,NOT_AUDITED
NotebookLM,2023-07-12,2026-06-29,1083,14,raw_count,"""NotebookLM""",ok,2026-07-08,NOT_AUDITED
Llama 2,2023-07-18,2023-06-19,-29,1,raw_count,"""Llama 2""",ok,2026-07-08,NOT_AUDITED
Llama 2,2023-07-18,2023-06-26,-22,0,raw_count,"""Llama 2""",ok,2026-07-08,NOT_AUDITED
Llama 2,2023-07-18,2023-07-03,-15,0,raw_count,"""Llama 2""",ok,2026-07-08,NOT_AUDITED
Llama 2,2023-07-18,2023-07-10,-8,0,raw_count,"""Llama 2""",ok,2026-07-08,NOT_AUDITED
Llama 2,2023-07-18,2023-07-17,-1,221,raw_count,"""Llama 2""",ok,2026-07-08,NOT_AUDITED
Llama 2,2023-07-18,2023-07-24,6,98,raw_count,"""Llama 2""",ok,2026-07-08,NOT_AUDITED
Llama 2,2023-07-18,2023-07-31,13,58,raw_count,"""Llama 2""",ok,2026-07-08,NOT_AUDITED
Llama 2,2023-07-18,2023-08-07,20,46,raw_count,"""Llama 2""",ok,2026-07-08,NOT_AUDITED
Llama 2,2023-07-18,2023-08-14,27,25,raw_count,"""Llama 2""",ok,2026-07-08,NOT_AUDITED
Llama 2,2023-07-18,2023-08-21,34,76,raw_count,"""Llama 2""",ok,2026-07-08,NOT_AUDITED
Llama 2,2023-07-18,2023-08-28,41,54,raw_count,"""Llama 2""",ok,2026-07-08,NOT_AUDITED
Llama 2,2023-07-18,2023-09-04,48,59,raw_count,"""Llama 2""",ok,2026-07-08,NOT_AUDITED
Llama 2,2023-07-18,2023-09-11,55,69,raw_count,"""Llama 2""",ok,2026-07-08,NOT_AUDITED
Llama 2,2023-07-18,2023-09-18,62,29,raw_count,"""Llama 2""",ok,2026-07-08,NOT_AUDITED
Llama 2,2023-07-18,2023-09-25,69,150,raw_count,"""Llama 2""",ok,2026-07-08,NOT_AUDITED
Llama 2,2023-07-18,2023-10-02,76,38,raw_count,"""Llama 2""",ok,2026-07-08,NOT_AUDITED
Llama 2,2023-07-18,2023-10-09,83,41,raw_count,"""Llama 2""",ok,2026-07-08,NOT_AUDITED
Llama 2,2023-07-18,2023-10-16,90,35,raw_count,"""Llama 2""",ok,2026-07-08,NOT_AUDITED
Llama 2,2023-07-18,2023-10-23,97,58,raw_count,"""Llama 2""",ok,2026-07-08,NOT_AUDITED
Llama 2,2023-07-18,2023-10-30,104,38,raw_count,"""Llama 2""",ok,2026-07-08,NOT_AUDITED
Llama 2,2023-07-18,2023-11-06,111,46,raw_count,"""Llama 2""",ok,2026-07-08,NOT_AUDITED
Llama 2,2023-07-18,2023-11-13,118,49,raw_count,"""Llama 2""",ok,2026-07-08,NOT_AUDITED
Llama 2,2023-07-18,2023-11-20,125,39,raw_count,"""Llama 2""",ok,2026-07-08,NOT_AUDITED
Llama 2,2023-07-18,2023-11-27,132,34,raw_count,"""Llama 2""",ok,2026-07-08,NOT_AUDITED
Llama 2,2023-07-18,2023-12-04,139,61,raw_count,"""Llama 2""",ok,2026-07-08,NOT_AUDITED
Llama 2,2023-07-18,2023-12-11,146,43,raw_count,"""Llama 2""",ok,2026-07-08,NOT_AUDITED
Llama 2,2023-07-18,2023-12-18,153,32,raw_count,"""Llama 2""",ok,2026-07-08,NOT_AUDITED
Llama 2,2023-07-18,2023-12-25,160,16,raw_count,"""Llama 2""",ok,2026-07-08,NOT_AUDITED
Llama 2,2023-07-18,2024-01-01,167,20,raw_count,"""Llama 2""",ok,2026-07-08,NOT_AUDITED
Llama 2,2023-07-18,2024-01-08,174,23,raw_count,"""Llama 2""",ok,2026-07-08,NOT_AUDITED
Llama 2,2023-07-18,2024-01-15,181,21,raw_count,"""Llama 2""",ok,2026-07-08,NOT_AUDITED
Llama 2,2023-07-18,2024-01-22,188,31,raw_count,"""Llama 2""",ok,2026-07-08,NOT_AUDITED
Llama 2,2023-07-18,2024-01-29,195,19,raw_count,"""Llama 2""",ok,2026-07-08,NOT_AUDITED
Llama 2,2023-07-18,2024-02-05,202,37,raw_count,"""Llama 2""",ok,2026-07-08,NOT_AUDITED
Llama 2,2023-07-18,2024-02-12,209,31,raw_count,"""Llama 2""",ok,2026-07-08,NOT_AUDITED
Llama 2,2023-07-18,2024-02-19,216,41,raw_count,"""Llama 2""",ok,2026-07-08,NOT_AUDITED
Llama 2,2023-07-18,2024-02-26,223,109,raw_count,"""Llama 2""",ok,2026-07-08,NOT_AUDITED
Llama 2,2023-07-18,2024-03-04,230,32,raw_count,"""Llama 2""",ok,2026-07-08,NOT_AUDITED
Llama 2,2023-07-18,2024-03-11,237,37,raw_count,"""Llama 2""",ok,2026-07-08,NOT_AUDITED
Llama 2,2023-07-18,2024-03-18,244,98,raw_count,"""Llama 2""",ok,2026-07-08,NOT_AUDITED
Llama 2,2023-07-18,2024-03-25,251,39,raw_count,"""Llama 2""",ok,2026-07-08,NOT_AUDITED
Llama 2,2023-07-18,2024-04-01,258,15,raw_count,"""Llama 2""",ok,2026-07-08,NOT_AUDITED
Llama 2,2023-07-18,2024-04-08,265,36,raw_count,"""Llama 2""",ok,2026-07-08,NOT_AUDITED
Llama 2,2023-07-18,2024-04-15,272,61,raw_count,"""Llama 2""",ok,2026-07-08,NOT_AUDITED
Llama 2,2023-07-18,2024-04-22,279,25,raw_count,"""Llama 2""",ok,2026-07-08,NOT_AUDITED
Llama 2,2023-07-18,2024-04-29,286,13,raw_count,"""Llama 2""",ok,2026-07-08,NOT_AUDITED
Llama 2,2023-07-18,2024-05-06,293,13,raw_count,"""Llama 2""",ok,2026-07-08,NOT_AUDITED
Llama 2,2023-07-18,2024-05-13,300,10,raw_count,"""Llama 2""",ok,2026-07-08,NOT_AUDITED
Llama 2,2023-07-18,2024-05-20,307,17,raw_count,"""Llama 2""",ok,2026-07-08,NOT_AUDITED
Llama 2,2023-07-18,2024-05-27,314,22,raw_count,"""Llama 2""",ok,2026-07-08,NOT_AUDITED
Llama 2,2023-07-18,2024-06-03,321,15,raw_count,"""Llama 2""",ok,2026-07-08,NOT_AUDITED
Llama 2,2023-07-18,2024-06-10,328,31,raw_count,"""Llama 2""",ok,2026-07-08,NOT_AUDITED
Llama 2,2023-07-18,2024-06-17,335,10,raw_count,"""Llama 2""",ok,2026-07-08,NOT_AUDITED
Llama 2,2023-07-18,2024-06-24,342,19,raw_count,"""Llama 2""",ok,2026-07-08,NOT_AUDITED
Llama 2,2023-07-18,2024-07-01,349,2,raw_count,"""Llama 2""",ok,2026-07-08,NOT_AUDITED
Llama 2,2023-07-18,2024-07-08,356,6,raw_count,"""Llama 2""",ok,2026-07-08,NOT_AUDITED
Llama 2,2023-07-18,2024-07-15,363,6,raw_count,"""Llama 2""",ok,2026-07-08,NOT_AUDITED
Llama 2,2023-07-18,2024-07-22,370,16,raw_count,"""Llama 2""",ok,2026-07-08,NOT_AUDITED
Llama 2,2023-07-18,2024-07-29,377,9,raw_count,"""Llama 2""",ok,2026-07-08,NOT_AUDITED
Llama 2,2023-07-18,2024-08-05,384,6,raw_count,"""Llama 2""",ok,2026-07-08,NOT_AUDITED
Llama 2,2023-07-18,2024-08-12,391,2,raw_count,"""Llama 2""",ok,2026-07-08,NOT_AUDITED
Llama 2,2023-07-18,2024-08-19,398,7,raw_count,"""Llama 2""",ok,2026-07-08,NOT_AUDITED
Llama 2,2023-07-18,2024-08-26,405,7,raw_count,"""Llama 2""",ok,2026-07-08,NOT_AUDITED
Llama 2,2023-07-18,2024-09-02,412,2,raw_count,"""Llama 2""",ok,2026-07-08,NOT_AUDITED
Llama 2,2023-07-18,2024-09-09,419,7,raw_count,"""Llama 2""",ok,2026-07-08,NOT_AUDITED
Llama 2,2023-07-18,2024-09-16,426,5,raw_count,"""Llama 2""",ok,2026-07-08,NOT_AUDITED
Llama 2,2023-07-18,2024-09-23,433,131,raw_count,"""Llama 2""",ok,2026-07-08,NOT_AUDITED
Llama 2,2023-07-18,2024-09-30,440,17,raw_count,"""Llama 2""",ok,2026-07-08,NOT_AUDITED
Llama 2,2023-07-18,2024-10-07,447,13,raw_count,"""Llama 2""",ok,2026-07-08,NOT_AUDITED
Llama 2,2023-07-18,2024-10-14,454,16,raw_count,"""Llama 2""",ok,2026-07-08,NOT_AUDITED
Llama 2,2023-07-18,2024-10-21,461,10,raw_count,"""Llama 2""",ok,2026-07-08,NOT_AUDITED
Llama 2,2023-07-18,2024-10-28,468,34,raw_count,"""Llama 2""",ok,2026-07-08,NOT_AUDITED
Llama 2,2023-07-18,2024-11-04,475,16,raw_count,"""Llama 2""",ok,2026-07-08,NOT_AUDITED
Llama 2,2023-07-18,2024-11-11,482,8,raw_count,"""Llama 2""",ok,2026-07-08,NOT_AUDITED
Llama 2,2023-07-18,2024-11-18,489,15,raw_count,"""Llama 2""",ok,2026-07-08,NOT_AUDITED
Llama 2,2023-07-18,2024-11-25,496,7,raw_count,"""Llama 2""",ok,2026-07-08,NOT_AUDITED
Llama 2,2023-07-18,2024-12-02,503,10,raw_count,"""Llama 2""",ok,2026-07-08,NOT_AUDITED
Llama 2,2023-07-18,2024-12-09,510,5,raw_count,"""Llama 2""",ok,2026-07-08,NOT_AUDITED
Llama 2,2023-07-18,2024-12-16,517,8,raw_count,"""Llama 2""",ok,2026-07-08,NOT_AUDITED
Llama 2,2023-07-18,2024-12-23,524,7,raw_count,"""Llama 2""",ok,2026-07-08,NOT_AUDITED
Llama 2,2023-07-18,2024-12-30,531,6,raw_count,"""Llama 2""",ok,2026-07-08,NOT_AUDITED
Llama 2,2023-07-18,2025-01-06,538,7,raw_count,"""Llama 2""",ok,2026-07-08,NOT_AUDITED
Llama 2,2023-07-18,2025-01-13,545,4,raw_count,"""Llama 2""",ok,2026-07-08,NOT_AUDITED
Llama 2,2023-07-18,2025-01-20,552,12,raw_count,"""Llama 2""",ok,2026-07-08,NOT_AUDITED
Llama 2,2023-07-18,2025-01-27,559,4,raw_count,"""Llama 2""",ok,2026-07-08,NOT_AUDITED
Llama 2,2023-07-18,2025-02-03,566,7,raw_count,"""Llama 2""",ok,2026-07-08,NOT_AUDITED
Llama 2,2023-07-18,2025-02-10,573,10,raw_count,"""Llama 2""",ok,2026-07-08,NOT_AUDITED
Llama 2,2023-07-18,2025-02-17,580,4,raw_count,"""Llama 2""",ok,2026-07-08,NOT_AUDITED
Llama 2,2023-07-18,2025-02-24,587,5,raw_count,"""Llama 2""",ok,2026-07-08,NOT_AUDITED
Llama 2,2023-07-18,2025-03-03,594,10,raw_count,"""Llama 2""",ok,2026-07-08,NOT_AUDITED
Llama 2,2023-07-18,2025-03-10,601,3,raw_count,"""Llama 2""",ok,2026-07-08,NOT_AUDITED
Llama 2,2023-07-18,2025-03-17,608,7,raw_count,"""Llama 2""",ok,2026-07-08,NOT_AUDITED
Llama 2,2023-07-18,2025-03-24,615,4,raw_count,"""Llama 2""",ok,2026-07-08,NOT_AUDITED
Llama 2,2023-07-18,2025-03-31,622,22,raw_count,"""Llama 2""",ok,2026-07-08,NOT_AUDITED
Llama 2,2023-07-18,2025-04-07,629,7,raw_count,"""Llama 2""",ok,2026-07-08,NOT_AUDITED
Llama 2,2023-07-18,2025-04-14,636,8,raw_count,"""Llama 2""",ok,2026-07-08,NOT_AUDITED
Llama 2,2023-07-18,2025-04-21,643,6,raw_count,"""Llama 2""",ok,2026-07-08,NOT_AUDITED
Llama 2,2023-07-18,2025-04-28,650,6,raw_count,"""Llama 2""",ok,2026-07-08,NOT_AUDITED
Llama 2,2023-07-18,2025-05-05,657,8,raw_count,"""Llama 2""",ok,2026-07-08,NOT_AUDITED
Llama 2,2023-07-18,2025-05-12,664,5,raw_count,"""Llama 2""",ok,2026-07-08,NOT_AUDITED
Llama 2,2023-07-18,2025-05-19,671,6,raw_count,"""Llama 2""",ok,2026-07-08,NOT_AUDITED
Llama 2,2023-07-18,2025-05-26,678,1,raw_count,"""Llama 2""",ok,2026-07-08,NOT_AUDITED
Llama 2,2023-07-18,2025-06-02,685,7,raw_count,"""Llama 2""",ok,2026-07-08,NOT_AUDITED
Llama 2,2023-07-18,2025-06-09,692,4,raw_count,"""Llama 2""",ok,2026-07-08,NOT_AUDITED
Llama 2,2023-07-18,2025-06-16,699,0,raw_count,"""Llama 2""",ok,2026-07-08,NOT_AUDITED
Llama 2,2023-07-18,2025-06-23,706,0,raw_count,"""Llama 2""",ok,2026-07-08,NOT_AUDITED
Llama 2,2023-07-18,2025-06-30,713,2,raw_count,"""Llama 2""",ok,2026-07-08,NOT_AUDITED
Llama 2,2023-07-18,2025-07-07,720,3,raw_count,"""Llama 2""",ok,2026-07-08,NOT_AUDITED
Llama 2,2023-07-18,2025-07-14,727,9,raw_count,"""Llama 2""",ok,2026-07-08,NOT_AUDITED
Llama 2,2023-07-18,2025-07-21,734,1,raw_count,"""Llama 2""",ok,2026-07-08,NOT_AUDITED
Llama 2,2023-07-18,2025-07-28,741,4,raw_count,"""Llama 2""",ok,2026-07-08,NOT_AUDITED
Llama 2,2023-07-18,2025-08-04,748,3,raw_count,"""Llama 2""",ok,2026-07-08,NOT_AUDITED
Llama 2,2023-07-18,2025-08-11,755,5,raw_count,"""Llama 2""",ok,2026-07-08,NOT_AUDITED
Llama 2,2023-07-18,2025-08-18,762,2,raw_count,"""Llama 2""",ok,2026-07-08,NOT_AUDITED
Llama 2,2023-07-18,2025-08-25,769,3,raw_count,"""Llama 2""",ok,2026-07-08,NOT_AUDITED
Llama 2,2023-07-18,2025-09-01,776,7,raw_count,"""Llama 2""",ok,2026-07-08,NOT_AUDITED
Llama 2,2023-07-18,2025-09-08,783,7,raw_count,"""Llama 2""",ok,2026-07-08,NOT_AUDITED
Llama 2,2023-07-18,2025-09-15,790,4,raw_count,"""Llama 2""",ok,2026-07-08,NOT_AUDITED
Llama 2,2023-07-18,2025-09-22,797,2,raw_count,"""Llama 2""",ok,2026-07-08,NOT_AUDITED
Llama 2,2023-07-18,2025-09-29,804,1,raw_count,"""Llama 2""",ok,2026-07-08,NOT_AUDITED
Llama 2,2023-07-18,2025-10-06,811,5,raw_count,"""Llama 2""",ok,2026-07-08,NOT_AUDITED
Llama 2,2023-07-18,2025-10-13,818,7,raw_count,"""Llama 2""",ok,2026-07-08,NOT_AUDITED
Llama 2,2023-07-18,2025-10-20,825,3,raw_count,"""Llama 2""",ok,2026-07-08,NOT_AUDITED
Llama 2,2023-07-18,2025-10-27,832,3,raw_count,"""Llama 2""",ok,2026-07-08,NOT_AUDITED
Llama 2,2023-07-18,2025-11-03,839,0,raw_count,"""Llama 2""",ok,2026-07-08,NOT_AUDITED
Llama 2,2023-07-18,2025-11-10,846,2,raw_count,"""Llama 2""",ok,2026-07-08,NOT_AUDITED
Llama 2,2023-07-18,2025-11-17,853,0,raw_count,"""Llama 2""",ok,2026-07-08,NOT_AUDITED
Llama 2,2023-07-18,2025-11-24,860,0,raw_count,"""Llama 2""",ok,2026-07-08,NOT_AUDITED
Llama 2,2023-07-18,2025-12-01,867,0,raw_count,"""Llama 2""",ok,2026-07-08,NOT_AUDITED
Llama 2,2023-07-18,2025-12-08,874,5,raw_count,"""Llama 2""",ok,2026-07-08,NOT_AUDITED
Llama 2,2023-07-18,2025-12-15,881,2,raw_count,"""Llama 2""",ok,2026-07-08,NOT_AUDITED
Llama 2,2023-07-18,2025-12-22,888,4,raw_count,"""Llama 2""",ok,2026-07-08,NOT_AUDITED
Llama 2,2023-07-18,2025-12-29,895,0,raw_count,"""Llama 2""",ok,2026-07-08,NOT_AUDITED
Llama 2,2023-07-18,2026-01-05,902,0,raw_count,"""Llama 2""",ok,2026-07-08,NOT_AUDITED
Llama 2,2023-07-18,2026-01-12,909,0,raw_count,"""Llama 2""",ok,2026-07-08,NOT_AUDITED
Llama 2,2023-07-18,2026-01-19,916,4,raw_count,"""Llama 2""",ok,2026-07-08,NOT_AUDITED
Llama 2,2023-07-18,2026-01-26,923,1,raw_count,"""Llama 2""",ok,2026-07-08,NOT_AUDITED
Llama 2,2023-07-18,2026-02-02,930,0,raw_count,"""Llama 2""",ok,2026-07-08,NOT_AUDITED
Llama 2,2023-07-18,2026-02-09,937,3,raw_count,"""Llama 2""",ok,2026-07-08,NOT_AUDITED
Llama 2,2023-07-18,2026-02-16,944,2,raw_count,"""Llama 2""",ok,2026-07-08,NOT_AUDITED
Llama 2,2023-07-18,2026-02-23,951,1,raw_count,"""Llama 2""",ok,2026-07-08,NOT_AUDITED
Llama 2,2023-07-18,2026-03-02,958,2,raw_count,"""Llama 2""",ok,2026-07-08,NOT_AUDITED
Llama 2,2023-07-18,2026-03-09,965,3,raw_count,"""Llama 2""",ok,2026-07-08,NOT_AUDITED
Llama 2,2023-07-18,2026-03-16,972,2,raw_count,"""Llama 2""",ok,2026-07-08,NOT_AUDITED
Llama 2,2023-07-18,2026-03-23,979,1,raw_count,"""Llama 2""",ok,2026-07-08,NOT_AUDITED
Llama 2,2023-07-18,2026-03-30,986,4,raw_count,"""Llama 2""",ok,2026-07-08,NOT_AUDITED
Llama 2,2023-07-18,2026-04-06,993,2,raw_count,"""Llama 2""",ok,2026-07-08,NOT_AUDITED
Llama 2,2023-07-18,2026-04-13,1000,0,raw_count,"""Llama 2""",ok,2026-07-08,NOT_AUDITED
Llama 2,2023-07-18,2026-04-20,1007,2,raw_count,"""Llama 2""",ok,2026-07-08,NOT_AUDITED
Llama 2,2023-07-18,2026-04-27,1014,0,raw_count,"""Llama 2""",ok,2026-07-08,NOT_AUDITED
Llama 2,2023-07-18,2026-05-04,1021,0,raw_count,"""Llama 2""",ok,2026-07-08,NOT_AUDITED
Llama 2,2023-07-18,2026-05-11,1028,0,raw_count,"""Llama 2""",ok,2026-07-08,NOT_AUDITED
Llama 2,2023-07-18,2026-05-18,1035,2,raw_count,"""Llama 2""",ok,2026-07-08,NOT_AUDITED
Llama 2,2023-07-18,2026-05-25,1042,1,raw_count,"""Llama 2""",ok,2026-07-08,NOT_AUDITED
Llama 2,2023-07-18,2026-06-01,1049,4,raw_count,"""Llama 2""",ok,2026-07-08,NOT_AUDITED
Llama 2,2023-07-18,2026-06-08,1056,4,raw_count,"""Llama 2""",ok,2026-07-08,NOT_AUDITED
Llama 2,2023-07-18,2026-06-15,1063,3,raw_count,"""Llama 2""",ok,2026-07-08,NOT_AUDITED
Llama 2,2023-07-18,2026-06-22,1070,2,raw_count,"""Llama 2""",ok,2026-07-08,NOT_AUDITED
Llama 2,2023-07-18,2026-06-29,1077,0,raw_count,"""Llama 2""",ok,2026-07-08,NOT_AUDITED
Qwen,2023-08-03,2023-07-03,-31,0,raw_count,Qwen (Alibaba OR model OR AI),ok,2026-07-08,PASS
Qwen,2023-08-03,2023-07-10,-24,0,raw_count,Qwen (Alibaba OR model OR AI),ok,2026-07-08,PASS
Qwen,2023-08-03,2023-07-17,-17,0,raw_count,Qwen (Alibaba OR model OR AI),ok,2026-07-08,PASS
Qwen,2023-08-03,2023-07-24,-10,0,raw_count,Qwen (Alibaba OR model OR AI),ok,2026-07-08,PASS
Qwen,2023-08-03,2023-07-31,-3,18,raw_count,Qwen (Alibaba OR model OR AI),ok,2026-07-08,PASS
Qwen,2023-08-03,2023-08-07,4,3,raw_count,Qwen (Alibaba OR model OR AI),ok,2026-07-08,PASS
Qwen,2023-08-03,2023-08-14,11,0,raw_count,Qwen (Alibaba OR model OR AI),ok,2026-07-08,PASS
Qwen,2023-08-03,2023-08-21,18,12,raw_count,Qwen (Alibaba OR model OR AI),ok,2026-07-08,PASS
Qwen,2023-08-03,2023-08-28,25,1,raw_count,Qwen (Alibaba OR model OR AI),ok,2026-07-08,PASS
Qwen,2023-08-03,2023-09-04,32,2,raw_count,Qwen (Alibaba OR model OR AI),ok,2026-07-08,PASS
Qwen,2023-08-03,2023-09-11,39,1,raw_count,Qwen (Alibaba OR model OR AI),ok,2026-07-08,PASS
Qwen,2023-08-03,2023-09-18,46,0,raw_count,Qwen (Alibaba OR model OR AI),ok,2026-07-08,PASS
Qwen,2023-08-03,2023-09-25,53,1,raw_count,Qwen (Alibaba OR model OR AI),ok,2026-07-08,PASS
Qwen,2023-08-03,2023-10-02,60,2,raw_count,Qwen (Alibaba OR model OR AI),ok,2026-07-08,PASS
Qwen,2023-08-03,2023-10-09,67,0,raw_count,Qwen (Alibaba OR model OR AI),ok,2026-07-08,PASS
Qwen,2023-08-03,2023-10-16,74,2,raw_count,Qwen (Alibaba OR model OR AI),ok,2026-07-08,PASS
Qwen,2023-08-03,2023-10-23,81,0,raw_count,Qwen (Alibaba OR model OR AI),ok,2026-07-08,PASS
Qwen,2023-08-03,2023-10-30,88,1,raw_count,Qwen (Alibaba OR model OR AI),ok,2026-07-08,PASS
Qwen,2023-08-03,2023-11-06,95,0,raw_count,Qwen (Alibaba OR model OR AI),ok,2026-07-08,PASS
Qwen,2023-08-03,2023-11-13,102,0,raw_count,Qwen (Alibaba OR model OR AI),ok,2026-07-08,PASS
Qwen,2023-08-03,2023-11-20,109,0,raw_count,Qwen (Alibaba OR model OR AI),ok,2026-07-08,PASS
Qwen,2023-08-03,2023-11-27,116,3,raw_count,Qwen (Alibaba OR model OR AI),ok,2026-07-08,PASS
Qwen,2023-08-03,2023-12-04,123,2,raw_count,Qwen (Alibaba OR model OR AI),ok,2026-07-08,PASS
Qwen,2023-08-03,2023-12-11,130,6,raw_count,Qwen (Alibaba OR model OR AI),ok,2026-07-08,PASS
Qwen,2023-08-03,2023-12-18,137,0,raw_count,Qwen (Alibaba OR model OR AI),ok,2026-07-08,PASS
Qwen,2023-08-03,2023-12-25,144,3,raw_count,Qwen (Alibaba OR model OR AI),ok,2026-07-08,PASS
Qwen,2023-08-03,2024-01-01,151,1,raw_count,Qwen (Alibaba OR model OR AI),ok,2026-07-08,PASS
Qwen,2023-08-03,2024-01-08,158,1,raw_count,Qwen (Alibaba OR model OR AI),ok,2026-07-08,PASS
Qwen,2023-08-03,2024-01-15,165,0,raw_count,Qwen (Alibaba OR model OR AI),ok,2026-07-08,PASS
Qwen,2023-08-03,2024-01-22,172,0,raw_count,Qwen (Alibaba OR model OR AI),ok,2026-07-08,PASS
Qwen,2023-08-03,2024-01-29,179,8,raw_count,Qwen (Alibaba OR model OR AI),ok,2026-07-08,PASS
Qwen,2023-08-03,2024-02-05,186,0,raw_count,Qwen (Alibaba OR model OR AI),ok,2026-07-08,PASS
Qwen,2023-08-03,2024-02-12,193,0,raw_count,Qwen (Alibaba OR model OR AI),ok,2026-07-08,PASS
Qwen,2023-08-03,2024-02-19,200,0,raw_count,Qwen (Alibaba OR model OR AI),ok,2026-07-08,PASS
Qwen,2023-08-03,2024-02-26,207,2,raw_count,Qwen (Alibaba OR model OR AI),ok,2026-07-08,PASS
Qwen,2023-08-03,2024-03-04,214,1,raw_count,Qwen (Alibaba OR model OR AI),ok,2026-07-08,PASS
Qwen,2023-08-03,2024-03-11,221,0,raw_count,Qwen (Alibaba OR model OR AI),ok,2026-07-08,PASS
Qwen,2023-08-03,2024-03-18,228,0,raw_count,Qwen (Alibaba OR model OR AI),ok,2026-07-08,PASS
Qwen,2023-08-03,2024-03-25,235,1,raw_count,Qwen (Alibaba OR model OR AI),ok,2026-07-08,PASS
Qwen,2023-08-03,2024-04-01,242,1,raw_count,Qwen (Alibaba OR model OR AI),ok,2026-07-08,PASS
Qwen,2023-08-03,2024-04-08,249,1,raw_count,Qwen (Alibaba OR model OR AI),ok,2026-07-08,PASS
Qwen,2023-08-03,2024-04-15,256,2,raw_count,Qwen (Alibaba OR model OR AI),ok,2026-07-08,PASS
Qwen,2023-08-03,2024-04-22,263,1,raw_count,Qwen (Alibaba OR model OR AI),ok,2026-07-08,PASS
Qwen,2023-08-03,2024-04-29,270,2,raw_count,Qwen (Alibaba OR model OR AI),ok,2026-07-08,PASS
Qwen,2023-08-03,2024-05-06,277,15,raw_count,Qwen (Alibaba OR model OR AI),ok,2026-07-08,PASS
Qwen,2023-08-03,2024-05-13,284,1,raw_count,Qwen (Alibaba OR model OR AI),ok,2026-07-08,PASS
Qwen,2023-08-03,2024-05-20,291,27,raw_count,Qwen (Alibaba OR model OR AI),ok,2026-07-08,PASS
Qwen,2023-08-03,2024-05-27,298,9,raw_count,Qwen (Alibaba OR model OR AI),ok,2026-07-08,PASS
Qwen,2023-08-03,2024-06-03,305,1,raw_count,Qwen (Alibaba OR model OR AI),ok,2026-07-08,PASS
Qwen,2023-08-03,2024-06-10,312,3,raw_count,Qwen (Alibaba OR model OR AI),ok,2026-07-08,PASS
Qwen,2023-08-03,2024-06-17,319,6,raw_count,Qwen (Alibaba OR model OR AI),ok,2026-07-08,PASS
Qwen,2023-08-03,2024-06-24,326,9,raw_count,Qwen (Alibaba OR model OR AI),ok,2026-07-08,PASS
Qwen,2023-08-03,2024-07-01,333,2,raw_count,Qwen (Alibaba OR model OR AI),ok,2026-07-08,PASS
Qwen,2023-08-03,2024-07-08,340,3,raw_count,Qwen (Alibaba OR model OR AI),ok,2026-07-08,PASS
Qwen,2023-08-03,2024-07-15,347,6,raw_count,Qwen (Alibaba OR model OR AI),ok,2026-07-08,PASS
Qwen,2023-08-03,2024-07-22,354,2,raw_count,Qwen (Alibaba OR model OR AI),ok,2026-07-08,PASS
Qwen,2023-08-03,2024-07-29,361,3,raw_count,Qwen (Alibaba OR model OR AI),ok,2026-07-08,PASS
Qwen,2023-08-03,2024-08-05,368,1,raw_count,Qwen (Alibaba OR model OR AI),ok,2026-07-08,PASS
Qwen,2023-08-03,2024-08-12,375,6,raw_count,Qwen (Alibaba OR model OR AI),ok,2026-07-08,PASS
Qwen,2023-08-03,2024-08-19,382,2,raw_count,Qwen (Alibaba OR model OR AI),ok,2026-07-08,PASS
Qwen,2023-08-03,2024-08-26,389,0,raw_count,Qwen (Alibaba OR model OR AI),ok,2026-07-08,PASS
Qwen,2023-08-03,2024-09-02,396,1,raw_count,Qwen (Alibaba OR model OR AI),ok,2026-07-08,PASS
Qwen,2023-08-03,2024-09-09,403,2,raw_count,Qwen (Alibaba OR model OR AI),ok,2026-07-08,PASS
Qwen,2023-08-03,2024-09-16,410,20,raw_count,Qwen (Alibaba OR model OR AI),ok,2026-07-08,PASS
Qwen,2023-08-03,2024-09-23,417,7,raw_count,Qwen (Alibaba OR model OR AI),ok,2026-07-08,PASS
Qwen,2023-08-03,2024-09-30,424,3,raw_count,Qwen (Alibaba OR model OR AI),ok,2026-07-08,PASS
Qwen,2023-08-03,2024-10-07,431,1,raw_count,Qwen (Alibaba OR model OR AI),ok,2026-07-08,PASS
Qwen,2023-08-03,2024-10-14,438,4,raw_count,Qwen (Alibaba OR model OR AI),ok,2026-07-08,PASS
Qwen,2023-08-03,2024-10-21,445,1,raw_count,Qwen (Alibaba OR model OR AI),ok,2026-07-08,PASS
Qwen,2023-08-03,2024-10-28,452,2,raw_count,Qwen (Alibaba OR model OR AI),ok,2026-07-08,PASS
Qwen,2023-08-03,2024-11-04,459,2,raw_count,Qwen (Alibaba OR model OR AI),ok,2026-07-08,PASS
Qwen,2023-08-03,2024-11-11,466,4,raw_count,Qwen (Alibaba OR model OR AI),ok,2026-07-08,PASS
Qwen,2023-08-03,2024-11-18,473,13,raw_count,Qwen (Alibaba OR model OR AI),ok,2026-07-08,PASS
Qwen,2023-08-03,2024-11-25,480,7,raw_count,Qwen (Alibaba OR model OR AI),ok,2026-07-08,PASS
Qwen,2023-08-03,2024-12-02,487,8,raw_count,Qwen (Alibaba OR model OR AI),ok,2026-07-08,PASS
Qwen,2023-08-03,2024-12-09,494,5,raw_count,Qwen (Alibaba OR model OR AI),ok,2026-07-08,PASS
Qwen,2023-08-03,2024-12-16,501,11,raw_count,Qwen (Alibaba OR model OR AI),ok,2026-07-08,PASS
Qwen,2023-08-03,2024-12-23,508,3,raw_count,Qwen (Alibaba OR model OR AI),ok,2026-07-08,PASS
Qwen,2023-08-03,2024-12-30,515,17,raw_count,Qwen (Alibaba OR model OR AI),ok,2026-07-08,PASS
Qwen,2023-08-03,2025-01-06,522,2,raw_count,Qwen (Alibaba OR model OR AI),ok,2026-07-08,PASS
Qwen,2023-08-03,2025-01-13,529,1,raw_count,Qwen (Alibaba OR model OR AI),ok,2026-07-08,PASS
Qwen,2023-08-03,2025-01-20,536,16,raw_count,Qwen (Alibaba OR model OR AI),ok,2026-07-08,PASS
Qwen,2023-08-03,2025-01-27,543,151,raw_count,Qwen (Alibaba OR model OR AI),ok,2026-07-08,PASS
Qwen,2023-08-03,2025-02-03,550,59,raw_count,Qwen (Alibaba OR model OR AI),ok,2026-07-08,PASS
Qwen,2023-08-03,2025-02-10,557,39,raw_count,Qwen (Alibaba OR model OR AI),ok,2026-07-08,PASS
Qwen,2023-08-03,2025-02-17,564,36,raw_count,Qwen (Alibaba OR model OR AI),ok,2026-07-08,PASS
Qwen,2023-08-03,2025-02-24,571,39,raw_count,Qwen (Alibaba OR model OR AI),ok,2026-07-08,PASS
Qwen,2023-08-03,2025-03-03,578,25,raw_count,Qwen (Alibaba OR model OR AI),ok,2026-07-08,PASS
Qwen,2023-08-03,2025-03-10,585,60,raw_count,Qwen (Alibaba OR model OR AI),ok,2026-07-08,PASS
Qwen,2023-08-03,2025-03-17,592,35,raw_count,Qwen (Alibaba OR model OR AI),ok,2026-07-08,PASS
Qwen,2023-08-03,2025-03-24,599,42,raw_count,Qwen (Alibaba OR model OR AI),ok,2026-07-08,PASS
Qwen,2023-08-03,2025-03-31,606,27,raw_count,Qwen (Alibaba OR model OR AI),ok,2026-07-08,PASS
Qwen,2023-08-03,2025-04-07,613,30,raw_count,Qwen (Alibaba OR model OR AI),ok,2026-07-08,PASS
Qwen,2023-08-03,2025-04-14,620,12,raw_count,Qwen (Alibaba OR model OR AI),ok,2026-07-08,PASS
Qwen,2023-08-03,2025-04-21,627,8,raw_count,Qwen (Alibaba OR model OR AI),ok,2026-07-08,PASS
Qwen,2023-08-03,2025-04-28,634,46,raw_count,Qwen (Alibaba OR model OR AI),ok,2026-07-08,PASS
Qwen,2023-08-03,2025-05-05,641,24,raw_count,Qwen (Alibaba OR model OR AI),ok,2026-07-08,PASS
Qwen,2023-08-03,2025-05-12,648,20,raw_count,Qwen (Alibaba OR model OR AI),ok,2026-07-08,PASS
Qwen,2023-08-03,2025-05-19,655,15,raw_count,Qwen (Alibaba OR model OR AI),ok,2026-07-08,PASS
Qwen,2023-08-03,2025-05-26,662,24,raw_count,Qwen (Alibaba OR model OR AI),ok,2026-07-08,PASS
Qwen,2023-08-03,2025-06-02,669,10,raw_count,Qwen (Alibaba OR model OR AI),ok,2026-07-08,PASS
Qwen,2023-08-03,2025-06-09,676,19,raw_count,Qwen (Alibaba OR model OR AI),ok,2026-07-08,PASS
Qwen,2023-08-03,2025-06-16,683,0,raw_count,Qwen (Alibaba OR model OR AI),ok,2026-07-08,PASS
Qwen,2023-08-03,2025-06-23,690,0,raw_count,Qwen (Alibaba OR model OR AI),ok,2026-07-08,PASS
Qwen,2023-08-03,2025-06-30,697,20,raw_count,Qwen (Alibaba OR model OR AI),ok,2026-07-08,PASS
Qwen,2023-08-03,2025-07-07,704,26,raw_count,Qwen (Alibaba OR model OR AI),ok,2026-07-08,PASS
Qwen,2023-08-03,2025-07-14,711,21,raw_count,Qwen (Alibaba OR model OR AI),ok,2026-07-08,PASS
Qwen,2023-08-03,2025-07-21,718,14,raw_count,Qwen (Alibaba OR model OR AI),ok,2026-07-08,PASS
Qwen,2023-08-03,2025-07-28,725,53,raw_count,Qwen (Alibaba OR model OR AI),ok,2026-07-08,PASS
Qwen,2023-08-03,2025-08-04,732,25,raw_count,Qwen (Alibaba OR model OR AI),ok,2026-07-08,PASS
Qwen,2023-08-03,2025-08-11,739,27,raw_count,Qwen (Alibaba OR model OR AI),ok,2026-07-08,PASS
Qwen,2023-08-03,2025-08-18,746,27,raw_count,Qwen (Alibaba OR model OR AI),ok,2026-07-08,PASS
Qwen,2023-08-03,2025-08-25,753,23,raw_count,Qwen (Alibaba OR model OR AI),ok,2026-07-08,PASS
Qwen,2023-08-03,2025-09-01,760,17,raw_count,Qwen (Alibaba OR model OR AI),ok,2026-07-08,PASS
Qwen,2023-08-03,2025-09-08,767,22,raw_count,Qwen (Alibaba OR model OR AI),ok,2026-07-08,PASS
Qwen,2023-08-03,2025-09-15,774,18,raw_count,Qwen (Alibaba OR model OR AI),ok,2026-07-08,PASS
Qwen,2023-08-03,2025-09-22,781,43,raw_count,Qwen (Alibaba OR model OR AI),ok,2026-07-08,PASS
Qwen,2023-08-03,2025-09-29,788,12,raw_count,Qwen (Alibaba OR model OR AI),ok,2026-07-08,PASS
Qwen,2023-08-03,2025-10-06,795,13,raw_count,Qwen (Alibaba OR model OR AI),ok,2026-07-08,PASS
Qwen,2023-08-03,2025-10-13,802,15,raw_count,Qwen (Alibaba OR model OR AI),ok,2026-07-08,PASS
Qwen,2023-08-03,2025-10-20,809,25,raw_count,Qwen (Alibaba OR model OR AI),ok,2026-07-08,PASS
Qwen,2023-08-03,2025-10-27,816,42,raw_count,Qwen (Alibaba OR model OR AI),ok,2026-07-08,PASS
Qwen,2023-08-03,2025-11-03,823,41,raw_count,Qwen (Alibaba OR model OR AI),ok,2026-07-08,PASS
Qwen,2023-08-03,2025-11-10,830,19,raw_count,Qwen (Alibaba OR model OR AI),ok,2026-07-08,PASS
Qwen,2023-08-03,2025-11-17,837,41,raw_count,Qwen (Alibaba OR model OR AI),ok,2026-07-08,PASS
Qwen,2023-08-03,2025-11-24,844,147,raw_count,Qwen (Alibaba OR model OR AI),ok,2026-07-08,PASS
Qwen,2023-08-03,2025-12-01,851,31,raw_count,Qwen (Alibaba OR model OR AI),ok,2026-07-08,PASS
Qwen,2023-08-03,2025-12-08,858,30,raw_count,Qwen (Alibaba OR model OR AI),ok,2026-07-08,PASS
Qwen,2023-08-03,2025-12-15,865,19,raw_count,Qwen (Alibaba OR model OR AI),ok,2026-07-08,PASS
Qwen,2023-08-03,2025-12-22,872,95,raw_count,Qwen (Alibaba OR model OR AI),ok,2026-07-08,PASS
Qwen,2023-08-03,2025-12-29,879,18,raw_count,Qwen (Alibaba OR model OR AI),ok,2026-07-08,PASS
Qwen,2023-08-03,2026-01-05,886,43,raw_count,Qwen (Alibaba OR model OR AI),ok,2026-07-08,PASS
Qwen,2023-08-03,2026-01-12,893,37,raw_count,Qwen (Alibaba OR model OR AI),ok,2026-07-08,PASS
Qwen,2023-08-03,2026-01-19,900,29,raw_count,Qwen (Alibaba OR model OR AI),ok,2026-07-08,PASS
Qwen,2023-08-03,2026-01-26,907,18,raw_count,Qwen (Alibaba OR model OR AI),ok,2026-07-08,PASS
Qwen,2023-08-03,2026-02-02,914,70,raw_count,Qwen (Alibaba OR model OR AI),ok,2026-07-08,PASS
Qwen,2023-08-03,2026-02-09,921,95,raw_count,Qwen (Alibaba OR model OR AI),ok,2026-07-08,PASS
Qwen,2023-08-03,2026-02-16,928,71,raw_count,Qwen (Alibaba OR model OR AI),ok,2026-07-08,PASS
Qwen,2023-08-03,2026-02-23,935,16,raw_count,Qwen (Alibaba OR model OR AI),ok,2026-07-08,PASS
Qwen,2023-08-03,2026-03-02,942,44,raw_count,Qwen (Alibaba OR model OR AI),ok,2026-07-08,PASS
Qwen,2023-08-03,2026-03-09,949,35,raw_count,Qwen (Alibaba OR model OR AI),ok,2026-07-08,PASS
Qwen,2023-08-03,2026-03-16,956,64,raw_count,Qwen (Alibaba OR model OR AI),ok,2026-07-08,PASS
Qwen,2023-08-03,2026-03-23,963,24,raw_count,Qwen (Alibaba OR model OR AI),ok,2026-07-08,PASS
Qwen,2023-08-03,2026-03-30,970,75,raw_count,Qwen (Alibaba OR model OR AI),ok,2026-07-08,PASS
Qwen,2023-08-03,2026-04-06,977,31,raw_count,Qwen (Alibaba OR model OR AI),ok,2026-07-08,PASS
Qwen,2023-08-03,2026-04-13,984,17,raw_count,Qwen (Alibaba OR model OR AI),ok,2026-07-08,PASS
Qwen,2023-08-03,2026-04-20,991,40,raw_count,Qwen (Alibaba OR model OR AI),ok,2026-07-08,PASS
Qwen,2023-08-03,2026-04-27,998,27,raw_count,Qwen (Alibaba OR model OR AI),ok,2026-07-08,PASS
Qwen,2023-08-03,2026-05-04,1005,26,raw_count,Qwen (Alibaba OR model OR AI),ok,2026-07-08,PASS
Qwen,2023-08-03,2026-05-11,1012,46,raw_count,Qwen (Alibaba OR model OR AI),ok,2026-07-08,PASS
Qwen,2023-08-03,2026-05-18,1019,29,raw_count,Qwen (Alibaba OR model OR AI),ok,2026-07-08,PASS
Qwen,2023-08-03,2026-05-25,1026,36,raw_count,Qwen (Alibaba OR model OR AI),ok,2026-07-08,PASS
Qwen,2023-08-03,2026-06-01,1033,39,raw_count,Qwen (Alibaba OR model OR AI),ok,2026-07-08,PASS
Qwen,2023-08-03,2026-06-08,1040,16,raw_count,Qwen (Alibaba OR model OR AI),ok,2026-07-08,PASS
Qwen,2023-08-03,2026-06-15,1047,49,raw_count,Qwen (Alibaba OR model OR AI),ok,2026-07-08,PASS
Qwen,2023-08-03,2026-06-22,1054,49,raw_count,Qwen (Alibaba OR model OR AI),ok,2026-07-08,PASS
Qwen,2023-08-03,2026-06-29,1061,11,raw_count,Qwen (Alibaba OR model OR AI),ok,2026-07-08,PASS
Kimi,2023-10-09,2023-09-11,-28,0,raw_count,"Kimi (Moonshot OR chatbot OR ""AI assistant"")",ok,2026-07-08,FAIL
Kimi,2023-10-09,2023-09-18,-21,0,raw_count,"Kimi (Moonshot OR chatbot OR ""AI assistant"")",ok,2026-07-08,FAIL
Kimi,2023-10-09,2023-09-25,-14,0,raw_count,"Kimi (Moonshot OR chatbot OR ""AI assistant"")",ok,2026-07-08,FAIL
Kimi,2023-10-09,2023-10-02,-7,0,raw_count,"Kimi (Moonshot OR chatbot OR ""AI assistant"")",ok,2026-07-08,FAIL
Kimi,2023-10-09,2023-10-09,0,0,raw_count,"Kimi (Moonshot OR chatbot OR ""AI assistant"")",ok,2026-07-08,FAIL
Kimi,2023-10-09,2023-10-16,7,0,raw_count,"Kimi (Moonshot OR chatbot OR ""AI assistant"")",ok,2026-07-08,FAIL
Kimi,2023-10-09,2023-10-23,14,0,raw_count,"Kimi (Moonshot OR chatbot OR ""AI assistant"")",ok,2026-07-08,FAIL
Kimi,2023-10-09,2023-10-30,21,0,raw_count,"Kimi (Moonshot OR chatbot OR ""AI assistant"")",ok,2026-07-08,FAIL
Kimi,2023-10-09,2023-11-06,28,0,raw_count,"Kimi (Moonshot OR chatbot OR ""AI assistant"")",ok,2026-07-08,FAIL
Kimi,2023-10-09,2023-11-13,35,0,raw_count,"Kimi (Moonshot OR chatbot OR ""AI assistant"")",ok,2026-07-08,FAIL
Kimi,2023-10-09,2023-11-20,42,0,raw_count,"Kimi (Moonshot OR chatbot OR ""AI assistant"")",ok,2026-07-08,FAIL
Kimi,2023-10-09,2023-11-27,49,0,raw_count,"Kimi (Moonshot OR chatbot OR ""AI assistant"")",ok,2026-07-08,FAIL
Kimi,2023-10-09,2023-12-04,56,0,raw_count,"Kimi (Moonshot OR chatbot OR ""AI assistant"")",ok,2026-07-08,FAIL
Kimi,2023-10-09,2023-12-11,63,0,raw_count,"Kimi (Moonshot OR chatbot OR ""AI assistant"")",ok,2026-07-08,FAIL
Kimi,2023-10-09,2023-12-18,70,0,raw_count,"Kimi (Moonshot OR chatbot OR ""AI assistant"")",ok,2026-07-08,FAIL
Kimi,2023-10-09,2023-12-25,77,0,raw_count,"Kimi (Moonshot OR chatbot OR ""AI assistant"")",ok,2026-07-08,FAIL
Kimi,2023-10-09,2024-01-01,84,0,raw_count,"Kimi (Moonshot OR chatbot OR ""AI assistant"")",ok,2026-07-08,FAIL
Kimi,2023-10-09,2024-01-08,91,5,raw_count,"Kimi (Moonshot OR chatbot OR ""AI assistant"")",ok,2026-07-08,FAIL
Kimi,2023-10-09,2024-01-15,98,0,raw_count,"Kimi (Moonshot OR chatbot OR ""AI assistant"")",ok,2026-07-08,FAIL
Kimi,2023-10-09,2024-01-22,105,0,raw_count,"Kimi (Moonshot OR chatbot OR ""AI assistant"")",ok,2026-07-08,FAIL
Kimi,2023-10-09,2024-01-29,112,0,raw_count,"Kimi (Moonshot OR chatbot OR ""AI assistant"")",ok,2026-07-08,FAIL
Kimi,2023-10-09,2024-02-05,119,0,raw_count,"Kimi (Moonshot OR chatbot OR ""AI assistant"")",ok,2026-07-08,FAIL
Kimi,2023-10-09,2024-02-12,126,0,raw_count,"Kimi (Moonshot OR chatbot OR ""AI assistant"")",ok,2026-07-08,FAIL
Kimi,2023-10-09,2024-02-19,133,0,raw_count,"Kimi (Moonshot OR chatbot OR ""AI assistant"")",ok,2026-07-08,FAIL
Kimi,2023-10-09,2024-02-26,140,5,raw_count,"Kimi (Moonshot OR chatbot OR ""AI assistant"")",ok,2026-07-08,FAIL
Kimi,2023-10-09,2024-03-04,147,0,raw_count,"Kimi (Moonshot OR chatbot OR ""AI assistant"")",ok,2026-07-08,FAIL
Kimi,2023-10-09,2024-03-11,154,0,raw_count,"Kimi (Moonshot OR chatbot OR ""AI assistant"")",ok,2026-07-08,FAIL
Kimi,2023-10-09,2024-03-18,161,4,raw_count,"Kimi (Moonshot OR chatbot OR ""AI assistant"")",ok,2026-07-08,FAIL
Kimi,2023-10-09,2024-03-25,168,1,raw_count,"Kimi (Moonshot OR chatbot OR ""AI assistant"")",ok,2026-07-08,FAIL
Kimi,2023-10-09,2024-04-01,175,1,raw_count,"Kimi (Moonshot OR chatbot OR ""AI assistant"")",ok,2026-07-08,FAIL
Kimi,2023-10-09,2024-04-08,182,1,raw_count,"Kimi (Moonshot OR chatbot OR ""AI assistant"")",ok,2026-07-08,FAIL
Kimi,2023-10-09,2024-04-15,189,13,raw_count,"Kimi (Moonshot OR chatbot OR ""AI assistant"")",ok,2026-07-08,FAIL
Kimi,2023-10-09,2024-04-22,196,1,raw_count,"Kimi (Moonshot OR chatbot OR ""AI assistant"")",ok,2026-07-08,FAIL
Kimi,2023-10-09,2024-04-29,203,0,raw_count,"Kimi (Moonshot OR chatbot OR ""AI assistant"")",ok,2026-07-08,FAIL
Kimi,2023-10-09,2024-05-06,210,1,raw_count,"Kimi (Moonshot OR chatbot OR ""AI assistant"")",ok,2026-07-08,FAIL
Kimi,2023-10-09,2024-05-13,217,0,raw_count,"Kimi (Moonshot OR chatbot OR ""AI assistant"")",ok,2026-07-08,FAIL
Kimi,2023-10-09,2024-05-20,224,3,raw_count,"Kimi (Moonshot OR chatbot OR ""AI assistant"")",ok,2026-07-08,FAIL
Kimi,2023-10-09,2024-05-27,231,1,raw_count,"Kimi (Moonshot OR chatbot OR ""AI assistant"")",ok,2026-07-08,FAIL
Kimi,2023-10-09,2024-06-03,238,0,raw_count,"Kimi (Moonshot OR chatbot OR ""AI assistant"")",ok,2026-07-08,FAIL
Kimi,2023-10-09,2024-06-10,245,0,raw_count,"Kimi (Moonshot OR chatbot OR ""AI assistant"")",ok,2026-07-08,FAIL
Kimi,2023-10-09,2024-06-17,252,0,raw_count,"Kimi (Moonshot OR chatbot OR ""AI assistant"")",ok,2026-07-08,FAIL
Kimi,2023-10-09,2024-06-24,259,1,raw_count,"Kimi (Moonshot OR chatbot OR ""AI assistant"")",ok,2026-07-08,FAIL
Kimi,2023-10-09,2024-07-01,266,0,raw_count,"Kimi (Moonshot OR chatbot OR ""AI assistant"")",ok,2026-07-08,FAIL
Kimi,2023-10-09,2024-07-08,273,1,raw_count,"Kimi (Moonshot OR chatbot OR ""AI assistant"")",ok,2026-07-08,FAIL
Kimi,2023-10-09,2024-07-15,280,1,raw_count,"Kimi (Moonshot OR chatbot OR ""AI assistant"")",ok,2026-07-08,FAIL
Kimi,2023-10-09,2024-07-22,287,1,raw_count,"Kimi (Moonshot OR chatbot OR ""AI assistant"")",ok,2026-07-08,FAIL
Kimi,2023-10-09,2024-07-29,294,0,raw_count,"Kimi (Moonshot OR chatbot OR ""AI assistant"")",ok,2026-07-08,FAIL
Kimi,2023-10-09,2024-08-05,301,3,raw_count,"Kimi (Moonshot OR chatbot OR ""AI assistant"")",ok,2026-07-08,FAIL
Kimi,2023-10-09,2024-08-12,308,0,raw_count,"Kimi (Moonshot OR chatbot OR ""AI assistant"")",ok,2026-07-08,FAIL
Kimi,2023-10-09,2024-08-19,315,0,raw_count,"Kimi (Moonshot OR chatbot OR ""AI assistant"")",ok,2026-07-08,FAIL
Kimi,2023-10-09,2024-08-26,322,0,raw_count,"Kimi (Moonshot OR chatbot OR ""AI assistant"")",ok,2026-07-08,FAIL
Kimi,2023-10-09,2024-09-02,329,0,raw_count,"Kimi (Moonshot OR chatbot OR ""AI assistant"")",ok,2026-07-08,FAIL
Kimi,2023-10-09,2024-09-09,336,0,raw_count,"Kimi (Moonshot OR chatbot OR ""AI assistant"")",ok,2026-07-08,FAIL
Kimi,2023-10-09,2024-09-16,343,0,raw_count,"Kimi (Moonshot OR chatbot OR ""AI assistant"")",ok,2026-07-08,FAIL
Kimi,2023-10-09,2024-09-23,350,0,raw_count,"Kimi (Moonshot OR chatbot OR ""AI assistant"")",ok,2026-07-08,FAIL
Kimi,2023-10-09,2024-09-30,357,0,raw_count,"Kimi (Moonshot OR chatbot OR ""AI assistant"")",ok,2026-07-08,FAIL
Kimi,2023-10-09,2024-10-07,364,1,raw_count,"Kimi (Moonshot OR chatbot OR ""AI assistant"")",ok,2026-07-08,FAIL
Kimi,2023-10-09,2024-10-14,371,1,raw_count,"Kimi (Moonshot OR chatbot OR ""AI assistant"")",ok,2026-07-08,FAIL
Kimi,2023-10-09,2024-10-21,378,1,raw_count,"Kimi (Moonshot OR chatbot OR ""AI assistant"")",ok,2026-07-08,FAIL
Kimi,2023-10-09,2024-10-28,385,0,raw_count,"Kimi (Moonshot OR chatbot OR ""AI assistant"")",ok,2026-07-08,FAIL
Kimi,2023-10-09,2024-11-04,392,0,raw_count,"Kimi (Moonshot OR chatbot OR ""AI assistant"")",ok,2026-07-08,FAIL
Kimi,2023-10-09,2024-11-11,399,1,raw_count,"Kimi (Moonshot OR chatbot OR ""AI assistant"")",ok,2026-07-08,FAIL
Kimi,2023-10-09,2024-11-18,406,0,raw_count,"Kimi (Moonshot OR chatbot OR ""AI assistant"")",ok,2026-07-08,FAIL
Kimi,2023-10-09,2024-11-25,413,0,raw_count,"Kimi (Moonshot OR chatbot OR ""AI assistant"")",ok,2026-07-08,FAIL
Kimi,2023-10-09,2024-12-02,420,0,raw_count,"Kimi (Moonshot OR chatbot OR ""AI assistant"")",ok,2026-07-08,FAIL
Kimi,2023-10-09,2024-12-09,427,0,raw_count,"Kimi (Moonshot OR chatbot OR ""AI assistant"")",ok,2026-07-08,FAIL
Kimi,2023-10-09,2024-12-16,434,0,raw_count,"Kimi (Moonshot OR chatbot OR ""AI assistant"")",ok,2026-07-08,FAIL
Kimi,2023-10-09,2024-12-23,441,0,raw_count,"Kimi (Moonshot OR chatbot OR ""AI assistant"")",ok,2026-07-08,FAIL
Kimi,2023-10-09,2024-12-30,448,0,raw_count,"Kimi (Moonshot OR chatbot OR ""AI assistant"")",ok,2026-07-08,FAIL
Kimi,2023-10-09,2025-01-06,455,1,raw_count,"Kimi (Moonshot OR chatbot OR ""AI assistant"")",ok,2026-07-08,FAIL
Kimi,2023-10-09,2025-01-13,462,0,raw_count,"Kimi (Moonshot OR chatbot OR ""AI assistant"")",ok,2026-07-08,FAIL
Kimi,2023-10-09,2025-01-20,469,3,raw_count,"Kimi (Moonshot OR chatbot OR ""AI assistant"")",ok,2026-07-08,FAIL
Kimi,2023-10-09,2025-01-27,476,26,raw_count,"Kimi (Moonshot OR chatbot OR ""AI assistant"")",ok,2026-07-08,FAIL
Kimi,2023-10-09,2025-02-03,483,2,raw_count,"Kimi (Moonshot OR chatbot OR ""AI assistant"")",ok,2026-07-08,FAIL
Kimi,2023-10-09,2025-02-10,490,6,raw_count,"Kimi (Moonshot OR chatbot OR ""AI assistant"")",ok,2026-07-08,FAIL
Kimi,2023-10-09,2025-02-17,497,2,raw_count,"Kimi (Moonshot OR chatbot OR ""AI assistant"")",ok,2026-07-08,FAIL
Kimi,2023-10-09,2025-02-24,504,2,raw_count,"Kimi (Moonshot OR chatbot OR ""AI assistant"")",ok,2026-07-08,FAIL
Kimi,2023-10-09,2025-03-03,511,1,raw_count,"Kimi (Moonshot OR chatbot OR ""AI assistant"")",ok,2026-07-08,FAIL
Kimi,2023-10-09,2025-03-10,518,0,raw_count,"Kimi (Moonshot OR chatbot OR ""AI assistant"")",ok,2026-07-08,FAIL
Kimi,2023-10-09,2025-03-17,525,0,raw_count,"Kimi (Moonshot OR chatbot OR ""AI assistant"")",ok,2026-07-08,FAIL
Kimi,2023-10-09,2025-03-24,532,0,raw_count,"Kimi (Moonshot OR chatbot OR ""AI assistant"")",ok,2026-07-08,FAIL
Kimi,2023-10-09,2025-03-31,539,0,raw_count,"Kimi (Moonshot OR chatbot OR ""AI assistant"")",ok,2026-07-08,FAIL
Kimi,2023-10-09,2025-04-07,546,0,raw_count,"Kimi (Moonshot OR chatbot OR ""AI assistant"")",ok,2026-07-08,FAIL
Kimi,2023-10-09,2025-04-14,553,0,raw_count,"Kimi (Moonshot OR chatbot OR ""AI assistant"")",ok,2026-07-08,FAIL
Kimi,2023-10-09,2025-04-21,560,0,raw_count,"Kimi (Moonshot OR chatbot OR ""AI assistant"")",ok,2026-07-08,FAIL
Kimi,2023-10-09,2025-04-28,567,2,raw_count,"Kimi (Moonshot OR chatbot OR ""AI assistant"")",ok,2026-07-08,FAIL
Kimi,2023-10-09,2025-05-05,574,2,raw_count,"Kimi (Moonshot OR chatbot OR ""AI assistant"")",ok,2026-07-08,FAIL
Kimi,2023-10-09,2025-05-12,581,0,raw_count,"Kimi (Moonshot OR chatbot OR ""AI assistant"")",ok,2026-07-08,FAIL
Kimi,2023-10-09,2025-05-19,588,4,raw_count,"Kimi (Moonshot OR chatbot OR ""AI assistant"")",ok,2026-07-08,FAIL
Kimi,2023-10-09,2025-05-26,595,1,raw_count,"Kimi (Moonshot OR chatbot OR ""AI assistant"")",ok,2026-07-08,FAIL
Kimi,2023-10-09,2025-06-02,602,0,raw_count,"Kimi (Moonshot OR chatbot OR ""AI assistant"")",ok,2026-07-08,FAIL
Kimi,2023-10-09,2025-06-09,609,8,raw_count,"Kimi (Moonshot OR chatbot OR ""AI assistant"")",ok,2026-07-08,FAIL
Kimi,2023-10-09,2025-06-16,616,0,raw_count,"Kimi (Moonshot OR chatbot OR ""AI assistant"")",ok,2026-07-08,FAIL
Kimi,2023-10-09,2025-06-23,623,0,raw_count,"Kimi (Moonshot OR chatbot OR ""AI assistant"")",ok,2026-07-08,FAIL
Kimi,2023-10-09,2025-06-30,630,0,raw_count,"Kimi (Moonshot OR chatbot OR ""AI assistant"")",ok,2026-07-08,FAIL
Kimi,2023-10-09,2025-07-07,637,8,raw_count,"Kimi (Moonshot OR chatbot OR ""AI assistant"")",ok,2026-07-08,FAIL
Kimi,2023-10-09,2025-07-14,644,30,raw_count,"Kimi (Moonshot OR chatbot OR ""AI assistant"")",ok,2026-07-08,FAIL
Kimi,2023-10-09,2025-07-21,651,8,raw_count,"Kimi (Moonshot OR chatbot OR ""AI assistant"")",ok,2026-07-08,FAIL
Kimi,2023-10-09,2025-07-28,658,17,raw_count,"Kimi (Moonshot OR chatbot OR ""AI assistant"")",ok,2026-07-08,FAIL
Kimi,2023-10-09,2025-08-04,665,8,raw_count,"Kimi (Moonshot OR chatbot OR ""AI assistant"")",ok,2026-07-08,FAIL
Kimi,2023-10-09,2025-08-11,672,9,raw_count,"Kimi (Moonshot OR chatbot OR ""AI assistant"")",ok,2026-07-08,FAIL
Kimi,2023-10-09,2025-08-18,679,1,raw_count,"Kimi (Moonshot OR chatbot OR ""AI assistant"")",ok,2026-07-08,FAIL
Kimi,2023-10-09,2025-08-25,686,7,raw_count,"Kimi (Moonshot OR chatbot OR ""AI assistant"")",ok,2026-07-08,FAIL
Kimi,2023-10-09,2025-09-01,693,3,raw_count,"Kimi (Moonshot OR chatbot OR ""AI assistant"")",ok,2026-07-08,FAIL
Kimi,2023-10-09,2025-09-08,700,3,raw_count,"Kimi (Moonshot OR chatbot OR ""AI assistant"")",ok,2026-07-08,FAIL
Kimi,2023-10-09,2025-09-15,707,1,raw_count,"Kimi (Moonshot OR chatbot OR ""AI assistant"")",ok,2026-07-08,FAIL
Kimi,2023-10-09,2025-09-22,714,1,raw_count,"Kimi (Moonshot OR chatbot OR ""AI assistant"")",ok,2026-07-08,FAIL
Kimi,2023-10-09,2025-09-29,721,1,raw_count,"Kimi (Moonshot OR chatbot OR ""AI assistant"")",ok,2026-07-08,FAIL
Kimi,2023-10-09,2025-10-06,728,0,raw_count,"Kimi (Moonshot OR chatbot OR ""AI assistant"")",ok,2026-07-08,FAIL
Kimi,2023-10-09,2025-10-13,735,1,raw_count,"Kimi (Moonshot OR chatbot OR ""AI assistant"")",ok,2026-07-08,FAIL
Kimi,2023-10-09,2025-10-20,742,1,raw_count,"Kimi (Moonshot OR chatbot OR ""AI assistant"")",ok,2026-07-08,FAIL
Kimi,2023-10-09,2025-10-27,749,2,raw_count,"Kimi (Moonshot OR chatbot OR ""AI assistant"")",ok,2026-07-08,FAIL
Kimi,2023-10-09,2025-11-03,756,3,raw_count,"Kimi (Moonshot OR chatbot OR ""AI assistant"")",ok,2026-07-08,FAIL
Kimi,2023-10-09,2025-11-10,763,8,raw_count,"Kimi (Moonshot OR chatbot OR ""AI assistant"")",ok,2026-07-08,FAIL
Kimi,2023-10-09,2025-11-17,770,7,raw_count,"Kimi (Moonshot OR chatbot OR ""AI assistant"")",ok,2026-07-08,FAIL
Kimi,2023-10-09,2025-11-24,777,1,raw_count,"Kimi (Moonshot OR chatbot OR ""AI assistant"")",ok,2026-07-08,FAIL
Kimi,2023-10-09,2025-12-01,784,5,raw_count,"Kimi (Moonshot OR chatbot OR ""AI assistant"")",ok,2026-07-08,FAIL
Kimi,2023-10-09,2025-12-08,791,3,raw_count,"Kimi (Moonshot OR chatbot OR ""AI assistant"")",ok,2026-07-08,FAIL
Kimi,2023-10-09,2025-12-15,798,5,raw_count,"Kimi (Moonshot OR chatbot OR ""AI assistant"")",ok,2026-07-08,FAIL
Kimi,2023-10-09,2025-12-22,805,14,raw_count,"Kimi (Moonshot OR chatbot OR ""AI assistant"")",ok,2026-07-08,FAIL
Kimi,2023-10-09,2025-12-29,812,6,raw_count,"Kimi (Moonshot OR chatbot OR ""AI assistant"")",ok,2026-07-08,FAIL
Kimi,2023-10-09,2026-01-05,819,2,raw_count,"Kimi (Moonshot OR chatbot OR ""AI assistant"")",ok,2026-07-08,FAIL
Kimi,2023-10-09,2026-01-12,826,8,raw_count,"Kimi (Moonshot OR chatbot OR ""AI assistant"")",ok,2026-07-08,FAIL
Kimi,2023-10-09,2026-01-19,833,7,raw_count,"Kimi (Moonshot OR chatbot OR ""AI assistant"")",ok,2026-07-08,FAIL
Kimi,2023-10-09,2026-01-26,840,10,raw_count,"Kimi (Moonshot OR chatbot OR ""AI assistant"")",ok,2026-07-08,FAIL
Kimi,2023-10-09,2026-02-02,847,5,raw_count,"Kimi (Moonshot OR chatbot OR ""AI assistant"")",ok,2026-07-08,FAIL
Kimi,2023-10-09,2026-02-09,854,11,raw_count,"Kimi (Moonshot OR chatbot OR ""AI assistant"")",ok,2026-07-08,FAIL
Kimi,2023-10-09,2026-02-16,861,2,raw_count,"Kimi (Moonshot OR chatbot OR ""AI assistant"")",ok,2026-07-08,FAIL
Kimi,2023-10-09,2026-02-23,868,5,raw_count,"Kimi (Moonshot OR chatbot OR ""AI assistant"")",ok,2026-07-08,FAIL
Kimi,2023-10-09,2026-03-02,875,13,raw_count,"Kimi (Moonshot OR chatbot OR ""AI assistant"")",ok,2026-07-08,FAIL
Kimi,2023-10-09,2026-03-09,882,13,raw_count,"Kimi (Moonshot OR chatbot OR ""AI assistant"")",ok,2026-07-08,FAIL
Kimi,2023-10-09,2026-03-16,889,2,raw_count,"Kimi (Moonshot OR chatbot OR ""AI assistant"")",ok,2026-07-08,FAIL
Kimi,2023-10-09,2026-03-23,896,18,raw_count,"Kimi (Moonshot OR chatbot OR ""AI assistant"")",ok,2026-07-08,FAIL
Kimi,2023-10-09,2026-03-30,903,8,raw_count,"Kimi (Moonshot OR chatbot OR ""AI assistant"")",ok,2026-07-08,FAIL
Kimi,2023-10-09,2026-04-06,910,2,raw_count,"Kimi (Moonshot OR chatbot OR ""AI assistant"")",ok,2026-07-08,FAIL
Kimi,2023-10-09,2026-04-13,917,12,raw_count,"Kimi (Moonshot OR chatbot OR ""AI assistant"")",ok,2026-07-08,FAIL
Kimi,2023-10-09,2026-04-20,924,129,raw_count,"Kimi (Moonshot OR chatbot OR ""AI assistant"")",ok,2026-07-08,FAIL
Kimi,2023-10-09,2026-04-27,931,4,raw_count,"Kimi (Moonshot OR chatbot OR ""AI assistant"")",ok,2026-07-08,FAIL
Kimi,2023-10-09,2026-05-04,938,7,raw_count,"Kimi (Moonshot OR chatbot OR ""AI assistant"")",ok,2026-07-08,FAIL
Kimi,2023-10-09,2026-05-11,945,5,raw_count,"Kimi (Moonshot OR chatbot OR ""AI assistant"")",ok,2026-07-08,FAIL
Kimi,2023-10-09,2026-05-18,952,8,raw_count,"Kimi (Moonshot OR chatbot OR ""AI assistant"")",ok,2026-07-08,FAIL
Kimi,2023-10-09,2026-05-25,959,1,raw_count,"Kimi (Moonshot OR chatbot OR ""AI assistant"")",ok,2026-07-08,FAIL
Kimi,2023-10-09,2026-06-01,966,8,raw_count,"Kimi (Moonshot OR chatbot OR ""AI assistant"")",ok,2026-07-08,FAIL
Kimi,2023-10-09,2026-06-08,973,17,raw_count,"Kimi (Moonshot OR chatbot OR ""AI assistant"")",ok,2026-07-08,FAIL
Kimi,2023-10-09,2026-06-15,980,6,raw_count,"Kimi (Moonshot OR chatbot OR ""AI assistant"")",ok,2026-07-08,FAIL
Kimi,2023-10-09,2026-06-22,987,9,raw_count,"Kimi (Moonshot OR chatbot OR ""AI assistant"")",ok,2026-07-08,FAIL
Kimi,2023-10-09,2026-06-29,994,3,raw_count,"Kimi (Moonshot OR chatbot OR ""AI assistant"")",ok,2026-07-08,FAIL
Grok,2023-11-04,2023-10-02,-33,0,raw_count,Grok (xAI OR Musk OR chatbot),ok,2026-07-08,PASS
Grok,2023-11-04,2023-10-09,-26,0,raw_count,Grok (xAI OR Musk OR chatbot),ok,2026-07-08,PASS
Grok,2023-11-04,2023-10-16,-19,0,raw_count,Grok (xAI OR Musk OR chatbot),ok,2026-07-08,PASS
Grok,2023-11-04,2023-10-23,-12,0,raw_count,Grok (xAI OR Musk OR chatbot),ok,2026-07-08,PASS
Grok,2023-11-04,2023-10-30,-5,75,raw_count,Grok (xAI OR Musk OR chatbot),ok,2026-07-08,PASS
Grok,2023-11-04,2023-11-06,2,225,raw_count,Grok (xAI OR Musk OR chatbot),ok,2026-07-08,PASS
Grok,2023-11-04,2023-11-13,9,48,raw_count,Grok (xAI OR Musk OR chatbot),ok,2026-07-08,PASS
Grok,2023-11-04,2023-11-20,16,39,raw_count,Grok (xAI OR Musk OR chatbot),ok,2026-07-08,PASS
Grok,2023-11-04,2023-11-27,23,33,raw_count,Grok (xAI OR Musk OR chatbot),ok,2026-07-08,PASS
Grok,2023-11-04,2023-12-04,30,114,raw_count,Grok (xAI OR Musk OR chatbot),ok,2026-07-08,PASS
Grok,2023-11-04,2023-12-11,37,57,raw_count,Grok (xAI OR Musk OR chatbot),ok,2026-07-08,PASS
Grok,2023-11-04,2023-12-18,44,71,raw_count,Grok (xAI OR Musk OR chatbot),ok,2026-07-08,PASS
Grok,2023-11-04,2023-12-25,51,21,raw_count,Grok (xAI OR Musk OR chatbot),ok,2026-07-08,PASS
Grok,2023-11-04,2024-01-01,58,12,raw_count,Grok (xAI OR Musk OR chatbot),ok,2026-07-08,PASS
Grok,2023-11-04,2024-01-08,65,7,raw_count,Grok (xAI OR Musk OR chatbot),ok,2026-07-08,PASS
Grok,2023-11-04,2024-01-15,72,19,raw_count,Grok (xAI OR Musk OR chatbot),ok,2026-07-08,PASS
Grok,2023-11-04,2024-01-22,79,25,raw_count,Grok (xAI OR Musk OR chatbot),ok,2026-07-08,PASS
Grok,2023-11-04,2024-01-29,86,8,raw_count,Grok (xAI OR Musk OR chatbot),ok,2026-07-08,PASS
Grok,2023-11-04,2024-02-05,93,8,raw_count,Grok (xAI OR Musk OR chatbot),ok,2026-07-08,PASS
Grok,2023-11-04,2024-02-12,100,9,raw_count,Grok (xAI OR Musk OR chatbot),ok,2026-07-08,PASS
Grok,2023-11-04,2024-02-19,107,35,raw_count,Grok (xAI OR Musk OR chatbot),ok,2026-07-08,PASS
Grok,2023-11-04,2024-02-26,114,43,raw_count,Grok (xAI OR Musk OR chatbot),ok,2026-07-08,PASS
Grok,2023-11-04,2024-03-04,121,30,raw_count,Grok (xAI OR Musk OR chatbot),ok,2026-07-08,PASS
Grok,2023-11-04,2024-03-11,128,97,raw_count,Grok (xAI OR Musk OR chatbot),ok,2026-07-08,PASS
Grok,2023-11-04,2024-03-18,135,62,raw_count,Grok (xAI OR Musk OR chatbot),ok,2026-07-08,PASS
Grok,2023-11-04,2024-03-25,142,107,raw_count,Grok (xAI OR Musk OR chatbot),ok,2026-07-08,PASS
Grok,2023-11-04,2024-04-01,149,53,raw_count,Grok (xAI OR Musk OR chatbot),ok,2026-07-08,PASS
Grok,2023-11-04,2024-04-08,156,54,raw_count,Grok (xAI OR Musk OR chatbot),ok,2026-07-08,PASS
Grok,2023-11-04,2024-04-15,163,24,raw_count,Grok (xAI OR Musk OR chatbot),ok,2026-07-08,PASS
Grok,2023-11-04,2024-04-22,170,18,raw_count,Grok (xAI OR Musk OR chatbot),ok,2026-07-08,PASS
Grok,2023-11-04,2024-04-29,177,21,raw_count,Grok (xAI OR Musk OR chatbot),ok,2026-07-08,PASS
Grok,2023-11-04,2024-05-06,184,33,raw_count,Grok (xAI OR Musk OR chatbot),ok,2026-07-08,PASS
Grok,2023-11-04,2024-05-13,191,39,raw_count,Grok (xAI OR Musk OR chatbot),ok,2026-07-08,PASS
Grok,2023-11-04,2024-05-20,198,56,raw_count,Grok (xAI OR Musk OR chatbot),ok,2026-07-08,PASS
Grok,2023-11-04,2024-05-27,205,136,raw_count,Grok (xAI OR Musk OR chatbot),ok,2026-07-08,PASS
Grok,2023-11-04,2024-06-03,212,29,raw_count,Grok (xAI OR Musk OR chatbot),ok,2026-07-08,PASS
Grok,2023-11-04,2024-06-10,219,69,raw_count,Grok (xAI OR Musk OR chatbot),ok,2026-07-08,PASS
Grok,2023-11-04,2024-06-17,226,57,raw_count,Grok (xAI OR Musk OR chatbot),ok,2026-07-08,PASS
Grok,2023-11-04,2024-06-24,233,28,raw_count,Grok (xAI OR Musk OR chatbot),ok,2026-07-08,PASS
Grok,2023-11-04,2024-07-01,240,9,raw_count,Grok (xAI OR Musk OR chatbot),ok,2026-07-08,PASS
Grok,2023-11-04,2024-07-08,247,13,raw_count,Grok (xAI OR Musk OR chatbot),ok,2026-07-08,PASS
Grok,2023-11-04,2024-07-15,254,24,raw_count,Grok (xAI OR Musk OR chatbot),ok,2026-07-08,PASS
Grok,2023-11-04,2024-07-22,261,103,raw_count,Grok (xAI OR Musk OR chatbot),ok,2026-07-08,PASS
Grok,2023-11-04,2024-07-29,268,23,raw_count,Grok (xAI OR Musk OR chatbot),ok,2026-07-08,PASS
Grok,2023-11-04,2024-08-05,275,127,raw_count,Grok (xAI OR Musk OR chatbot),ok,2026-07-08,PASS
Grok,2023-11-04,2024-08-12,282,166,raw_count,Grok (xAI OR Musk OR chatbot),ok,2026-07-08,PASS
Grok,2023-11-04,2024-08-19,289,73,raw_count,Grok (xAI OR Musk OR chatbot),ok,2026-07-08,PASS
Grok,2023-11-04,2024-08-26,296,90,raw_count,Grok (xAI OR Musk OR chatbot),ok,2026-07-08,PASS
Grok,2023-11-04,2024-09-02,303,56,raw_count,Grok (xAI OR Musk OR chatbot),ok,2026-07-08,PASS
Grok,2023-11-04,2024-09-09,310,97,raw_count,Grok (xAI OR Musk OR chatbot),ok,2026-07-08,PASS
Grok,2023-11-04,2024-09-16,317,150,raw_count,Grok (xAI OR Musk OR chatbot),ok,2026-07-08,PASS
Grok,2023-11-04,2024-09-23,324,60,raw_count,Grok (xAI OR Musk OR chatbot),ok,2026-07-08,PASS
Grok,2023-11-04,2024-09-30,331,21,raw_count,Grok (xAI OR Musk OR chatbot),ok,2026-07-08,PASS
Grok,2023-11-04,2024-10-07,338,9,raw_count,Grok (xAI OR Musk OR chatbot),ok,2026-07-08,PASS
Grok,2023-11-04,2024-10-14,345,42,raw_count,Grok (xAI OR Musk OR chatbot),ok,2026-07-08,PASS
Grok,2023-11-04,2024-10-21,352,32,raw_count,Grok (xAI OR Musk OR chatbot),ok,2026-07-08,PASS
Grok,2023-11-04,2024-10-28,359,59,raw_count,Grok (xAI OR Musk OR chatbot),ok,2026-07-08,PASS
Grok,2023-11-04,2024-11-04,366,28,raw_count,Grok (xAI OR Musk OR chatbot),ok,2026-07-08,PASS
Grok,2023-11-04,2024-11-11,373,46,raw_count,Grok (xAI OR Musk OR chatbot),ok,2026-07-08,PASS
Grok,2023-11-04,2024-11-18,380,50,raw_count,Grok (xAI OR Musk OR chatbot),ok,2026-07-08,PASS
Grok,2023-11-04,2024-11-25,387,61,raw_count,Grok (xAI OR Musk OR chatbot),ok,2026-07-08,PASS
Grok,2023-11-04,2024-12-02,394,84,raw_count,Grok (xAI OR Musk OR chatbot),ok,2026-07-08,PASS
Grok,2023-11-04,2024-12-09,401,55,raw_count,Grok (xAI OR Musk OR chatbot),ok,2026-07-08,PASS
Grok,2023-11-04,2024-12-16,408,63,raw_count,Grok (xAI OR Musk OR chatbot),ok,2026-07-08,PASS
Grok,2023-11-04,2024-12-23,415,72,raw_count,Grok (xAI OR Musk OR chatbot),ok,2026-07-08,PASS
Grok,2023-11-04,2024-12-30,422,37,raw_count,Grok (xAI OR Musk OR chatbot),ok,2026-07-08,PASS
Grok,2023-11-04,2025-01-06,429,47,raw_count,Grok (xAI OR Musk OR chatbot),ok,2026-07-08,PASS
Grok,2023-11-04,2025-01-13,436,38,raw_count,Grok (xAI OR Musk OR chatbot),ok,2026-07-08,PASS
Grok,2023-11-04,2025-01-20,443,29,raw_count,Grok (xAI OR Musk OR chatbot),ok,2026-07-08,PASS
Grok,2023-11-04,2025-01-27,450,34,raw_count,Grok (xAI OR Musk OR chatbot),ok,2026-07-08,PASS
Grok,2023-11-04,2025-02-03,457,42,raw_count,Grok (xAI OR Musk OR chatbot),ok,2026-07-08,PASS
Grok,2023-11-04,2025-02-10,464,159,raw_count,Grok (xAI OR Musk OR chatbot),ok,2026-07-08,PASS
Grok,2023-11-04,2025-02-17,471,355,raw_count,Grok (xAI OR Musk OR chatbot),ok,2026-07-08,PASS
Grok,2023-11-04,2025-02-24,478,108,raw_count,Grok (xAI OR Musk OR chatbot),ok,2026-07-08,PASS
Grok,2023-11-04,2025-03-03,485,126,raw_count,Grok (xAI OR Musk OR chatbot),ok,2026-07-08,PASS
Grok,2023-11-04,2025-03-10,492,181,raw_count,Grok (xAI OR Musk OR chatbot),ok,2026-07-08,PASS
Grok,2023-11-04,2025-03-17,499,125,raw_count,Grok (xAI OR Musk OR chatbot),ok,2026-07-08,PASS
Grok,2023-11-04,2025-03-24,506,248,raw_count,Grok (xAI OR Musk OR chatbot),ok,2026-07-08,PASS
Grok,2023-11-04,2025-03-31,513,144,raw_count,Grok (xAI OR Musk OR chatbot),ok,2026-07-08,PASS
Grok,2023-11-04,2025-04-07,520,115,raw_count,Grok (xAI OR Musk OR chatbot),ok,2026-07-08,PASS
Grok,2023-11-04,2025-04-14,527,105,raw_count,Grok (xAI OR Musk OR chatbot),ok,2026-07-08,PASS
Grok,2023-11-04,2025-04-21,534,86,raw_count,Grok (xAI OR Musk OR chatbot),ok,2026-07-08,PASS
Grok,2023-11-04,2025-04-28,541,62,raw_count,Grok (xAI OR Musk OR chatbot),ok,2026-07-08,PASS
Grok,2023-11-04,2025-05-05,548,59,raw_count,Grok (xAI OR Musk OR chatbot),ok,2026-07-08,PASS
Grok,2023-11-04,2025-05-12,555,243,raw_count,Grok (xAI OR Musk OR chatbot),ok,2026-07-08,PASS
Grok,2023-11-04,2025-05-19,562,220,raw_count,Grok (xAI OR Musk OR chatbot),ok,2026-07-08,PASS
Grok,2023-11-04,2025-05-26,569,127,raw_count,Grok (xAI OR Musk OR chatbot),ok,2026-07-08,PASS
Grok,2023-11-04,2025-06-02,576,85,raw_count,Grok (xAI OR Musk OR chatbot),ok,2026-07-08,PASS
Grok,2023-11-04,2025-06-09,583,47,raw_count,Grok (xAI OR Musk OR chatbot),ok,2026-07-08,PASS
Grok,2023-11-04,2025-06-16,590,0,raw_count,Grok (xAI OR Musk OR chatbot),ok,2026-07-08,PASS
Grok,2023-11-04,2025-06-23,597,0,raw_count,Grok (xAI OR Musk OR chatbot),ok,2026-07-08,PASS
Grok,2023-11-04,2025-06-30,604,52,raw_count,Grok (xAI OR Musk OR chatbot),ok,2026-07-08,PASS
Grok,2023-11-04,2025-07-07,611,1157,raw_count,Grok (xAI OR Musk OR chatbot),ok,2026-07-08,PASS
Grok,2023-11-04,2025-07-14,618,705,raw_count,Grok (xAI OR Musk OR chatbot),ok,2026-07-08,PASS
Grok,2023-11-04,2025-07-21,625,397,raw_count,Grok (xAI OR Musk OR chatbot),ok,2026-07-08,PASS
Grok,2023-11-04,2025-07-28,632,150,raw_count,Grok (xAI OR Musk OR chatbot),ok,2026-07-08,PASS
Grok,2023-11-04,2025-08-04,639,191,raw_count,Grok (xAI OR Musk OR chatbot),ok,2026-07-08,PASS
Grok,2023-11-04,2025-08-11,646,559,raw_count,Grok (xAI OR Musk OR chatbot),ok,2026-07-08,PASS
Grok,2023-11-04,2025-08-18,653,150,raw_count,Grok (xAI OR Musk OR chatbot),ok,2026-07-08,PASS
Grok,2023-11-04,2025-08-25,660,341,raw_count,Grok (xAI OR Musk OR chatbot),ok,2026-07-08,PASS
Grok,2023-11-04,2025-09-01,667,80,raw_count,Grok (xAI OR Musk OR chatbot),ok,2026-07-08,PASS
Grok,2023-11-04,2025-09-08,674,171,raw_count,Grok (xAI OR Musk OR chatbot),ok,2026-07-08,PASS
Grok,2023-11-04,2025-09-15,681,71,raw_count,Grok (xAI OR Musk OR chatbot),ok,2026-07-08,PASS
Grok,2023-11-04,2025-09-22,688,116,raw_count,Grok (xAI OR Musk OR chatbot),ok,2026-07-08,PASS
Grok,2023-11-04,2025-09-29,695,137,raw_count,Grok (xAI OR Musk OR chatbot),ok,2026-07-08,PASS
Grok,2023-11-04,2025-10-06,702,77,raw_count,Grok (xAI OR Musk OR chatbot),ok,2026-07-08,PASS
Grok,2023-11-04,2025-10-13,709,90,raw_count,Grok (xAI OR Musk OR chatbot),ok,2026-07-08,PASS
Grok,2023-11-04,2025-10-20,716,123,raw_count,Grok (xAI OR Musk OR chatbot),ok,2026-07-08,PASS
Grok,2023-11-04,2025-10-27,723,298,raw_count,Grok (xAI OR Musk OR chatbot),ok,2026-07-08,PASS
Grok,2023-11-04,2025-11-03,730,98,raw_count,Grok (xAI OR Musk OR chatbot),ok,2026-07-08,PASS
Grok,2023-11-04,2025-11-10,737,86,raw_count,Grok (xAI OR Musk OR chatbot),ok,2026-07-08,PASS
Grok,2023-11-04,2025-11-17,744,473,raw_count,Grok (xAI OR Musk OR chatbot),ok,2026-07-08,PASS
Grok,2023-11-04,2025-11-24,751,117,raw_count,Grok (xAI OR Musk OR chatbot),ok,2026-07-08,PASS
Grok,2023-11-04,2025-12-01,758,65,raw_count,Grok (xAI OR Musk OR chatbot),ok,2026-07-08,PASS
Grok,2023-11-04,2025-12-08,765,94,raw_count,Grok (xAI OR Musk OR chatbot),ok,2026-07-08,PASS
Grok,2023-11-04,2025-12-15,772,146,raw_count,Grok (xAI OR Musk OR chatbot),ok,2026-07-08,PASS
Grok,2023-11-04,2025-12-22,779,77,raw_count,Grok (xAI OR Musk OR chatbot),ok,2026-07-08,PASS
Grok,2023-11-04,2025-12-29,786,266,raw_count,Grok (xAI OR Musk OR chatbot),ok,2026-07-08,PASS
Grok,2023-11-04,2026-01-05,793,1677,raw_count,Grok (xAI OR Musk OR chatbot),ok,2026-07-08,PASS
Grok,2023-11-04,2026-01-12,800,2329,raw_count,Grok (xAI OR Musk OR chatbot),ok,2026-07-08,PASS
Grok,2023-11-04,2026-01-19,807,337,raw_count,Grok (xAI OR Musk OR chatbot),ok,2026-07-08,PASS
Grok,2023-11-04,2026-01-26,814,414,raw_count,Grok (xAI OR Musk OR chatbot),ok,2026-07-08,PASS
Grok,2023-11-04,2026-02-02,821,666,raw_count,Grok (xAI OR Musk OR chatbot),ok,2026-07-08,PASS
Grok,2023-11-04,2026-02-09,828,206,raw_count,Grok (xAI OR Musk OR chatbot),ok,2026-07-08,PASS
Grok,2023-11-04,2026-02-16,835,337,raw_count,Grok (xAI OR Musk OR chatbot),ok,2026-07-08,PASS
Grok,2023-11-04,2026-02-23,842,210,raw_count,Grok (xAI OR Musk OR chatbot),ok,2026-07-08,PASS
Grok,2023-11-04,2026-03-02,849,193,raw_count,Grok (xAI OR Musk OR chatbot),ok,2026-07-08,PASS
Grok,2023-11-04,2026-03-09,856,259,raw_count,Grok (xAI OR Musk OR chatbot),ok,2026-07-08,PASS
Grok,2023-11-04,2026-03-16,863,296,raw_count,Grok (xAI OR Musk OR chatbot),ok,2026-07-08,PASS
Grok,2023-11-04,2026-03-23,870,169,raw_count,Grok (xAI OR Musk OR chatbot),ok,2026-07-08,PASS
Grok,2023-11-04,2026-03-30,877,131,raw_count,Grok (xAI OR Musk OR chatbot),ok,2026-07-08,PASS
Grok,2023-11-04,2026-04-06,884,102,raw_count,Grok (xAI OR Musk OR chatbot),ok,2026-07-08,PASS
Grok,2023-11-04,2026-04-13,891,133,raw_count,Grok (xAI OR Musk OR chatbot),ok,2026-07-08,PASS
Grok,2023-11-04,2026-04-20,898,378,raw_count,Grok (xAI OR Musk OR chatbot),ok,2026-07-08,PASS
Grok,2023-11-04,2026-04-27,905,126,raw_count,Grok (xAI OR Musk OR chatbot),ok,2026-07-08,PASS
Grok,2023-11-04,2026-05-04,912,216,raw_count,Grok (xAI OR Musk OR chatbot),ok,2026-07-08,PASS
Grok,2023-11-04,2026-05-11,919,227,raw_count,Grok (xAI OR Musk OR chatbot),ok,2026-07-08,PASS
Grok,2023-11-04,2026-05-18,926,232,raw_count,Grok (xAI OR Musk OR chatbot),ok,2026-07-08,PASS
Grok,2023-11-04,2026-05-25,933,80,raw_count,Grok (xAI OR Musk OR chatbot),ok,2026-07-08,PASS
Grok,2023-11-04,2026-06-01,940,359,raw_count,Grok (xAI OR Musk OR chatbot),ok,2026-07-08,PASS
Grok,2023-11-04,2026-06-08,947,296,raw_count,Grok (xAI OR Musk OR chatbot),ok,2026-07-08,PASS
Grok,2023-11-04,2026-06-15,954,235,raw_count,Grok (xAI OR Musk OR chatbot),ok,2026-07-08,PASS
Grok,2023-11-04,2026-06-22,961,175,raw_count,Grok (xAI OR Musk OR chatbot),ok,2026-07-08,PASS
Grok,2023-11-04,2026-06-29,968,28,raw_count,Grok (xAI OR Musk OR chatbot),ok,2026-07-08,PASS
Gemini (Google model),2023-12-06,2023-11-06,-30,0,raw_count,"""Google Gemini""",ok,2026-07-08,FAIL
Gemini (Google model),2023-12-06,2023-11-13,-23,3,raw_count,"""Google Gemini""",ok,2026-07-08,FAIL
Gemini (Google model),2023-12-06,2023-11-20,-16,3,raw_count,"""Google Gemini""",ok,2026-07-08,FAIL
Gemini (Google model),2023-12-06,2023-11-27,-9,5,raw_count,"""Google Gemini""",ok,2026-07-08,FAIL
Gemini (Google model),2023-12-06,2023-12-04,-2,242,raw_count,"""Google Gemini""",ok,2026-07-08,FAIL
Gemini (Google model),2023-12-06,2023-12-11,5,65,raw_count,"""Google Gemini""",ok,2026-07-08,FAIL
Gemini (Google model),2023-12-06,2023-12-18,12,34,raw_count,"""Google Gemini""",ok,2026-07-08,FAIL
Gemini (Google model),2023-12-06,2023-12-25,19,29,raw_count,"""Google Gemini""",ok,2026-07-08,FAIL
Gemini (Google model),2023-12-06,2024-01-01,26,22,raw_count,"""Google Gemini""",ok,2026-07-08,FAIL
Gemini (Google model),2023-12-06,2024-01-08,33,8,raw_count,"""Google Gemini""",ok,2026-07-08,FAIL
Gemini (Google model),2023-12-06,2024-01-15,40,47,raw_count,"""Google Gemini""",ok,2026-07-08,FAIL
Gemini (Google model),2023-12-06,2024-01-22,47,35,raw_count,"""Google Gemini""",ok,2026-07-08,FAIL
Gemini (Google model),2023-12-06,2024-01-29,54,24,raw_count,"""Google Gemini""",ok,2026-07-08,FAIL
Gemini (Google model),2023-12-06,2024-02-05,61,106,raw_count,"""Google Gemini""",ok,2026-07-08,FAIL
Gemini (Google model),2023-12-06,2024-02-12,68,131,raw_count,"""Google Gemini""",ok,2026-07-08,FAIL
Gemini (Google model),2023-12-06,2024-02-19,75,317,raw_count,"""Google Gemini""",ok,2026-07-08,FAIL
Gemini (Google model),2023-12-06,2024-02-26,82,440,raw_count,"""Google Gemini""",ok,2026-07-08,FAIL
Gemini (Google model),2023-12-06,2024-03-04,89,168,raw_count,"""Google Gemini""",ok,2026-07-08,FAIL
Gemini (Google model),2023-12-06,2024-03-11,96,208,raw_count,"""Google Gemini""",ok,2026-07-08,FAIL
Gemini (Google model),2023-12-06,2024-03-18,103,442,raw_count,"""Google Gemini""",ok,2026-07-08,FAIL
Gemini (Google model),2023-12-06,2024-03-25,110,138,raw_count,"""Google Gemini""",ok,2026-07-08,FAIL
Gemini (Google model),2023-12-06,2024-04-01,117,150,raw_count,"""Google Gemini""",ok,2026-07-08,FAIL
Gemini (Google model),2023-12-06,2024-04-08,124,155,raw_count,"""Google Gemini""",ok,2026-07-08,FAIL
Gemini (Google model),2023-12-06,2024-04-15,131,82,raw_count,"""Google Gemini""",ok,2026-07-08,FAIL
Gemini (Google model),2023-12-06,2024-04-22,138,131,raw_count,"""Google Gemini""",ok,2026-07-08,FAIL
Gemini (Google model),2023-12-06,2024-04-29,145,136,raw_count,"""Google Gemini""",ok,2026-07-08,FAIL
Gemini (Google model),2023-12-06,2024-05-06,152,105,raw_count,"""Google Gemini""",ok,2026-07-08,FAIL
Gemini (Google model),2023-12-06,2024-05-13,159,492,raw_count,"""Google Gemini""",ok,2026-07-08,FAIL
Gemini (Google model),2023-12-06,2024-05-20,166,151,raw_count,"""Google Gemini""",ok,2026-07-08,FAIL
Gemini (Google model),2023-12-06,2024-05-27,173,139,raw_count,"""Google Gemini""",ok,2026-07-08,FAIL
Gemini (Google model),2023-12-06,2024-06-03,180,124,raw_count,"""Google Gemini""",ok,2026-07-08,FAIL
Gemini (Google model),2023-12-06,2024-06-10,187,263,raw_count,"""Google Gemini""",ok,2026-07-08,FAIL
Gemini (Google model),2023-12-06,2024-06-17,194,161,raw_count,"""Google Gemini""",ok,2026-07-08,FAIL
Gemini (Google model),2023-12-06,2024-06-24,201,241,raw_count,"""Google Gemini""",ok,2026-07-08,FAIL
Gemini (Google model),2023-12-06,2024-07-01,208,225,raw_count,"""Google Gemini""",ok,2026-07-08,FAIL
Gemini (Google model),2023-12-06,2024-07-08,215,168,raw_count,"""Google Gemini""",ok,2026-07-08,FAIL
Gemini (Google model),2023-12-06,2024-07-15,222,102,raw_count,"""Google Gemini""",ok,2026-07-08,FAIL
Gemini (Google model),2023-12-06,2024-07-22,229,110,raw_count,"""Google Gemini""",ok,2026-07-08,FAIL
Gemini (Google model),2023-12-06,2024-07-29,236,143,raw_count,"""Google Gemini""",ok,2026-07-08,FAIL
Gemini (Google model),2023-12-06,2024-08-05,243,115,raw_count,"""Google Gemini""",ok,2026-07-08,FAIL
Gemini (Google model),2023-12-06,2024-08-12,250,298,raw_count,"""Google Gemini""",ok,2026-07-08,FAIL
Gemini (Google model),2023-12-06,2024-08-19,257,85,raw_count,"""Google Gemini""",ok,2026-07-08,FAIL
Gemini (Google model),2023-12-06,2024-08-26,264,135,raw_count,"""Google Gemini""",ok,2026-07-08,FAIL
Gemini (Google model),2023-12-06,2024-09-02,271,116,raw_count,"""Google Gemini""",ok,2026-07-08,FAIL
Gemini (Google model),2023-12-06,2024-09-09,278,127,raw_count,"""Google Gemini""",ok,2026-07-08,FAIL
Gemini (Google model),2023-12-06,2024-09-16,285,75,raw_count,"""Google Gemini""",ok,2026-07-08,FAIL
Gemini (Google model),2023-12-06,2024-09-23,292,137,raw_count,"""Google Gemini""",ok,2026-07-08,FAIL
Gemini (Google model),2023-12-06,2024-09-30,299,107,raw_count,"""Google Gemini""",ok,2026-07-08,FAIL
Gemini (Google model),2023-12-06,2024-10-07,306,106,raw_count,"""Google Gemini""",ok,2026-07-08,FAIL
Gemini (Google model),2023-12-06,2024-10-14,313,73,raw_count,"""Google Gemini""",ok,2026-07-08,FAIL
Gemini (Google model),2023-12-06,2024-10-21,320,116,raw_count,"""Google Gemini""",ok,2026-07-08,FAIL
Gemini (Google model),2023-12-06,2024-10-28,327,158,raw_count,"""Google Gemini""",ok,2026-07-08,FAIL
Gemini (Google model),2023-12-06,2024-11-04,334,84,raw_count,"""Google Gemini""",ok,2026-07-08,FAIL
Gemini (Google model),2023-12-06,2024-11-11,341,108,raw_count,"""Google Gemini""",ok,2026-07-08,FAIL
Gemini (Google model),2023-12-06,2024-11-18,348,188,raw_count,"""Google Gemini""",ok,2026-07-08,FAIL
Gemini (Google model),2023-12-06,2024-11-25,355,92,raw_count,"""Google Gemini""",ok,2026-07-08,FAIL
Gemini (Google model),2023-12-06,2024-12-02,362,98,raw_count,"""Google Gemini""",ok,2026-07-08,FAIL
Gemini (Google model),2023-12-06,2024-12-09,369,195,raw_count,"""Google Gemini""",ok,2026-07-08,FAIL
Gemini (Google model),2023-12-06,2024-12-16,376,158,raw_count,"""Google Gemini""",ok,2026-07-08,FAIL
Gemini (Google model),2023-12-06,2024-12-23,383,75,raw_count,"""Google Gemini""",ok,2026-07-08,FAIL
Gemini (Google model),2023-12-06,2024-12-30,390,131,raw_count,"""Google Gemini""",ok,2026-07-08,FAIL
Gemini (Google model),2023-12-06,2025-01-06,397,97,raw_count,"""Google Gemini""",ok,2026-07-08,FAIL
Gemini (Google model),2023-12-06,2025-01-13,404,77,raw_count,"""Google Gemini""",ok,2026-07-08,FAIL
Gemini (Google model),2023-12-06,2025-01-20,411,286,raw_count,"""Google Gemini""",ok,2026-07-08,FAIL
Gemini (Google model),2023-12-06,2025-01-27,418,364,raw_count,"""Google Gemini""",ok,2026-07-08,FAIL
Gemini (Google model),2023-12-06,2025-02-03,425,232,raw_count,"""Google Gemini""",ok,2026-07-08,FAIL
Gemini (Google model),2023-12-06,2025-02-10,432,312,raw_count,"""Google Gemini""",ok,2026-07-08,FAIL
Gemini (Google model),2023-12-06,2025-02-17,439,158,raw_count,"""Google Gemini""",ok,2026-07-08,FAIL
Gemini (Google model),2023-12-06,2025-02-24,446,262,raw_count,"""Google Gemini""",ok,2026-07-08,FAIL
Gemini (Google model),2023-12-06,2025-03-03,453,129,raw_count,"""Google Gemini""",ok,2026-07-08,FAIL
Gemini (Google model),2023-12-06,2025-03-10,460,150,raw_count,"""Google Gemini""",ok,2026-07-08,FAIL
Gemini (Google model),2023-12-06,2025-03-17,467,144,raw_count,"""Google Gemini""",ok,2026-07-08,FAIL
Gemini (Google model),2023-12-06,2025-03-24,474,155,raw_count,"""Google Gemini""",ok,2026-07-08,FAIL
Gemini (Google model),2023-12-06,2025-03-31,481,160,raw_count,"""Google Gemini""",ok,2026-07-08,FAIL
Gemini (Google model),2023-12-06,2025-04-07,488,187,raw_count,"""Google Gemini""",ok,2026-07-08,FAIL
Gemini (Google model),2023-12-06,2025-04-14,495,183,raw_count,"""Google Gemini""",ok,2026-07-08,FAIL
Gemini (Google model),2023-12-06,2025-04-21,502,159,raw_count,"""Google Gemini""",ok,2026-07-08,FAIL
Gemini (Google model),2023-12-06,2025-04-28,509,233,raw_count,"""Google Gemini""",ok,2026-07-08,FAIL
Gemini (Google model),2023-12-06,2025-05-05,516,200,raw_count,"""Google Gemini""",ok,2026-07-08,FAIL
Gemini (Google model),2023-12-06,2025-05-12,523,279,raw_count,"""Google Gemini""",ok,2026-07-08,FAIL
Gemini (Google model),2023-12-06,2025-05-19,530,304,raw_count,"""Google Gemini""",ok,2026-07-08,FAIL
Gemini (Google model),2023-12-06,2025-05-26,537,209,raw_count,"""Google Gemini""",ok,2026-07-08,FAIL
Gemini (Google model),2023-12-06,2025-06-02,544,232,raw_count,"""Google Gemini""",ok,2026-07-08,FAIL
Gemini (Google model),2023-12-06,2025-06-09,551,186,raw_count,"""Google Gemini""",ok,2026-07-08,FAIL
Gemini (Google model),2023-12-06,2025-06-16,558,0,raw_count,"""Google Gemini""",ok,2026-07-08,FAIL
Gemini (Google model),2023-12-06,2025-06-23,565,0,raw_count,"""Google Gemini""",ok,2026-07-08,FAIL
Gemini (Google model),2023-12-06,2025-06-30,572,100,raw_count,"""Google Gemini""",ok,2026-07-08,FAIL
Gemini (Google model),2023-12-06,2025-07-07,579,496,raw_count,"""Google Gemini""",ok,2026-07-08,FAIL
Gemini (Google model),2023-12-06,2025-07-14,586,179,raw_count,"""Google Gemini""",ok,2026-07-08,FAIL
Gemini (Google model),2023-12-06,2025-07-21,593,386,raw_count,"""Google Gemini""",ok,2026-07-08,FAIL
Gemini (Google model),2023-12-06,2025-07-28,600,150,raw_count,"""Google Gemini""",ok,2026-07-08,FAIL
Gemini (Google model),2023-12-06,2025-08-04,607,244,raw_count,"""Google Gemini""",ok,2026-07-08,FAIL
Gemini (Google model),2023-12-06,2025-08-11,614,268,raw_count,"""Google Gemini""",ok,2026-07-08,FAIL
Gemini (Google model),2023-12-06,2025-08-18,621,255,raw_count,"""Google Gemini""",ok,2026-07-08,FAIL
Gemini (Google model),2023-12-06,2025-08-25,628,387,raw_count,"""Google Gemini""",ok,2026-07-08,FAIL
Gemini (Google model),2023-12-06,2025-09-01,635,369,raw_count,"""Google Gemini""",ok,2026-07-08,FAIL
Gemini (Google model),2023-12-06,2025-09-08,642,289,raw_count,"""Google Gemini""",ok,2026-07-08,FAIL
Gemini (Google model),2023-12-06,2025-09-15,649,347,raw_count,"""Google Gemini""",ok,2026-07-08,FAIL
Gemini (Google model),2023-12-06,2025-09-22,656,218,raw_count,"""Google Gemini""",ok,2026-07-08,FAIL
Gemini (Google model),2023-12-06,2025-09-29,663,160,raw_count,"""Google Gemini""",ok,2026-07-08,FAIL
Gemini (Google model),2023-12-06,2025-10-06,670,473,raw_count,"""Google Gemini""",ok,2026-07-08,FAIL
Gemini (Google model),2023-12-06,2025-10-13,677,256,raw_count,"""Google Gemini""",ok,2026-07-08,FAIL
Gemini (Google model),2023-12-06,2025-10-20,684,405,raw_count,"""Google Gemini""",ok,2026-07-08,FAIL
Gemini (Google model),2023-12-06,2025-10-27,691,325,raw_count,"""Google Gemini""",ok,2026-07-08,FAIL
Gemini (Google model),2023-12-06,2025-11-03,698,279,raw_count,"""Google Gemini""",ok,2026-07-08,FAIL
Gemini (Google model),2023-12-06,2025-11-10,705,279,raw_count,"""Google Gemini""",ok,2026-07-08,FAIL
Gemini (Google model),2023-12-06,2025-11-17,712,391,raw_count,"""Google Gemini""",ok,2026-07-08,FAIL
Gemini (Google model),2023-12-06,2025-11-24,719,411,raw_count,"""Google Gemini""",ok,2026-07-08,FAIL
Gemini (Google model),2023-12-06,2025-12-01,726,379,raw_count,"""Google Gemini""",ok,2026-07-08,FAIL
Gemini (Google model),2023-12-06,2025-12-08,733,833,raw_count,"""Google Gemini""",ok,2026-07-08,FAIL
Gemini (Google model),2023-12-06,2025-12-15,740,394,raw_count,"""Google Gemini""",ok,2026-07-08,FAIL
Gemini (Google model),2023-12-06,2025-12-22,747,297,raw_count,"""Google Gemini""",ok,2026-07-08,FAIL
Gemini (Google model),2023-12-06,2025-12-29,754,339,raw_count,"""Google Gemini""",ok,2026-07-08,FAIL
Gemini (Google model),2023-12-06,2026-01-05,761,408,raw_count,"""Google Gemini""",ok,2026-07-08,FAIL
Gemini (Google model),2023-12-06,2026-01-12,768,802,raw_count,"""Google Gemini""",ok,2026-07-08,FAIL
Gemini (Google model),2023-12-06,2026-01-19,775,371,raw_count,"""Google Gemini""",ok,2026-07-08,FAIL
Gemini (Google model),2023-12-06,2026-01-26,782,403,raw_count,"""Google Gemini""",ok,2026-07-08,FAIL
Gemini (Google model),2023-12-06,2026-02-02,789,337,raw_count,"""Google Gemini""",ok,2026-07-08,FAIL
Gemini (Google model),2023-12-06,2026-02-09,796,290,raw_count,"""Google Gemini""",ok,2026-07-08,FAIL
Gemini (Google model),2023-12-06,2026-02-16,803,351,raw_count,"""Google Gemini""",ok,2026-07-08,FAIL
Gemini (Google model),2023-12-06,2026-02-23,810,267,raw_count,"""Google Gemini""",ok,2026-07-08,FAIL
Gemini (Google model),2023-12-06,2026-03-02,817,709,raw_count,"""Google Gemini""",ok,2026-07-08,FAIL
Gemini (Google model),2023-12-06,2026-03-09,824,670,raw_count,"""Google Gemini""",ok,2026-07-08,FAIL
Gemini (Google model),2023-12-06,2026-03-16,831,263,raw_count,"""Google Gemini""",ok,2026-07-08,FAIL
Gemini (Google model),2023-12-06,2026-03-23,838,332,raw_count,"""Google Gemini""",ok,2026-07-08,FAIL
Gemini (Google model),2023-12-06,2026-03-30,845,271,raw_count,"""Google Gemini""",ok,2026-07-08,FAIL
Gemini (Google model),2023-12-06,2026-04-06,852,299,raw_count,"""Google Gemini""",ok,2026-07-08,FAIL
Gemini (Google model),2023-12-06,2026-04-13,859,246,raw_count,"""Google Gemini""",ok,2026-07-08,FAIL
Gemini (Google model),2023-12-06,2026-04-20,866,648,raw_count,"""Google Gemini""",ok,2026-07-08,FAIL
Gemini (Google model),2023-12-06,2026-04-27,873,300,raw_count,"""Google Gemini""",ok,2026-07-08,FAIL
Gemini (Google model),2023-12-06,2026-05-04,880,252,raw_count,"""Google Gemini""",ok,2026-07-08,FAIL
Gemini (Google model),2023-12-06,2026-05-11,887,409,raw_count,"""Google Gemini""",ok,2026-07-08,FAIL
Gemini (Google model),2023-12-06,2026-05-18,894,456,raw_count,"""Google Gemini""",ok,2026-07-08,FAIL
Gemini (Google model),2023-12-06,2026-05-25,901,284,raw_count,"""Google Gemini""",ok,2026-07-08,FAIL
Gemini (Google model),2023-12-06,2026-06-01,908,670,raw_count,"""Google Gemini""",ok,2026-07-08,FAIL
Gemini (Google model),2023-12-06,2026-06-08,915,532,raw_count,"""Google Gemini""",ok,2026-07-08,FAIL
Gemini (Google model),2023-12-06,2026-06-15,922,233,raw_count,"""Google Gemini""",ok,2026-07-08,FAIL
Gemini (Google model),2023-12-06,2026-06-22,929,315,raw_count,"""Google Gemini""",ok,2026-07-08,FAIL
Gemini (Google model),2023-12-06,2026-06-29,936,108,raw_count,"""Google Gemini""",ok,2026-07-08,FAIL
Gemini 1.5 Pro,2024-02-15,2024-01-15,-31,0,raw_count,"""Gemini 1.5 Pro""",ok,2026-07-08,NOT_AUDITED
Gemini 1.5 Pro,2024-02-15,2024-01-22,-24,0,raw_count,"""Gemini 1.5 Pro""",ok,2026-07-08,NOT_AUDITED
Gemini 1.5 Pro,2024-02-15,2024-01-29,-17,0,raw_count,"""Gemini 1.5 Pro""",ok,2026-07-08,NOT_AUDITED
Gemini 1.5 Pro,2024-02-15,2024-02-05,-10,0,raw_count,"""Gemini 1.5 Pro""",ok,2026-07-08,NOT_AUDITED
Gemini 1.5 Pro,2024-02-15,2024-02-12,-3,37,raw_count,"""Gemini 1.5 Pro""",ok,2026-07-08,NOT_AUDITED
Gemini 1.5 Pro,2024-02-15,2024-02-19,4,17,raw_count,"""Gemini 1.5 Pro""",ok,2026-07-08,NOT_AUDITED
Gemini 1.5 Pro,2024-02-15,2024-02-26,11,2,raw_count,"""Gemini 1.5 Pro""",ok,2026-07-08,NOT_AUDITED
Gemini 1.5 Pro,2024-02-15,2024-03-04,18,4,raw_count,"""Gemini 1.5 Pro""",ok,2026-07-08,NOT_AUDITED
Gemini 1.5 Pro,2024-02-15,2024-03-11,25,1,raw_count,"""Gemini 1.5 Pro""",ok,2026-07-08,NOT_AUDITED
Gemini 1.5 Pro,2024-02-15,2024-03-18,32,1,raw_count,"""Gemini 1.5 Pro""",ok,2026-07-08,NOT_AUDITED
Gemini 1.5 Pro,2024-02-15,2024-03-25,39,2,raw_count,"""Gemini 1.5 Pro""",ok,2026-07-08,NOT_AUDITED
Gemini 1.5 Pro,2024-02-15,2024-04-01,46,2,raw_count,"""Gemini 1.5 Pro""",ok,2026-07-08,NOT_AUDITED
Gemini 1.5 Pro,2024-02-15,2024-04-08,53,29,raw_count,"""Gemini 1.5 Pro""",ok,2026-07-08,NOT_AUDITED
Gemini 1.5 Pro,2024-02-15,2024-04-15,60,5,raw_count,"""Gemini 1.5 Pro""",ok,2026-07-08,NOT_AUDITED
Gemini 1.5 Pro,2024-02-15,2024-04-22,67,12,raw_count,"""Gemini 1.5 Pro""",ok,2026-07-08,NOT_AUDITED
Gemini 1.5 Pro,2024-02-15,2024-04-29,74,4,raw_count,"""Gemini 1.5 Pro""",ok,2026-07-08,NOT_AUDITED
Gemini 1.5 Pro,2024-02-15,2024-05-06,81,15,raw_count,"""Gemini 1.5 Pro""",ok,2026-07-08,NOT_AUDITED
Gemini 1.5 Pro,2024-02-15,2024-05-13,88,212,raw_count,"""Gemini 1.5 Pro""",ok,2026-07-08,NOT_AUDITED
Gemini 1.5 Pro,2024-02-15,2024-05-20,95,11,raw_count,"""Gemini 1.5 Pro""",ok,2026-07-08,NOT_AUDITED
Gemini 1.5 Pro,2024-02-15,2024-05-27,102,8,raw_count,"""Gemini 1.5 Pro""",ok,2026-07-08,NOT_AUDITED
Gemini 1.5 Pro,2024-02-15,2024-06-03,109,27,raw_count,"""Gemini 1.5 Pro""",ok,2026-07-08,NOT_AUDITED
Gemini 1.5 Pro,2024-02-15,2024-06-10,116,6,raw_count,"""Gemini 1.5 Pro""",ok,2026-07-08,NOT_AUDITED
Gemini 1.5 Pro,2024-02-15,2024-06-17,123,42,raw_count,"""Gemini 1.5 Pro""",ok,2026-07-08,NOT_AUDITED
Gemini 1.5 Pro,2024-02-15,2024-06-24,130,30,raw_count,"""Gemini 1.5 Pro""",ok,2026-07-08,NOT_AUDITED
Gemini 1.5 Pro,2024-02-15,2024-07-01,137,3,raw_count,"""Gemini 1.5 Pro""",ok,2026-07-08,NOT_AUDITED
Gemini 1.5 Pro,2024-02-15,2024-07-08,144,19,raw_count,"""Gemini 1.5 Pro""",ok,2026-07-08,NOT_AUDITED
Gemini 1.5 Pro,2024-02-15,2024-07-15,151,17,raw_count,"""Gemini 1.5 Pro""",ok,2026-07-08,NOT_AUDITED
Gemini 1.5 Pro,2024-02-15,2024-07-22,158,12,raw_count,"""Gemini 1.5 Pro""",ok,2026-07-08,NOT_AUDITED
Gemini 1.5 Pro,2024-02-15,2024-07-29,165,9,raw_count,"""Gemini 1.5 Pro""",ok,2026-07-08,NOT_AUDITED
Gemini 1.5 Pro,2024-02-15,2024-08-05,172,6,raw_count,"""Gemini 1.5 Pro""",ok,2026-07-08,NOT_AUDITED
Gemini 1.5 Pro,2024-02-15,2024-08-12,179,11,raw_count,"""Gemini 1.5 Pro""",ok,2026-07-08,NOT_AUDITED
Gemini 1.5 Pro,2024-02-15,2024-08-19,186,4,raw_count,"""Gemini 1.5 Pro""",ok,2026-07-08,NOT_AUDITED
Gemini 1.5 Pro,2024-02-15,2024-08-26,193,5,raw_count,"""Gemini 1.5 Pro""",ok,2026-07-08,NOT_AUDITED
Gemini 1.5 Pro,2024-02-15,2024-09-02,200,9,raw_count,"""Gemini 1.5 Pro""",ok,2026-07-08,NOT_AUDITED
Gemini 1.5 Pro,2024-02-15,2024-09-09,207,10,raw_count,"""Gemini 1.5 Pro""",ok,2026-07-08,NOT_AUDITED
Gemini 1.5 Pro,2024-02-15,2024-09-16,214,6,raw_count,"""Gemini 1.5 Pro""",ok,2026-07-08,NOT_AUDITED
Gemini 1.5 Pro,2024-02-15,2024-09-23,221,8,raw_count,"""Gemini 1.5 Pro""",ok,2026-07-08,NOT_AUDITED
Gemini 1.5 Pro,2024-02-15,2024-09-30,228,4,raw_count,"""Gemini 1.5 Pro""",ok,2026-07-08,NOT_AUDITED
Gemini 1.5 Pro,2024-02-15,2024-10-07,235,1,raw_count,"""Gemini 1.5 Pro""",ok,2026-07-08,NOT_AUDITED
Gemini 1.5 Pro,2024-02-15,2024-10-14,242,3,raw_count,"""Gemini 1.5 Pro""",ok,2026-07-08,NOT_AUDITED
Gemini 1.5 Pro,2024-02-15,2024-10-21,249,6,raw_count,"""Gemini 1.5 Pro""",ok,2026-07-08,NOT_AUDITED
Gemini 1.5 Pro,2024-02-15,2024-10-28,256,21,raw_count,"""Gemini 1.5 Pro""",ok,2026-07-08,NOT_AUDITED
Gemini 1.5 Pro,2024-02-15,2024-11-04,263,10,raw_count,"""Gemini 1.5 Pro""",ok,2026-07-08,NOT_AUDITED
Gemini 1.5 Pro,2024-02-15,2024-11-11,270,7,raw_count,"""Gemini 1.5 Pro""",ok,2026-07-08,NOT_AUDITED
Gemini 1.5 Pro,2024-02-15,2024-11-18,277,6,raw_count,"""Gemini 1.5 Pro""",ok,2026-07-08,NOT_AUDITED
Gemini 1.5 Pro,2024-02-15,2024-11-25,284,3,raw_count,"""Gemini 1.5 Pro""",ok,2026-07-08,NOT_AUDITED
Gemini 1.5 Pro,2024-02-15,2024-12-02,291,14,raw_count,"""Gemini 1.5 Pro""",ok,2026-07-08,NOT_AUDITED
Gemini 1.5 Pro,2024-02-15,2024-12-09,298,15,raw_count,"""Gemini 1.5 Pro""",ok,2026-07-08,NOT_AUDITED
Gemini 1.5 Pro,2024-02-15,2024-12-16,305,13,raw_count,"""Gemini 1.5 Pro""",ok,2026-07-08,NOT_AUDITED
Gemini 1.5 Pro,2024-02-15,2024-12-23,312,0,raw_count,"""Gemini 1.5 Pro""",ok,2026-07-08,NOT_AUDITED
Gemini 1.5 Pro,2024-02-15,2024-12-30,319,2,raw_count,"""Gemini 1.5 Pro""",ok,2026-07-08,NOT_AUDITED
Gemini 1.5 Pro,2024-02-15,2025-01-06,326,6,raw_count,"""Gemini 1.5 Pro""",ok,2026-07-08,NOT_AUDITED
Gemini 1.5 Pro,2024-02-15,2025-01-13,333,3,raw_count,"""Gemini 1.5 Pro""",ok,2026-07-08,NOT_AUDITED
Gemini 1.5 Pro,2024-02-15,2025-01-20,340,10,raw_count,"""Gemini 1.5 Pro""",ok,2026-07-08,NOT_AUDITED
Gemini 1.5 Pro,2024-02-15,2025-01-27,347,5,raw_count,"""Gemini 1.5 Pro""",ok,2026-07-08,NOT_AUDITED
Gemini 1.5 Pro,2024-02-15,2025-02-03,354,7,raw_count,"""Gemini 1.5 Pro""",ok,2026-07-08,NOT_AUDITED
Gemini 1.5 Pro,2024-02-15,2025-02-10,361,2,raw_count,"""Gemini 1.5 Pro""",ok,2026-07-08,NOT_AUDITED
Gemini 1.5 Pro,2024-02-15,2025-02-17,368,3,raw_count,"""Gemini 1.5 Pro""",ok,2026-07-08,NOT_AUDITED
Gemini 1.5 Pro,2024-02-15,2025-02-24,375,5,raw_count,"""Gemini 1.5 Pro""",ok,2026-07-08,NOT_AUDITED
Gemini 1.5 Pro,2024-02-15,2025-03-03,382,11,raw_count,"""Gemini 1.5 Pro""",ok,2026-07-08,NOT_AUDITED
Gemini 1.5 Pro,2024-02-15,2025-03-10,389,5,raw_count,"""Gemini 1.5 Pro""",ok,2026-07-08,NOT_AUDITED
Gemini 1.5 Pro,2024-02-15,2025-03-17,396,2,raw_count,"""Gemini 1.5 Pro""",ok,2026-07-08,NOT_AUDITED
Gemini 1.5 Pro,2024-02-15,2025-03-24,403,3,raw_count,"""Gemini 1.5 Pro""",ok,2026-07-08,NOT_AUDITED
Gemini 1.5 Pro,2024-02-15,2025-03-31,410,2,raw_count,"""Gemini 1.5 Pro""",ok,2026-07-08,NOT_AUDITED
Gemini 1.5 Pro,2024-02-15,2025-04-07,417,4,raw_count,"""Gemini 1.5 Pro""",ok,2026-07-08,NOT_AUDITED
Gemini 1.5 Pro,2024-02-15,2025-04-14,424,2,raw_count,"""Gemini 1.5 Pro""",ok,2026-07-08,NOT_AUDITED
Gemini 1.5 Pro,2024-02-15,2025-04-21,431,1,raw_count,"""Gemini 1.5 Pro""",ok,2026-07-08,NOT_AUDITED
Gemini 1.5 Pro,2024-02-15,2025-04-28,438,2,raw_count,"""Gemini 1.5 Pro""",ok,2026-07-08,NOT_AUDITED
Gemini 1.5 Pro,2024-02-15,2025-05-05,445,5,raw_count,"""Gemini 1.5 Pro""",ok,2026-07-08,NOT_AUDITED
Gemini 1.5 Pro,2024-02-15,2025-05-12,452,3,raw_count,"""Gemini 1.5 Pro""",ok,2026-07-08,NOT_AUDITED
Gemini 1.5 Pro,2024-02-15,2025-05-19,459,4,raw_count,"""Gemini 1.5 Pro""",ok,2026-07-08,NOT_AUDITED
Gemini 1.5 Pro,2024-02-15,2025-05-26,466,1,raw_count,"""Gemini 1.5 Pro""",ok,2026-07-08,NOT_AUDITED
Gemini 1.5 Pro,2024-02-15,2025-06-02,473,1,raw_count,"""Gemini 1.5 Pro""",ok,2026-07-08,NOT_AUDITED
Gemini 1.5 Pro,2024-02-15,2025-06-09,480,1,raw_count,"""Gemini 1.5 Pro""",ok,2026-07-08,NOT_AUDITED
Gemini 1.5 Pro,2024-02-15,2025-06-16,487,0,raw_count,"""Gemini 1.5 Pro""",ok,2026-07-08,NOT_AUDITED
Gemini 1.5 Pro,2024-02-15,2025-06-23,494,0,raw_count,"""Gemini 1.5 Pro""",ok,2026-07-08,NOT_AUDITED
Gemini 1.5 Pro,2024-02-15,2025-06-30,501,3,raw_count,"""Gemini 1.5 Pro""",ok,2026-07-08,NOT_AUDITED
Gemini 1.5 Pro,2024-02-15,2025-07-07,508,0,raw_count,"""Gemini 1.5 Pro""",ok,2026-07-08,NOT_AUDITED
Gemini 1.5 Pro,2024-02-15,2025-07-14,515,1,raw_count,"""Gemini 1.5 Pro""",ok,2026-07-08,NOT_AUDITED
Gemini 1.5 Pro,2024-02-15,2025-07-21,522,1,raw_count,"""Gemini 1.5 Pro""",ok,2026-07-08,NOT_AUDITED
Gemini 1.5 Pro,2024-02-15,2025-07-28,529,1,raw_count,"""Gemini 1.5 Pro""",ok,2026-07-08,NOT_AUDITED
Gemini 1.5 Pro,2024-02-15,2025-08-04,536,2,raw_count,"""Gemini 1.5 Pro""",ok,2026-07-08,NOT_AUDITED
Gemini 1.5 Pro,2024-02-15,2025-08-11,543,2,raw_count,"""Gemini 1.5 Pro""",ok,2026-07-08,NOT_AUDITED
Gemini 1.5 Pro,2024-02-15,2025-08-18,550,0,raw_count,"""Gemini 1.5 Pro""",ok,2026-07-08,NOT_AUDITED
Gemini 1.5 Pro,2024-02-15,2025-08-25,557,2,raw_count,"""Gemini 1.5 Pro""",ok,2026-07-08,NOT_AUDITED
Gemini 1.5 Pro,2024-02-15,2025-09-01,564,1,raw_count,"""Gemini 1.5 Pro""",ok,2026-07-08,NOT_AUDITED
Gemini 1.5 Pro,2024-02-15,2025-09-08,571,0,raw_count,"""Gemini 1.5 Pro""",ok,2026-07-08,NOT_AUDITED
Gemini 1.5 Pro,2024-02-15,2025-09-15,578,2,raw_count,"""Gemini 1.5 Pro""",ok,2026-07-08,NOT_AUDITED
Gemini 1.5 Pro,2024-02-15,2025-09-22,585,0,raw_count,"""Gemini 1.5 Pro""",ok,2026-07-08,NOT_AUDITED
Gemini 1.5 Pro,2024-02-15,2025-09-29,592,1,raw_count,"""Gemini 1.5 Pro""",ok,2026-07-08,NOT_AUDITED
Gemini 1.5 Pro,2024-02-15,2025-10-06,599,1,raw_count,"""Gemini 1.5 Pro""",ok,2026-07-08,NOT_AUDITED
Gemini 1.5 Pro,2024-02-15,2025-10-13,606,3,raw_count,"""Gemini 1.5 Pro""",ok,2026-07-08,NOT_AUDITED
Gemini 1.5 Pro,2024-02-15,2025-10-20,613,0,raw_count,"""Gemini 1.5 Pro""",ok,2026-07-08,NOT_AUDITED
Gemini 1.5 Pro,2024-02-15,2025-10-27,620,1,raw_count,"""Gemini 1.5 Pro""",ok,2026-07-08,NOT_AUDITED
Gemini 1.5 Pro,2024-02-15,2025-11-03,627,1,raw_count,"""Gemini 1.5 Pro""",ok,2026-07-08,NOT_AUDITED
Gemini 1.5 Pro,2024-02-15,2025-11-10,634,1,raw_count,"""Gemini 1.5 Pro""",ok,2026-07-08,NOT_AUDITED
Gemini 1.5 Pro,2024-02-15,2025-11-17,641,0,raw_count,"""Gemini 1.5 Pro""",ok,2026-07-08,NOT_AUDITED
Gemini 1.5 Pro,2024-02-15,2025-11-24,648,0,raw_count,"""Gemini 1.5 Pro""",ok,2026-07-08,NOT_AUDITED
Gemini 1.5 Pro,2024-02-15,2025-12-01,655,0,raw_count,"""Gemini 1.5 Pro""",ok,2026-07-08,NOT_AUDITED
Gemini 1.5 Pro,2024-02-15,2025-12-08,662,0,raw_count,"""Gemini 1.5 Pro""",ok,2026-07-08,NOT_AUDITED
Gemini 1.5 Pro,2024-02-15,2025-12-15,669,0,raw_count,"""Gemini 1.5 Pro""",ok,2026-07-08,NOT_AUDITED
Gemini 1.5 Pro,2024-02-15,2025-12-22,676,0,raw_count,"""Gemini 1.5 Pro""",ok,2026-07-08,NOT_AUDITED
Gemini 1.5 Pro,2024-02-15,2025-12-29,683,1,raw_count,"""Gemini 1.5 Pro""",ok,2026-07-08,NOT_AUDITED
Gemini 1.5 Pro,2024-02-15,2026-01-05,690,0,raw_count,"""Gemini 1.5 Pro""",ok,2026-07-08,NOT_AUDITED
Gemini 1.5 Pro,2024-02-15,2026-01-12,697,0,raw_count,"""Gemini 1.5 Pro""",ok,2026-07-08,NOT_AUDITED
Gemini 1.5 Pro,2024-02-15,2026-01-19,704,0,raw_count,"""Gemini 1.5 Pro""",ok,2026-07-08,NOT_AUDITED
Gemini 1.5 Pro,2024-02-15,2026-01-26,711,1,raw_count,"""Gemini 1.5 Pro""",ok,2026-07-08,NOT_AUDITED
Gemini 1.5 Pro,2024-02-15,2026-02-02,718,1,raw_count,"""Gemini 1.5 Pro""",ok,2026-07-08,NOT_AUDITED
Gemini 1.5 Pro,2024-02-15,2026-02-09,725,1,raw_count,"""Gemini 1.5 Pro""",ok,2026-07-08,NOT_AUDITED
Gemini 1.5 Pro,2024-02-15,2026-02-16,732,1,raw_count,"""Gemini 1.5 Pro""",ok,2026-07-08,NOT_AUDITED
Gemini 1.5 Pro,2024-02-15,2026-02-23,739,1,raw_count,"""Gemini 1.5 Pro""",ok,2026-07-08,NOT_AUDITED
Gemini 1.5 Pro,2024-02-15,2026-03-02,746,0,raw_count,"""Gemini 1.5 Pro""",ok,2026-07-08,NOT_AUDITED
Gemini 1.5 Pro,2024-02-15,2026-03-09,753,0,raw_count,"""Gemini 1.5 Pro""",ok,2026-07-08,NOT_AUDITED
Gemini 1.5 Pro,2024-02-15,2026-03-16,760,1,raw_count,"""Gemini 1.5 Pro""",ok,2026-07-08,NOT_AUDITED
Gemini 1.5 Pro,2024-02-15,2026-03-23,767,0,raw_count,"""Gemini 1.5 Pro""",ok,2026-07-08,NOT_AUDITED
Gemini 1.5 Pro,2024-02-15,2026-03-30,774,2,raw_count,"""Gemini 1.5 Pro""",ok,2026-07-08,NOT_AUDITED
Gemini 1.5 Pro,2024-02-15,2026-04-06,781,0,raw_count,"""Gemini 1.5 Pro""",ok,2026-07-08,NOT_AUDITED
Gemini 1.5 Pro,2024-02-15,2026-04-13,788,2,raw_count,"""Gemini 1.5 Pro""",ok,2026-07-08,NOT_AUDITED
Gemini 1.5 Pro,2024-02-15,2026-04-20,795,1,raw_count,"""Gemini 1.5 Pro""",ok,2026-07-08,NOT_AUDITED
Gemini 1.5 Pro,2024-02-15,2026-04-27,802,0,raw_count,"""Gemini 1.5 Pro""",ok,2026-07-08,NOT_AUDITED
Gemini 1.5 Pro,2024-02-15,2026-05-04,809,0,raw_count,"""Gemini 1.5 Pro""",ok,2026-07-08,NOT_AUDITED
Gemini 1.5 Pro,2024-02-15,2026-05-11,816,0,raw_count,"""Gemini 1.5 Pro""",ok,2026-07-08,NOT_AUDITED
Gemini 1.5 Pro,2024-02-15,2026-05-18,823,0,raw_count,"""Gemini 1.5 Pro""",ok,2026-07-08,NOT_AUDITED
Gemini 1.5 Pro,2024-02-15,2026-05-25,830,2,raw_count,"""Gemini 1.5 Pro""",ok,2026-07-08,NOT_AUDITED
Gemini 1.5 Pro,2024-02-15,2026-06-01,837,0,raw_count,"""Gemini 1.5 Pro""",ok,2026-07-08,NOT_AUDITED
Gemini 1.5 Pro,2024-02-15,2026-06-08,844,1,raw_count,"""Gemini 1.5 Pro""",ok,2026-07-08,NOT_AUDITED
Gemini 1.5 Pro,2024-02-15,2026-06-15,851,2,raw_count,"""Gemini 1.5 Pro""",ok,2026-07-08,NOT_AUDITED
Gemini 1.5 Pro,2024-02-15,2026-06-22,858,0,raw_count,"""Gemini 1.5 Pro""",ok,2026-07-08,NOT_AUDITED
Gemini 1.5 Pro,2024-02-15,2026-06-29,865,0,raw_count,"""Gemini 1.5 Pro""",ok,2026-07-08,NOT_AUDITED
Devin AI,2024-03-12,2024-02-12,-29,0,raw_count,"""Devin AI""",ok,2026-07-08,NOT_AUDITED
Devin AI,2024-03-12,2024-02-19,-22,0,raw_count,"""Devin AI""",ok,2026-07-08,NOT_AUDITED
Devin AI,2024-03-12,2024-02-26,-15,0,raw_count,"""Devin AI""",ok,2026-07-08,NOT_AUDITED
Devin AI,2024-03-12,2024-03-04,-8,0,raw_count,"""Devin AI""",ok,2026-07-08,NOT_AUDITED
Devin AI,2024-03-12,2024-03-11,-1,7,raw_count,"""Devin AI""",ok,2026-07-08,NOT_AUDITED
Devin AI,2024-03-12,2024-03-18,6,1,raw_count,"""Devin AI""",ok,2026-07-08,NOT_AUDITED
Devin AI,2024-03-12,2024-03-25,13,0,raw_count,"""Devin AI""",ok,2026-07-08,NOT_AUDITED
Devin AI,2024-03-12,2024-04-01,20,3,raw_count,"""Devin AI""",ok,2026-07-08,NOT_AUDITED
Devin AI,2024-03-12,2024-04-08,27,2,raw_count,"""Devin AI""",ok,2026-07-08,NOT_AUDITED
Devin AI,2024-03-12,2024-04-15,34,1,raw_count,"""Devin AI""",ok,2026-07-08,NOT_AUDITED
Devin AI,2024-03-12,2024-04-22,41,1,raw_count,"""Devin AI""",ok,2026-07-08,NOT_AUDITED
Devin AI,2024-03-12,2024-04-29,48,1,raw_count,"""Devin AI""",ok,2026-07-08,NOT_AUDITED
Devin AI,2024-03-12,2024-05-06,55,0,raw_count,"""Devin AI""",ok,2026-07-08,NOT_AUDITED
Devin AI,2024-03-12,2024-05-13,62,1,raw_count,"""Devin AI""",ok,2026-07-08,NOT_AUDITED
Devin AI,2024-03-12,2024-05-20,69,1,raw_count,"""Devin AI""",ok,2026-07-08,NOT_AUDITED
Devin AI,2024-03-12,2024-05-27,76,0,raw_count,"""Devin AI""",ok,2026-07-08,NOT_AUDITED
Devin AI,2024-03-12,2024-06-03,83,0,raw_count,"""Devin AI""",ok,2026-07-08,NOT_AUDITED
Devin AI,2024-03-12,2024-06-10,90,1,raw_count,"""Devin AI""",ok,2026-07-08,NOT_AUDITED
Devin AI,2024-03-12,2024-06-17,97,0,raw_count,"""Devin AI""",ok,2026-07-08,NOT_AUDITED
Devin AI,2024-03-12,2024-06-24,104,1,raw_count,"""Devin AI""",ok,2026-07-08,NOT_AUDITED
Devin AI,2024-03-12,2024-07-01,111,1,raw_count,"""Devin AI""",ok,2026-07-08,NOT_AUDITED
Devin AI,2024-03-12,2024-07-08,118,2,raw_count,"""Devin AI""",ok,2026-07-08,NOT_AUDITED
Devin AI,2024-03-12,2024-07-15,125,0,raw_count,"""Devin AI""",ok,2026-07-08,NOT_AUDITED
Devin AI,2024-03-12,2024-07-22,132,0,raw_count,"""Devin AI""",ok,2026-07-08,NOT_AUDITED
Devin AI,2024-03-12,2024-07-29,139,0,raw_count,"""Devin AI""",ok,2026-07-08,NOT_AUDITED
Devin AI,2024-03-12,2024-08-05,146,0,raw_count,"""Devin AI""",ok,2026-07-08,NOT_AUDITED
Devin AI,2024-03-12,2024-08-12,153,0,raw_count,"""Devin AI""",ok,2026-07-08,NOT_AUDITED
Devin AI,2024-03-12,2024-08-19,160,0,raw_count,"""Devin AI""",ok,2026-07-08,NOT_AUDITED
Devin AI,2024-03-12,2024-08-26,167,0,raw_count,"""Devin AI""",ok,2026-07-08,NOT_AUDITED
Devin AI,2024-03-12,2024-09-02,174,0,raw_count,"""Devin AI""",ok,2026-07-08,NOT_AUDITED
Devin AI,2024-03-12,2024-09-09,181,0,raw_count,"""Devin AI""",ok,2026-07-08,NOT_AUDITED
Devin AI,2024-03-12,2024-09-16,188,0,raw_count,"""Devin AI""",ok,2026-07-08,NOT_AUDITED
Devin AI,2024-03-12,2024-09-23,195,0,raw_count,"""Devin AI""",ok,2026-07-08,NOT_AUDITED
Devin AI,2024-03-12,2024-09-30,202,0,raw_count,"""Devin AI""",ok,2026-07-08,NOT_AUDITED
Devin AI,2024-03-12,2024-10-07,209,0,raw_count,"""Devin AI""",ok,2026-07-08,NOT_AUDITED
Devin AI,2024-03-12,2024-10-14,216,0,raw_count,"""Devin AI""",ok,2026-07-08,NOT_AUDITED
Devin AI,2024-03-12,2024-10-21,223,0,raw_count,"""Devin AI""",ok,2026-07-08,NOT_AUDITED
Devin AI,2024-03-12,2024-10-28,230,0,raw_count,"""Devin AI""",ok,2026-07-08,NOT_AUDITED
Devin AI,2024-03-12,2024-11-04,237,0,raw_count,"""Devin AI""",ok,2026-07-08,NOT_AUDITED
Devin AI,2024-03-12,2024-11-11,244,0,raw_count,"""Devin AI""",ok,2026-07-08,NOT_AUDITED
Devin AI,2024-03-12,2024-11-18,251,0,raw_count,"""Devin AI""",ok,2026-07-08,NOT_AUDITED
Devin AI,2024-03-12,2024-11-25,258,0,raw_count,"""Devin AI""",ok,2026-07-08,NOT_AUDITED
Devin AI,2024-03-12,2024-12-02,265,0,raw_count,"""Devin AI""",ok,2026-07-08,NOT_AUDITED
Devin AI,2024-03-12,2024-12-09,272,1,raw_count,"""Devin AI""",ok,2026-07-08,NOT_AUDITED
Devin AI,2024-03-12,2024-12-16,279,0,raw_count,"""Devin AI""",ok,2026-07-08,NOT_AUDITED
Devin AI,2024-03-12,2024-12-23,286,0,raw_count,"""Devin AI""",ok,2026-07-08,NOT_AUDITED
Devin AI,2024-03-12,2024-12-30,293,1,raw_count,"""Devin AI""",ok,2026-07-08,NOT_AUDITED
Devin AI,2024-03-12,2025-01-06,300,0,raw_count,"""Devin AI""",ok,2026-07-08,NOT_AUDITED
Devin AI,2024-03-12,2025-01-13,307,0,raw_count,"""Devin AI""",ok,2026-07-08,NOT_AUDITED
Devin AI,2024-03-12,2025-01-20,314,0,raw_count,"""Devin AI""",ok,2026-07-08,NOT_AUDITED
Devin AI,2024-03-12,2025-01-27,321,1,raw_count,"""Devin AI""",ok,2026-07-08,NOT_AUDITED
Devin AI,2024-03-12,2025-02-03,328,0,raw_count,"""Devin AI""",ok,2026-07-08,NOT_AUDITED
Devin AI,2024-03-12,2025-02-10,335,0,raw_count,"""Devin AI""",ok,2026-07-08,NOT_AUDITED
Devin AI,2024-03-12,2025-02-17,342,0,raw_count,"""Devin AI""",ok,2026-07-08,NOT_AUDITED
Devin AI,2024-03-12,2025-02-24,349,1,raw_count,"""Devin AI""",ok,2026-07-08,NOT_AUDITED
Devin AI,2024-03-12,2025-03-03,356,0,raw_count,"""Devin AI""",ok,2026-07-08,NOT_AUDITED
Devin AI,2024-03-12,2025-03-10,363,0,raw_count,"""Devin AI""",ok,2026-07-08,NOT_AUDITED
Devin AI,2024-03-12,2025-03-17,370,0,raw_count,"""Devin AI""",ok,2026-07-08,NOT_AUDITED
Devin AI,2024-03-12,2025-03-24,377,0,raw_count,"""Devin AI""",ok,2026-07-08,NOT_AUDITED
Devin AI,2024-03-12,2025-03-31,384,1,raw_count,"""Devin AI""",ok,2026-07-08,NOT_AUDITED
Devin AI,2024-03-12,2025-04-07,391,0,raw_count,"""Devin AI""",ok,2026-07-08,NOT_AUDITED
Devin AI,2024-03-12,2025-04-14,398,2,raw_count,"""Devin AI""",ok,2026-07-08,NOT_AUDITED
Devin AI,2024-03-12,2025-04-21,405,0,raw_count,"""Devin AI""",ok,2026-07-08,NOT_AUDITED
Devin AI,2024-03-12,2025-04-28,412,1,raw_count,"""Devin AI""",ok,2026-07-08,NOT_AUDITED
Devin AI,2024-03-12,2025-05-05,419,1,raw_count,"""Devin AI""",ok,2026-07-08,NOT_AUDITED
Devin AI,2024-03-12,2025-05-12,426,0,raw_count,"""Devin AI""",ok,2026-07-08,NOT_AUDITED
Devin AI,2024-03-12,2025-05-19,433,0,raw_count,"""Devin AI""",ok,2026-07-08,NOT_AUDITED
Devin AI,2024-03-12,2025-05-26,440,0,raw_count,"""Devin AI""",ok,2026-07-08,NOT_AUDITED
Devin AI,2024-03-12,2025-06-02,447,0,raw_count,"""Devin AI""",ok,2026-07-08,NOT_AUDITED
Devin AI,2024-03-12,2025-06-09,454,0,raw_count,"""Devin AI""",ok,2026-07-08,NOT_AUDITED
Devin AI,2024-03-12,2025-06-16,461,0,raw_count,"""Devin AI""",ok,2026-07-08,NOT_AUDITED
Devin AI,2024-03-12,2025-06-23,468,0,raw_count,"""Devin AI""",ok,2026-07-08,NOT_AUDITED
Devin AI,2024-03-12,2025-06-30,475,0,raw_count,"""Devin AI""",ok,2026-07-08,NOT_AUDITED
Devin AI,2024-03-12,2025-07-07,482,2,raw_count,"""Devin AI""",ok,2026-07-08,NOT_AUDITED
Devin AI,2024-03-12,2025-07-14,489,4,raw_count,"""Devin AI""",ok,2026-07-08,NOT_AUDITED
Devin AI,2024-03-12,2025-07-21,496,1,raw_count,"""Devin AI""",ok,2026-07-08,NOT_AUDITED
Devin AI,2024-03-12,2025-07-28,503,0,raw_count,"""Devin AI""",ok,2026-07-08,NOT_AUDITED
Devin AI,2024-03-12,2025-08-04,510,0,raw_count,"""Devin AI""",ok,2026-07-08,NOT_AUDITED
Devin AI,2024-03-12,2025-08-11,517,0,raw_count,"""Devin AI""",ok,2026-07-08,NOT_AUDITED
Devin AI,2024-03-12,2025-08-18,524,0,raw_count,"""Devin AI""",ok,2026-07-08,NOT_AUDITED
Devin AI,2024-03-12,2025-08-25,531,0,raw_count,"""Devin AI""",ok,2026-07-08,NOT_AUDITED
Devin AI,2024-03-12,2025-09-01,538,1,raw_count,"""Devin AI""",ok,2026-07-08,NOT_AUDITED
Devin AI,2024-03-12,2025-09-08,545,1,raw_count,"""Devin AI""",ok,2026-07-08,NOT_AUDITED
Devin AI,2024-03-12,2025-09-15,552,0,raw_count,"""Devin AI""",ok,2026-07-08,NOT_AUDITED
Devin AI,2024-03-12,2025-09-22,559,1,raw_count,"""Devin AI""",ok,2026-07-08,NOT_AUDITED
Devin AI,2024-03-12,2025-09-29,566,1,raw_count,"""Devin AI""",ok,2026-07-08,NOT_AUDITED
Devin AI,2024-03-12,2025-10-06,573,0,raw_count,"""Devin AI""",ok,2026-07-08,NOT_AUDITED
Devin AI,2024-03-12,2025-10-13,580,0,raw_count,"""Devin AI""",ok,2026-07-08,NOT_AUDITED
Devin AI,2024-03-12,2025-10-20,587,0,raw_count,"""Devin AI""",ok,2026-07-08,NOT_AUDITED
Devin AI,2024-03-12,2025-10-27,594,0,raw_count,"""Devin AI""",ok,2026-07-08,NOT_AUDITED
Devin AI,2024-03-12,2025-11-03,601,0,raw_count,"""Devin AI""",ok,2026-07-08,NOT_AUDITED
Devin AI,2024-03-12,2025-11-10,608,2,raw_count,"""Devin AI""",ok,2026-07-08,NOT_AUDITED
Devin AI,2024-03-12,2025-11-17,615,0,raw_count,"""Devin AI""",ok,2026-07-08,NOT_AUDITED
Devin AI,2024-03-12,2025-11-24,622,0,raw_count,"""Devin AI""",ok,2026-07-08,NOT_AUDITED
Devin AI,2024-03-12,2025-12-01,629,0,raw_count,"""Devin AI""",ok,2026-07-08,NOT_AUDITED
Devin AI,2024-03-12,2025-12-08,636,1,raw_count,"""Devin AI""",ok,2026-07-08,NOT_AUDITED
Devin AI,2024-03-12,2025-12-15,643,0,raw_count,"""Devin AI""",ok,2026-07-08,NOT_AUDITED
Devin AI,2024-03-12,2025-12-22,650,0,raw_count,"""Devin AI""",ok,2026-07-08,NOT_AUDITED
Devin AI,2024-03-12,2025-12-29,657,0,raw_count,"""Devin AI""",ok,2026-07-08,NOT_AUDITED
Devin AI,2024-03-12,2026-01-05,664,1,raw_count,"""Devin AI""",ok,2026-07-08,NOT_AUDITED
Devin AI,2024-03-12,2026-01-12,671,1,raw_count,"""Devin AI""",ok,2026-07-08,NOT_AUDITED
Devin AI,2024-03-12,2026-01-19,678,2,raw_count,"""Devin AI""",ok,2026-07-08,NOT_AUDITED
Devin AI,2024-03-12,2026-01-26,685,3,raw_count,"""Devin AI""",ok,2026-07-08,NOT_AUDITED
Devin AI,2024-03-12,2026-02-02,692,1,raw_count,"""Devin AI""",ok,2026-07-08,NOT_AUDITED
Devin AI,2024-03-12,2026-02-09,699,2,raw_count,"""Devin AI""",ok,2026-07-08,NOT_AUDITED
Devin AI,2024-03-12,2026-02-16,706,1,raw_count,"""Devin AI""",ok,2026-07-08,NOT_AUDITED
Devin AI,2024-03-12,2026-02-23,713,0,raw_count,"""Devin AI""",ok,2026-07-08,NOT_AUDITED
Devin AI,2024-03-12,2026-03-02,720,0,raw_count,"""Devin AI""",ok,2026-07-08,NOT_AUDITED
Devin AI,2024-03-12,2026-03-09,727,0,raw_count,"""Devin AI""",ok,2026-07-08,NOT_AUDITED
Devin AI,2024-03-12,2026-03-16,734,0,raw_count,"""Devin AI""",ok,2026-07-08,NOT_AUDITED
Devin AI,2024-03-12,2026-03-23,741,1,raw_count,"""Devin AI""",ok,2026-07-08,NOT_AUDITED
Devin AI,2024-03-12,2026-03-30,748,0,raw_count,"""Devin AI""",ok,2026-07-08,NOT_AUDITED
Devin AI,2024-03-12,2026-04-06,755,0,raw_count,"""Devin AI""",ok,2026-07-08,NOT_AUDITED
Devin AI,2024-03-12,2026-04-13,762,0,raw_count,"""Devin AI""",ok,2026-07-08,NOT_AUDITED
Devin AI,2024-03-12,2026-04-20,769,1,raw_count,"""Devin AI""",ok,2026-07-08,NOT_AUDITED
Devin AI,2024-03-12,2026-04-27,776,0,raw_count,"""Devin AI""",ok,2026-07-08,NOT_AUDITED
Devin AI,2024-03-12,2026-05-04,783,0,raw_count,"""Devin AI""",ok,2026-07-08,NOT_AUDITED
Devin AI,2024-03-12,2026-05-11,790,0,raw_count,"""Devin AI""",ok,2026-07-08,NOT_AUDITED
Devin AI,2024-03-12,2026-05-18,797,0,raw_count,"""Devin AI""",ok,2026-07-08,NOT_AUDITED
Devin AI,2024-03-12,2026-05-25,804,6,raw_count,"""Devin AI""",ok,2026-07-08,NOT_AUDITED
Devin AI,2024-03-12,2026-06-01,811,1,raw_count,"""Devin AI""",ok,2026-07-08,NOT_AUDITED
Devin AI,2024-03-12,2026-06-08,818,0,raw_count,"""Devin AI""",ok,2026-07-08,NOT_AUDITED
Devin AI,2024-03-12,2026-06-15,825,0,raw_count,"""Devin AI""",ok,2026-07-08,NOT_AUDITED
Devin AI,2024-03-12,2026-06-22,832,0,raw_count,"""Devin AI""",ok,2026-07-08,NOT_AUDITED
Devin AI,2024-03-12,2026-06-29,839,0,raw_count,"""Devin AI""",ok,2026-07-08,NOT_AUDITED
DBRX,2024-03-27,2024-02-26,-30,0,raw_count,DBRX (Databricks OR model OR AI OR LLM),ok,2026-07-08,FAIL
DBRX,2024-03-27,2024-03-04,-23,0,raw_count,DBRX (Databricks OR model OR AI OR LLM),ok,2026-07-08,FAIL
DBRX,2024-03-27,2024-03-11,-16,0,raw_count,DBRX (Databricks OR model OR AI OR LLM),ok,2026-07-08,FAIL
DBRX,2024-03-27,2024-03-18,-9,0,raw_count,DBRX (Databricks OR model OR AI OR LLM),ok,2026-07-08,FAIL
DBRX,2024-03-27,2024-03-25,-2,13,raw_count,DBRX (Databricks OR model OR AI OR LLM),ok,2026-07-08,FAIL
DBRX,2024-03-27,2024-04-01,5,3,raw_count,DBRX (Databricks OR model OR AI OR LLM),ok,2026-07-08,FAIL
DBRX,2024-03-27,2024-04-08,12,3,raw_count,DBRX (Databricks OR model OR AI OR LLM),ok,2026-07-08,FAIL
DBRX,2024-03-27,2024-04-15,19,3,raw_count,DBRX (Databricks OR model OR AI OR LLM),ok,2026-07-08,FAIL
DBRX,2024-03-27,2024-04-22,26,8,raw_count,DBRX (Databricks OR model OR AI OR LLM),ok,2026-07-08,FAIL
DBRX,2024-03-27,2024-04-29,33,0,raw_count,DBRX (Databricks OR model OR AI OR LLM),ok,2026-07-08,FAIL
DBRX,2024-03-27,2024-05-06,40,1,raw_count,DBRX (Databricks OR model OR AI OR LLM),ok,2026-07-08,FAIL
DBRX,2024-03-27,2024-05-13,47,1,raw_count,DBRX (Databricks OR model OR AI OR LLM),ok,2026-07-08,FAIL
DBRX,2024-03-27,2024-05-20,54,1,raw_count,DBRX (Databricks OR model OR AI OR LLM),ok,2026-07-08,FAIL
DBRX,2024-03-27,2024-05-27,61,3,raw_count,DBRX (Databricks OR model OR AI OR LLM),ok,2026-07-08,FAIL
DBRX,2024-03-27,2024-06-03,68,2,raw_count,DBRX (Databricks OR model OR AI OR LLM),ok,2026-07-08,FAIL
DBRX,2024-03-27,2024-06-10,75,7,raw_count,DBRX (Databricks OR model OR AI OR LLM),ok,2026-07-08,FAIL
DBRX,2024-03-27,2024-06-17,82,2,raw_count,DBRX (Databricks OR model OR AI OR LLM),ok,2026-07-08,FAIL
DBRX,2024-03-27,2024-06-24,89,1,raw_count,DBRX (Databricks OR model OR AI OR LLM),ok,2026-07-08,FAIL
DBRX,2024-03-27,2024-07-01,96,0,raw_count,DBRX (Databricks OR model OR AI OR LLM),ok,2026-07-08,FAIL
DBRX,2024-03-27,2024-07-08,103,1,raw_count,DBRX (Databricks OR model OR AI OR LLM),ok,2026-07-08,FAIL
DBRX,2024-03-27,2024-07-15,110,0,raw_count,DBRX (Databricks OR model OR AI OR LLM),ok,2026-07-08,FAIL
DBRX,2024-03-27,2024-07-22,117,0,raw_count,DBRX (Databricks OR model OR AI OR LLM),ok,2026-07-08,FAIL
DBRX,2024-03-27,2024-07-29,124,0,raw_count,DBRX (Databricks OR model OR AI OR LLM),ok,2026-07-08,FAIL
DBRX,2024-03-27,2024-08-05,131,0,raw_count,DBRX (Databricks OR model OR AI OR LLM),ok,2026-07-08,FAIL
DBRX,2024-03-27,2024-08-12,138,1,raw_count,DBRX (Databricks OR model OR AI OR LLM),ok,2026-07-08,FAIL
DBRX,2024-03-27,2024-08-19,145,0,raw_count,DBRX (Databricks OR model OR AI OR LLM),ok,2026-07-08,FAIL
DBRX,2024-03-27,2024-08-26,152,0,raw_count,DBRX (Databricks OR model OR AI OR LLM),ok,2026-07-08,FAIL
DBRX,2024-03-27,2024-09-02,159,0,raw_count,DBRX (Databricks OR model OR AI OR LLM),ok,2026-07-08,FAIL
DBRX,2024-03-27,2024-09-09,166,0,raw_count,DBRX (Databricks OR model OR AI OR LLM),ok,2026-07-08,FAIL
DBRX,2024-03-27,2024-09-16,173,0,raw_count,DBRX (Databricks OR model OR AI OR LLM),ok,2026-07-08,FAIL
DBRX,2024-03-27,2024-09-23,180,0,raw_count,DBRX (Databricks OR model OR AI OR LLM),ok,2026-07-08,FAIL
DBRX,2024-03-27,2024-09-30,187,0,raw_count,DBRX (Databricks OR model OR AI OR LLM),ok,2026-07-08,FAIL
DBRX,2024-03-27,2024-10-07,194,0,raw_count,DBRX (Databricks OR model OR AI OR LLM),ok,2026-07-08,FAIL
DBRX,2024-03-27,2024-10-14,201,0,raw_count,DBRX (Databricks OR model OR AI OR LLM),ok,2026-07-08,FAIL
DBRX,2024-03-27,2024-10-21,208,1,raw_count,DBRX (Databricks OR model OR AI OR LLM),ok,2026-07-08,FAIL
DBRX,2024-03-27,2024-10-28,215,0,raw_count,DBRX (Databricks OR model OR AI OR LLM),ok,2026-07-08,FAIL
DBRX,2024-03-27,2024-11-04,222,0,raw_count,DBRX (Databricks OR model OR AI OR LLM),ok,2026-07-08,FAIL
DBRX,2024-03-27,2024-11-11,229,0,raw_count,DBRX (Databricks OR model OR AI OR LLM),ok,2026-07-08,FAIL
DBRX,2024-03-27,2024-11-18,236,0,raw_count,DBRX (Databricks OR model OR AI OR LLM),ok,2026-07-08,FAIL
DBRX,2024-03-27,2024-11-25,243,0,raw_count,DBRX (Databricks OR model OR AI OR LLM),ok,2026-07-08,FAIL
DBRX,2024-03-27,2024-12-02,250,0,raw_count,DBRX (Databricks OR model OR AI OR LLM),ok,2026-07-08,FAIL
DBRX,2024-03-27,2024-12-09,257,0,raw_count,DBRX (Databricks OR model OR AI OR LLM),ok,2026-07-08,FAIL
DBRX,2024-03-27,2024-12-16,264,0,raw_count,DBRX (Databricks OR model OR AI OR LLM),ok,2026-07-08,FAIL
DBRX,2024-03-27,2024-12-23,271,0,raw_count,DBRX (Databricks OR model OR AI OR LLM),ok,2026-07-08,FAIL
DBRX,2024-03-27,2024-12-30,278,0,raw_count,DBRX (Databricks OR model OR AI OR LLM),ok,2026-07-08,FAIL
DBRX,2024-03-27,2025-01-06,285,0,raw_count,DBRX (Databricks OR model OR AI OR LLM),ok,2026-07-08,FAIL
DBRX,2024-03-27,2025-01-13,292,0,raw_count,DBRX (Databricks OR model OR AI OR LLM),ok,2026-07-08,FAIL
DBRX,2024-03-27,2025-01-20,299,2,raw_count,DBRX (Databricks OR model OR AI OR LLM),ok,2026-07-08,FAIL
DBRX,2024-03-27,2025-01-27,306,0,raw_count,DBRX (Databricks OR model OR AI OR LLM),ok,2026-07-08,FAIL
DBRX,2024-03-27,2025-02-03,313,0,raw_count,DBRX (Databricks OR model OR AI OR LLM),ok,2026-07-08,FAIL
DBRX,2024-03-27,2025-02-10,320,0,raw_count,DBRX (Databricks OR model OR AI OR LLM),ok,2026-07-08,FAIL
DBRX,2024-03-27,2025-02-17,327,0,raw_count,DBRX (Databricks OR model OR AI OR LLM),ok,2026-07-08,FAIL
DBRX,2024-03-27,2025-02-24,334,0,raw_count,DBRX (Databricks OR model OR AI OR LLM),ok,2026-07-08,FAIL
DBRX,2024-03-27,2025-03-03,341,0,raw_count,DBRX (Databricks OR model OR AI OR LLM),ok,2026-07-08,FAIL
DBRX,2024-03-27,2025-03-10,348,0,raw_count,DBRX (Databricks OR model OR AI OR LLM),ok,2026-07-08,FAIL
DBRX,2024-03-27,2025-03-17,355,0,raw_count,DBRX (Databricks OR model OR AI OR LLM),ok,2026-07-08,FAIL
DBRX,2024-03-27,2025-03-24,362,1,raw_count,DBRX (Databricks OR model OR AI OR LLM),ok,2026-07-08,FAIL
DBRX,2024-03-27,2025-03-31,369,0,raw_count,DBRX (Databricks OR model OR AI OR LLM),ok,2026-07-08,FAIL
DBRX,2024-03-27,2025-04-07,376,0,raw_count,DBRX (Databricks OR model OR AI OR LLM),ok,2026-07-08,FAIL
DBRX,2024-03-27,2025-04-14,383,0,raw_count,DBRX (Databricks OR model OR AI OR LLM),ok,2026-07-08,FAIL
DBRX,2024-03-27,2025-04-21,390,1,raw_count,DBRX (Databricks OR model OR AI OR LLM),ok,2026-07-08,FAIL
DBRX,2024-03-27,2025-04-28,397,0,raw_count,DBRX (Databricks OR model OR AI OR LLM),ok,2026-07-08,FAIL
DBRX,2024-03-27,2025-05-05,404,0,raw_count,DBRX (Databricks OR model OR AI OR LLM),ok,2026-07-08,FAIL
DBRX,2024-03-27,2025-05-12,411,0,raw_count,DBRX (Databricks OR model OR AI OR LLM),ok,2026-07-08,FAIL
DBRX,2024-03-27,2025-05-19,418,1,raw_count,DBRX (Databricks OR model OR AI OR LLM),ok,2026-07-08,FAIL
DBRX,2024-03-27,2025-05-26,425,1,raw_count,DBRX (Databricks OR model OR AI OR LLM),ok,2026-07-08,FAIL
DBRX,2024-03-27,2025-06-02,432,0,raw_count,DBRX (Databricks OR model OR AI OR LLM),ok,2026-07-08,FAIL
DBRX,2024-03-27,2025-06-09,439,0,raw_count,DBRX (Databricks OR model OR AI OR LLM),ok,2026-07-08,FAIL
DBRX,2024-03-27,2025-06-16,446,0,raw_count,DBRX (Databricks OR model OR AI OR LLM),ok,2026-07-08,FAIL
DBRX,2024-03-27,2025-06-23,453,0,raw_count,DBRX (Databricks OR model OR AI OR LLM),ok,2026-07-08,FAIL
DBRX,2024-03-27,2025-06-30,460,1,raw_count,DBRX (Databricks OR model OR AI OR LLM),ok,2026-07-08,FAIL
DBRX,2024-03-27,2025-07-07,467,0,raw_count,DBRX (Databricks OR model OR AI OR LLM),ok,2026-07-08,FAIL
DBRX,2024-03-27,2025-07-14,474,0,raw_count,DBRX (Databricks OR model OR AI OR LLM),ok,2026-07-08,FAIL
DBRX,2024-03-27,2025-07-21,481,0,raw_count,DBRX (Databricks OR model OR AI OR LLM),ok,2026-07-08,FAIL
DBRX,2024-03-27,2025-07-28,488,0,raw_count,DBRX (Databricks OR model OR AI OR LLM),ok,2026-07-08,FAIL
DBRX,2024-03-27,2025-08-04,495,0,raw_count,DBRX (Databricks OR model OR AI OR LLM),ok,2026-07-08,FAIL
DBRX,2024-03-27,2025-08-11,502,0,raw_count,DBRX (Databricks OR model OR AI OR LLM),ok,2026-07-08,FAIL
DBRX,2024-03-27,2025-08-18,509,0,raw_count,DBRX (Databricks OR model OR AI OR LLM),ok,2026-07-08,FAIL
DBRX,2024-03-27,2025-08-25,516,0,raw_count,DBRX (Databricks OR model OR AI OR LLM),ok,2026-07-08,FAIL
DBRX,2024-03-27,2025-09-01,523,0,raw_count,DBRX (Databricks OR model OR AI OR LLM),ok,2026-07-08,FAIL
DBRX,2024-03-27,2025-09-08,530,1,raw_count,DBRX (Databricks OR model OR AI OR LLM),ok,2026-07-08,FAIL
DBRX,2024-03-27,2025-09-15,537,2,raw_count,DBRX (Databricks OR model OR AI OR LLM),ok,2026-07-08,FAIL
DBRX,2024-03-27,2025-09-22,544,0,raw_count,DBRX (Databricks OR model OR AI OR LLM),ok,2026-07-08,FAIL
DBRX,2024-03-27,2025-09-29,551,0,raw_count,DBRX (Databricks OR model OR AI OR LLM),ok,2026-07-08,FAIL
DBRX,2024-03-27,2025-10-06,558,0,raw_count,DBRX (Databricks OR model OR AI OR LLM),ok,2026-07-08,FAIL
DBRX,2024-03-27,2025-10-13,565,0,raw_count,DBRX (Databricks OR model OR AI OR LLM),ok,2026-07-08,FAIL
DBRX,2024-03-27,2025-10-20,572,0,raw_count,DBRX (Databricks OR model OR AI OR LLM),ok,2026-07-08,FAIL
DBRX,2024-03-27,2025-10-27,579,0,raw_count,DBRX (Databricks OR model OR AI OR LLM),ok,2026-07-08,FAIL
DBRX,2024-03-27,2025-11-03,586,0,raw_count,DBRX (Databricks OR model OR AI OR LLM),ok,2026-07-08,FAIL
DBRX,2024-03-27,2025-11-10,593,0,raw_count,DBRX (Databricks OR model OR AI OR LLM),ok,2026-07-08,FAIL
DBRX,2024-03-27,2025-11-17,600,0,raw_count,DBRX (Databricks OR model OR AI OR LLM),ok,2026-07-08,FAIL
DBRX,2024-03-27,2025-11-24,607,0,raw_count,DBRX (Databricks OR model OR AI OR LLM),ok,2026-07-08,FAIL
DBRX,2024-03-27,2025-12-01,614,0,raw_count,DBRX (Databricks OR model OR AI OR LLM),ok,2026-07-08,FAIL
DBRX,2024-03-27,2025-12-08,621,0,raw_count,DBRX (Databricks OR model OR AI OR LLM),ok,2026-07-08,FAIL
DBRX,2024-03-27,2025-12-15,628,0,raw_count,DBRX (Databricks OR model OR AI OR LLM),ok,2026-07-08,FAIL
DBRX,2024-03-27,2025-12-22,635,0,raw_count,DBRX (Databricks OR model OR AI OR LLM),ok,2026-07-08,FAIL
DBRX,2024-03-27,2025-12-29,642,0,raw_count,DBRX (Databricks OR model OR AI OR LLM),ok,2026-07-08,FAIL
DBRX,2024-03-27,2026-01-05,649,0,raw_count,DBRX (Databricks OR model OR AI OR LLM),ok,2026-07-08,FAIL
DBRX,2024-03-27,2026-01-12,656,0,raw_count,DBRX (Databricks OR model OR AI OR LLM),ok,2026-07-08,FAIL
DBRX,2024-03-27,2026-01-19,663,0,raw_count,DBRX (Databricks OR model OR AI OR LLM),ok,2026-07-08,FAIL
DBRX,2024-03-27,2026-01-26,670,0,raw_count,DBRX (Databricks OR model OR AI OR LLM),ok,2026-07-08,FAIL
DBRX,2024-03-27,2026-02-02,677,0,raw_count,DBRX (Databricks OR model OR AI OR LLM),ok,2026-07-08,FAIL
DBRX,2024-03-27,2026-02-09,684,0,raw_count,DBRX (Databricks OR model OR AI OR LLM),ok,2026-07-08,FAIL
DBRX,2024-03-27,2026-02-16,691,0,raw_count,DBRX (Databricks OR model OR AI OR LLM),ok,2026-07-08,FAIL
DBRX,2024-03-27,2026-02-23,698,0,raw_count,DBRX (Databricks OR model OR AI OR LLM),ok,2026-07-08,FAIL
DBRX,2024-03-27,2026-03-02,705,1,raw_count,DBRX (Databricks OR model OR AI OR LLM),ok,2026-07-08,FAIL
DBRX,2024-03-27,2026-03-09,712,0,raw_count,DBRX (Databricks OR model OR AI OR LLM),ok,2026-07-08,FAIL
DBRX,2024-03-27,2026-03-16,719,0,raw_count,DBRX (Databricks OR model OR AI OR LLM),ok,2026-07-08,FAIL
DBRX,2024-03-27,2026-03-23,726,0,raw_count,DBRX (Databricks OR model OR AI OR LLM),ok,2026-07-08,FAIL
DBRX,2024-03-27,2026-03-30,733,0,raw_count,DBRX (Databricks OR model OR AI OR LLM),ok,2026-07-08,FAIL
DBRX,2024-03-27,2026-04-06,740,0,raw_count,DBRX (Databricks OR model OR AI OR LLM),ok,2026-07-08,FAIL
DBRX,2024-03-27,2026-04-13,747,0,raw_count,DBRX (Databricks OR model OR AI OR LLM),ok,2026-07-08,FAIL
DBRX,2024-03-27,2026-04-20,754,0,raw_count,DBRX (Databricks OR model OR AI OR LLM),ok,2026-07-08,FAIL
DBRX,2024-03-27,2026-04-27,761,4,raw_count,DBRX (Databricks OR model OR AI OR LLM),ok,2026-07-08,FAIL
DBRX,2024-03-27,2026-05-04,768,0,raw_count,DBRX (Databricks OR model OR AI OR LLM),ok,2026-07-08,FAIL
DBRX,2024-03-27,2026-05-11,775,0,raw_count,DBRX (Databricks OR model OR AI OR LLM),ok,2026-07-08,FAIL
DBRX,2024-03-27,2026-05-18,782,0,raw_count,DBRX (Databricks OR model OR AI OR LLM),ok,2026-07-08,FAIL
DBRX,2024-03-27,2026-05-25,789,1,raw_count,DBRX (Databricks OR model OR AI OR LLM),ok,2026-07-08,FAIL
DBRX,2024-03-27,2026-06-01,796,0,raw_count,DBRX (Databricks OR model OR AI OR LLM),ok,2026-07-08,FAIL
DBRX,2024-03-27,2026-06-08,803,0,raw_count,DBRX (Databricks OR model OR AI OR LLM),ok,2026-07-08,FAIL
DBRX,2024-03-27,2026-06-15,810,0,raw_count,DBRX (Databricks OR model OR AI OR LLM),ok,2026-07-08,FAIL
DBRX,2024-03-27,2026-06-22,817,0,raw_count,DBRX (Databricks OR model OR AI OR LLM),ok,2026-07-08,FAIL
DBRX,2024-03-27,2026-06-29,824,0,raw_count,DBRX (Databricks OR model OR AI OR LLM),ok,2026-07-08,FAIL
Command R+,2024-04-04,2024-03-04,-31,1,raw_count,"""Command R+""",ok,2026-07-08,NOT_AUDITED
Command R+,2024-04-04,2024-03-11,-24,3,raw_count,"""Command R+""",ok,2026-07-08,NOT_AUDITED
Command R+,2024-04-04,2024-03-18,-17,12,raw_count,"""Command R+""",ok,2026-07-08,NOT_AUDITED
Command R+,2024-04-04,2024-03-25,-10,17,raw_count,"""Command R+""",ok,2026-07-08,NOT_AUDITED
Command R+,2024-04-04,2024-04-01,-3,7,raw_count,"""Command R+""",ok,2026-07-08,NOT_AUDITED
Command R+,2024-04-04,2024-04-08,4,5,raw_count,"""Command R+""",ok,2026-07-08,NOT_AUDITED
Command R+,2024-04-04,2024-04-15,11,0,raw_count,"""Command R+""",ok,2026-07-08,NOT_AUDITED
Command R+,2024-04-04,2024-04-22,18,6,raw_count,"""Command R+""",ok,2026-07-08,NOT_AUDITED
Command R+,2024-04-04,2024-04-29,25,2,raw_count,"""Command R+""",ok,2026-07-08,NOT_AUDITED
Command R+,2024-04-04,2024-05-06,32,4,raw_count,"""Command R+""",ok,2026-07-08,NOT_AUDITED
Command R+,2024-04-04,2024-05-13,39,8,raw_count,"""Command R+""",ok,2026-07-08,NOT_AUDITED
Command R+,2024-04-04,2024-05-20,46,6,raw_count,"""Command R+""",ok,2026-07-08,NOT_AUDITED
Command R+,2024-04-04,2024-05-27,53,0,raw_count,"""Command R+""",ok,2026-07-08,NOT_AUDITED
Command R+,2024-04-04,2024-06-03,60,2,raw_count,"""Command R+""",ok,2026-07-08,NOT_AUDITED
Command R+,2024-04-04,2024-06-10,67,2,raw_count,"""Command R+""",ok,2026-07-08,NOT_AUDITED
Command R+,2024-04-04,2024-06-17,74,3,raw_count,"""Command R+""",ok,2026-07-08,NOT_AUDITED
Command R+,2024-04-04,2024-06-24,81,3,raw_count,"""Command R+""",ok,2026-07-08,NOT_AUDITED
Command R+,2024-04-04,2024-07-01,88,5,raw_count,"""Command R+""",ok,2026-07-08,NOT_AUDITED
Command R+,2024-04-04,2024-07-08,95,3,raw_count,"""Command R+""",ok,2026-07-08,NOT_AUDITED
Command R+,2024-04-04,2024-07-15,102,5,raw_count,"""Command R+""",ok,2026-07-08,NOT_AUDITED
Command R+,2024-04-04,2024-07-22,109,16,raw_count,"""Command R+""",ok,2026-07-08,NOT_AUDITED
Command R+,2024-04-04,2024-07-29,116,1,raw_count,"""Command R+""",ok,2026-07-08,NOT_AUDITED
Command R+,2024-04-04,2024-08-05,123,4,raw_count,"""Command R+""",ok,2026-07-08,NOT_AUDITED
Command R+,2024-04-04,2024-08-12,130,3,raw_count,"""Command R+""",ok,2026-07-08,NOT_AUDITED
Command R+,2024-04-04,2024-08-19,137,4,raw_count,"""Command R+""",ok,2026-07-08,NOT_AUDITED
Command R+,2024-04-04,2024-08-26,144,4,raw_count,"""Command R+""",ok,2026-07-08,NOT_AUDITED
Command R+,2024-04-04,2024-09-02,151,3,raw_count,"""Command R+""",ok,2026-07-08,NOT_AUDITED
Command R+,2024-04-04,2024-09-09,158,6,raw_count,"""Command R+""",ok,2026-07-08,NOT_AUDITED
Command R+,2024-04-04,2024-09-16,165,10,raw_count,"""Command R+""",ok,2026-07-08,NOT_AUDITED
Command R+,2024-04-04,2024-09-23,172,4,raw_count,"""Command R+""",ok,2026-07-08,NOT_AUDITED
Command R+,2024-04-04,2024-09-30,179,6,raw_count,"""Command R+""",ok,2026-07-08,NOT_AUDITED
Command R+,2024-04-04,2024-10-07,186,0,raw_count,"""Command R+""",ok,2026-07-08,NOT_AUDITED
Command R+,2024-04-04,2024-10-14,193,1,raw_count,"""Command R+""",ok,2026-07-08,NOT_AUDITED
Command R+,2024-04-04,2024-10-21,200,15,raw_count,"""Command R+""",ok,2026-07-08,NOT_AUDITED
Command R+,2024-04-04,2024-10-28,207,4,raw_count,"""Command R+""",ok,2026-07-08,NOT_AUDITED
Command R+,2024-04-04,2024-11-04,214,1,raw_count,"""Command R+""",ok,2026-07-08,NOT_AUDITED
Command R+,2024-04-04,2024-11-11,221,0,raw_count,"""Command R+""",ok,2026-07-08,NOT_AUDITED
Command R+,2024-04-04,2024-11-18,228,4,raw_count,"""Command R+""",ok,2026-07-08,NOT_AUDITED
Command R+,2024-04-04,2024-11-25,235,2,raw_count,"""Command R+""",ok,2026-07-08,NOT_AUDITED
Command R+,2024-04-04,2024-12-02,242,3,raw_count,"""Command R+""",ok,2026-07-08,NOT_AUDITED
Command R+,2024-04-04,2024-12-09,249,5,raw_count,"""Command R+""",ok,2026-07-08,NOT_AUDITED
Command R+,2024-04-04,2024-12-16,256,20,raw_count,"""Command R+""",ok,2026-07-08,NOT_AUDITED
Command R+,2024-04-04,2024-12-23,263,2,raw_count,"""Command R+""",ok,2026-07-08,NOT_AUDITED
Command R+,2024-04-04,2024-12-30,270,3,raw_count,"""Command R+""",ok,2026-07-08,NOT_AUDITED
Command R+,2024-04-04,2025-01-06,277,1,raw_count,"""Command R+""",ok,2026-07-08,NOT_AUDITED
Command R+,2024-04-04,2025-01-13,284,0,raw_count,"""Command R+""",ok,2026-07-08,NOT_AUDITED
Command R+,2024-04-04,2025-01-20,291,0,raw_count,"""Command R+""",ok,2026-07-08,NOT_AUDITED
Command R+,2024-04-04,2025-01-27,298,4,raw_count,"""Command R+""",ok,2026-07-08,NOT_AUDITED
Command R+,2024-04-04,2025-02-03,305,0,raw_count,"""Command R+""",ok,2026-07-08,NOT_AUDITED
Command R+,2024-04-04,2025-02-10,312,1,raw_count,"""Command R+""",ok,2026-07-08,NOT_AUDITED
Command R+,2024-04-04,2025-02-17,319,1,raw_count,"""Command R+""",ok,2026-07-08,NOT_AUDITED
Command R+,2024-04-04,2025-02-24,326,3,raw_count,"""Command R+""",ok,2026-07-08,NOT_AUDITED
Command R+,2024-04-04,2025-03-03,333,3,raw_count,"""Command R+""",ok,2026-07-08,NOT_AUDITED
Command R+,2024-04-04,2025-03-10,340,6,raw_count,"""Command R+""",ok,2026-07-08,NOT_AUDITED
Command R+,2024-04-04,2025-03-17,347,5,raw_count,"""Command R+""",ok,2026-07-08,NOT_AUDITED
Command R+,2024-04-04,2025-03-24,354,4,raw_count,"""Command R+""",ok,2026-07-08,NOT_AUDITED
Command R+,2024-04-04,2025-03-31,361,3,raw_count,"""Command R+""",ok,2026-07-08,NOT_AUDITED
Command R+,2024-04-04,2025-04-07,368,2,raw_count,"""Command R+""",ok,2026-07-08,NOT_AUDITED
Command R+,2024-04-04,2025-04-14,375,1,raw_count,"""Command R+""",ok,2026-07-08,NOT_AUDITED
Command R+,2024-04-04,2025-04-21,382,3,raw_count,"""Command R+""",ok,2026-07-08,NOT_AUDITED
Command R+,2024-04-04,2025-04-28,389,2,raw_count,"""Command R+""",ok,2026-07-08,NOT_AUDITED
Command R+,2024-04-04,2025-05-05,396,14,raw_count,"""Command R+""",ok,2026-07-08,NOT_AUDITED
Command R+,2024-04-04,2025-05-12,403,3,raw_count,"""Command R+""",ok,2026-07-08,NOT_AUDITED
Command R+,2024-04-04,2025-05-19,410,1,raw_count,"""Command R+""",ok,2026-07-08,NOT_AUDITED
Command R+,2024-04-04,2025-05-26,417,0,raw_count,"""Command R+""",ok,2026-07-08,NOT_AUDITED
Command R+,2024-04-04,2025-06-02,424,4,raw_count,"""Command R+""",ok,2026-07-08,NOT_AUDITED
Command R+,2024-04-04,2025-06-09,431,8,raw_count,"""Command R+""",ok,2026-07-08,NOT_AUDITED
Command R+,2024-04-04,2025-06-16,438,0,raw_count,"""Command R+""",ok,2026-07-08,NOT_AUDITED
Command R+,2024-04-04,2025-06-23,445,0,raw_count,"""Command R+""",ok,2026-07-08,NOT_AUDITED
Command R+,2024-04-04,2025-06-30,452,7,raw_count,"""Command R+""",ok,2026-07-08,NOT_AUDITED
Command R+,2024-04-04,2025-07-07,459,1,raw_count,"""Command R+""",ok,2026-07-08,NOT_AUDITED
Command R+,2024-04-04,2025-07-14,466,0,raw_count,"""Command R+""",ok,2026-07-08,NOT_AUDITED
Command R+,2024-04-04,2025-07-21,473,0,raw_count,"""Command R+""",ok,2026-07-08,NOT_AUDITED
Command R+,2024-04-04,2025-07-28,480,2,raw_count,"""Command R+""",ok,2026-07-08,NOT_AUDITED
Command R+,2024-04-04,2025-08-04,487,5,raw_count,"""Command R+""",ok,2026-07-08,NOT_AUDITED
Command R+,2024-04-04,2025-08-11,494,2,raw_count,"""Command R+""",ok,2026-07-08,NOT_AUDITED
Command R+,2024-04-04,2025-08-18,501,5,raw_count,"""Command R+""",ok,2026-07-08,NOT_AUDITED
Command R+,2024-04-04,2025-08-25,508,1,raw_count,"""Command R+""",ok,2026-07-08,NOT_AUDITED
Command R+,2024-04-04,2025-09-01,515,2,raw_count,"""Command R+""",ok,2026-07-08,NOT_AUDITED
Command R+,2024-04-04,2025-09-08,522,3,raw_count,"""Command R+""",ok,2026-07-08,NOT_AUDITED
Command R+,2024-04-04,2025-09-15,529,2,raw_count,"""Command R+""",ok,2026-07-08,NOT_AUDITED
Command R+,2024-04-04,2025-09-22,536,2,raw_count,"""Command R+""",ok,2026-07-08,NOT_AUDITED
Command R+,2024-04-04,2025-09-29,543,4,raw_count,"""Command R+""",ok,2026-07-08,NOT_AUDITED
Command R+,2024-04-04,2025-10-06,550,4,raw_count,"""Command R+""",ok,2026-07-08,NOT_AUDITED
Command R+,2024-04-04,2025-10-13,557,1,raw_count,"""Command R+""",ok,2026-07-08,NOT_AUDITED
Command R+,2024-04-04,2025-10-20,564,3,raw_count,"""Command R+""",ok,2026-07-08,NOT_AUDITED
Command R+,2024-04-04,2025-10-27,571,2,raw_count,"""Command R+""",ok,2026-07-08,NOT_AUDITED
Command R+,2024-04-04,2025-11-03,578,6,raw_count,"""Command R+""",ok,2026-07-08,NOT_AUDITED
Command R+,2024-04-04,2025-11-10,585,6,raw_count,"""Command R+""",ok,2026-07-08,NOT_AUDITED
Command R+,2024-04-04,2025-11-17,592,0,raw_count,"""Command R+""",ok,2026-07-08,NOT_AUDITED
Command R+,2024-04-04,2025-11-24,599,3,raw_count,"""Command R+""",ok,2026-07-08,NOT_AUDITED
Command R+,2024-04-04,2025-12-01,606,3,raw_count,"""Command R+""",ok,2026-07-08,NOT_AUDITED
Command R+,2024-04-04,2025-12-08,613,3,raw_count,"""Command R+""",ok,2026-07-08,NOT_AUDITED
Command R+,2024-04-04,2025-12-15,620,4,raw_count,"""Command R+""",ok,2026-07-08,NOT_AUDITED
Command R+,2024-04-04,2025-12-22,627,2,raw_count,"""Command R+""",ok,2026-07-08,NOT_AUDITED
Command R+,2024-04-04,2025-12-29,634,0,raw_count,"""Command R+""",ok,2026-07-08,NOT_AUDITED
Command R+,2024-04-04,2026-01-05,641,2,raw_count,"""Command R+""",ok,2026-07-08,NOT_AUDITED
Command R+,2024-04-04,2026-01-12,648,1,raw_count,"""Command R+""",ok,2026-07-08,NOT_AUDITED
Command R+,2024-04-04,2026-01-19,655,3,raw_count,"""Command R+""",ok,2026-07-08,NOT_AUDITED
Command R+,2024-04-04,2026-01-26,662,3,raw_count,"""Command R+""",ok,2026-07-08,NOT_AUDITED
Command R+,2024-04-04,2026-02-02,669,0,raw_count,"""Command R+""",ok,2026-07-08,NOT_AUDITED
Command R+,2024-04-04,2026-02-09,676,76,raw_count,"""Command R+""",ok,2026-07-08,NOT_AUDITED
Command R+,2024-04-04,2026-02-16,683,2,raw_count,"""Command R+""",ok,2026-07-08,NOT_AUDITED
Command R+,2024-04-04,2026-02-23,690,4,raw_count,"""Command R+""",ok,2026-07-08,NOT_AUDITED
Command R+,2024-04-04,2026-03-02,697,0,raw_count,"""Command R+""",ok,2026-07-08,NOT_AUDITED
Command R+,2024-04-04,2026-03-09,704,4,raw_count,"""Command R+""",ok,2026-07-08,NOT_AUDITED
Command R+,2024-04-04,2026-03-16,711,3,raw_count,"""Command R+""",ok,2026-07-08,NOT_AUDITED
Command R+,2024-04-04,2026-03-23,718,3,raw_count,"""Command R+""",ok,2026-07-08,NOT_AUDITED
Command R+,2024-04-04,2026-03-30,725,1,raw_count,"""Command R+""",ok,2026-07-08,NOT_AUDITED
Command R+,2024-04-04,2026-04-06,732,3,raw_count,"""Command R+""",ok,2026-07-08,NOT_AUDITED
Command R+,2024-04-04,2026-04-13,739,2,raw_count,"""Command R+""",ok,2026-07-08,NOT_AUDITED
Command R+,2024-04-04,2026-04-20,746,0,raw_count,"""Command R+""",ok,2026-07-08,NOT_AUDITED
Command R+,2024-04-04,2026-04-27,753,4,raw_count,"""Command R+""",ok,2026-07-08,NOT_AUDITED
Command R+,2024-04-04,2026-05-04,760,1,raw_count,"""Command R+""",ok,2026-07-08,NOT_AUDITED
Command R+,2024-04-04,2026-05-11,767,2,raw_count,"""Command R+""",ok,2026-07-08,NOT_AUDITED
Command R+,2024-04-04,2026-05-18,774,3,raw_count,"""Command R+""",ok,2026-07-08,NOT_AUDITED
Command R+,2024-04-04,2026-05-25,781,5,raw_count,"""Command R+""",ok,2026-07-08,NOT_AUDITED
Command R+,2024-04-04,2026-06-01,788,1,raw_count,"""Command R+""",ok,2026-07-08,NOT_AUDITED
Command R+,2024-04-04,2026-06-08,795,3,raw_count,"""Command R+""",ok,2026-07-08,NOT_AUDITED
Command R+,2024-04-04,2026-06-15,802,24,raw_count,"""Command R+""",ok,2026-07-08,NOT_AUDITED
Command R+,2024-04-04,2026-06-22,809,6,raw_count,"""Command R+""",ok,2026-07-08,NOT_AUDITED
Command R+,2024-04-04,2026-06-29,816,1,raw_count,"""Command R+""",ok,2026-07-08,NOT_AUDITED
Udio,2024-04-10,2024-03-11,-30,0,raw_count,"Udio (AI OR music OR song OR ""text-to-music"")",ok,2026-07-08,PASS
Udio,2024-04-10,2024-03-18,-23,0,raw_count,"Udio (AI OR music OR song OR ""text-to-music"")",ok,2026-07-08,PASS
Udio,2024-04-10,2024-03-25,-16,0,raw_count,"Udio (AI OR music OR song OR ""text-to-music"")",ok,2026-07-08,PASS
Udio,2024-04-10,2024-04-01,-9,0,raw_count,"Udio (AI OR music OR song OR ""text-to-music"")",ok,2026-07-08,PASS
Udio,2024-04-10,2024-04-08,-2,14,raw_count,"Udio (AI OR music OR song OR ""text-to-music"")",ok,2026-07-08,PASS
Udio,2024-04-10,2024-04-15,5,0,raw_count,"Udio (AI OR music OR song OR ""text-to-music"")",ok,2026-07-08,PASS
Udio,2024-04-10,2024-04-22,12,3,raw_count,"Udio (AI OR music OR song OR ""text-to-music"")",ok,2026-07-08,PASS
Udio,2024-04-10,2024-04-29,19,5,raw_count,"Udio (AI OR music OR song OR ""text-to-music"")",ok,2026-07-08,PASS
Udio,2024-04-10,2024-05-06,26,3,raw_count,"Udio (AI OR music OR song OR ""text-to-music"")",ok,2026-07-08,PASS
Udio,2024-04-10,2024-05-13,33,7,raw_count,"Udio (AI OR music OR song OR ""text-to-music"")",ok,2026-07-08,PASS
Udio,2024-04-10,2024-05-20,40,2,raw_count,"Udio (AI OR music OR song OR ""text-to-music"")",ok,2026-07-08,PASS
Udio,2024-04-10,2024-05-27,47,3,raw_count,"Udio (AI OR music OR song OR ""text-to-music"")",ok,2026-07-08,PASS
Udio,2024-04-10,2024-06-03,54,4,raw_count,"Udio (AI OR music OR song OR ""text-to-music"")",ok,2026-07-08,PASS
Udio,2024-04-10,2024-06-10,61,3,raw_count,"Udio (AI OR music OR song OR ""text-to-music"")",ok,2026-07-08,PASS
Udio,2024-04-10,2024-06-17,68,0,raw_count,"Udio (AI OR music OR song OR ""text-to-music"")",ok,2026-07-08,PASS
Udio,2024-04-10,2024-06-24,75,218,raw_count,"Udio (AI OR music OR song OR ""text-to-music"")",ok,2026-07-08,PASS
Udio,2024-04-10,2024-07-01,82,20,raw_count,"Udio (AI OR music OR song OR ""text-to-music"")",ok,2026-07-08,PASS
Udio,2024-04-10,2024-07-08,89,7,raw_count,"Udio (AI OR music OR song OR ""text-to-music"")",ok,2026-07-08,PASS
Udio,2024-04-10,2024-07-15,96,19,raw_count,"Udio (AI OR music OR song OR ""text-to-music"")",ok,2026-07-08,PASS
Udio,2024-04-10,2024-07-22,103,5,raw_count,"Udio (AI OR music OR song OR ""text-to-music"")",ok,2026-07-08,PASS
Udio,2024-04-10,2024-07-29,110,28,raw_count,"Udio (AI OR music OR song OR ""text-to-music"")",ok,2026-07-08,PASS
Udio,2024-04-10,2024-08-05,117,7,raw_count,"Udio (AI OR music OR song OR ""text-to-music"")",ok,2026-07-08,PASS
Udio,2024-04-10,2024-08-12,124,3,raw_count,"Udio (AI OR music OR song OR ""text-to-music"")",ok,2026-07-08,PASS
Udio,2024-04-10,2024-08-19,131,5,raw_count,"Udio (AI OR music OR song OR ""text-to-music"")",ok,2026-07-08,PASS
Udio,2024-04-10,2024-08-26,138,1,raw_count,"Udio (AI OR music OR song OR ""text-to-music"")",ok,2026-07-08,PASS
Udio,2024-04-10,2024-09-02,145,3,raw_count,"Udio (AI OR music OR song OR ""text-to-music"")",ok,2026-07-08,PASS
Udio,2024-04-10,2024-09-09,152,4,raw_count,"Udio (AI OR music OR song OR ""text-to-music"")",ok,2026-07-08,PASS
Udio,2024-04-10,2024-09-16,159,2,raw_count,"Udio (AI OR music OR song OR ""text-to-music"")",ok,2026-07-08,PASS
Udio,2024-04-10,2024-09-23,166,6,raw_count,"Udio (AI OR music OR song OR ""text-to-music"")",ok,2026-07-08,PASS
Udio,2024-04-10,2024-09-30,173,1,raw_count,"Udio (AI OR music OR song OR ""text-to-music"")",ok,2026-07-08,PASS
Udio,2024-04-10,2024-10-07,180,1,raw_count,"Udio (AI OR music OR song OR ""text-to-music"")",ok,2026-07-08,PASS
Udio,2024-04-10,2024-10-14,187,2,raw_count,"Udio (AI OR music OR song OR ""text-to-music"")",ok,2026-07-08,PASS
Udio,2024-04-10,2024-10-21,194,9,raw_count,"Udio (AI OR music OR song OR ""text-to-music"")",ok,2026-07-08,PASS
Udio,2024-04-10,2024-10-28,201,6,raw_count,"Udio (AI OR music OR song OR ""text-to-music"")",ok,2026-07-08,PASS
Udio,2024-04-10,2024-11-04,208,1,raw_count,"Udio (AI OR music OR song OR ""text-to-music"")",ok,2026-07-08,PASS
Udio,2024-04-10,2024-11-11,215,9,raw_count,"Udio (AI OR music OR song OR ""text-to-music"")",ok,2026-07-08,PASS
Udio,2024-04-10,2024-11-18,222,5,raw_count,"Udio (AI OR music OR song OR ""text-to-music"")",ok,2026-07-08,PASS
Udio,2024-04-10,2024-11-25,229,2,raw_count,"Udio (AI OR music OR song OR ""text-to-music"")",ok,2026-07-08,PASS
Udio,2024-04-10,2024-12-02,236,9,raw_count,"Udio (AI OR music OR song OR ""text-to-music"")",ok,2026-07-08,PASS
Udio,2024-04-10,2024-12-09,243,3,raw_count,"Udio (AI OR music OR song OR ""text-to-music"")",ok,2026-07-08,PASS
Udio,2024-04-10,2024-12-16,250,4,raw_count,"Udio (AI OR music OR song OR ""text-to-music"")",ok,2026-07-08,PASS
Udio,2024-04-10,2024-12-23,257,2,raw_count,"Udio (AI OR music OR song OR ""text-to-music"")",ok,2026-07-08,PASS
Udio,2024-04-10,2024-12-30,264,0,raw_count,"Udio (AI OR music OR song OR ""text-to-music"")",ok,2026-07-08,PASS
Udio,2024-04-10,2025-01-06,271,1,raw_count,"Udio (AI OR music OR song OR ""text-to-music"")",ok,2026-07-08,PASS
Udio,2024-04-10,2025-01-13,278,2,raw_count,"Udio (AI OR music OR song OR ""text-to-music"")",ok,2026-07-08,PASS
Udio,2024-04-10,2025-01-20,285,5,raw_count,"Udio (AI OR music OR song OR ""text-to-music"")",ok,2026-07-08,PASS
Udio,2024-04-10,2025-01-27,292,3,raw_count,"Udio (AI OR music OR song OR ""text-to-music"")",ok,2026-07-08,PASS
Udio,2024-04-10,2025-02-03,299,3,raw_count,"Udio (AI OR music OR song OR ""text-to-music"")",ok,2026-07-08,PASS
Udio,2024-04-10,2025-02-10,306,2,raw_count,"Udio (AI OR music OR song OR ""text-to-music"")",ok,2026-07-08,PASS
Udio,2024-04-10,2025-02-17,313,0,raw_count,"Udio (AI OR music OR song OR ""text-to-music"")",ok,2026-07-08,PASS
Udio,2024-04-10,2025-02-24,320,9,raw_count,"Udio (AI OR music OR song OR ""text-to-music"")",ok,2026-07-08,PASS
Udio,2024-04-10,2025-03-03,327,3,raw_count,"Udio (AI OR music OR song OR ""text-to-music"")",ok,2026-07-08,PASS
Udio,2024-04-10,2025-03-10,334,2,raw_count,"Udio (AI OR music OR song OR ""text-to-music"")",ok,2026-07-08,PASS
Udio,2024-04-10,2025-03-17,341,2,raw_count,"Udio (AI OR music OR song OR ""text-to-music"")",ok,2026-07-08,PASS
Udio,2024-04-10,2025-03-24,348,2,raw_count,"Udio (AI OR music OR song OR ""text-to-music"")",ok,2026-07-08,PASS
Udio,2024-04-10,2025-03-31,355,1,raw_count,"Udio (AI OR music OR song OR ""text-to-music"")",ok,2026-07-08,PASS
Udio,2024-04-10,2025-04-07,362,10,raw_count,"Udio (AI OR music OR song OR ""text-to-music"")",ok,2026-07-08,PASS
Udio,2024-04-10,2025-04-14,369,10,raw_count,"Udio (AI OR music OR song OR ""text-to-music"")",ok,2026-07-08,PASS
Udio,2024-04-10,2025-04-21,376,2,raw_count,"Udio (AI OR music OR song OR ""text-to-music"")",ok,2026-07-08,PASS
Udio,2024-04-10,2025-04-28,383,1,raw_count,"Udio (AI OR music OR song OR ""text-to-music"")",ok,2026-07-08,PASS
Udio,2024-04-10,2025-05-05,390,2,raw_count,"Udio (AI OR music OR song OR ""text-to-music"")",ok,2026-07-08,PASS
Udio,2024-04-10,2025-05-12,397,0,raw_count,"Udio (AI OR music OR song OR ""text-to-music"")",ok,2026-07-08,PASS
Udio,2024-04-10,2025-05-19,404,2,raw_count,"Udio (AI OR music OR song OR ""text-to-music"")",ok,2026-07-08,PASS
Udio,2024-04-10,2025-05-26,411,4,raw_count,"Udio (AI OR music OR song OR ""text-to-music"")",ok,2026-07-08,PASS
Udio,2024-04-10,2025-06-02,418,9,raw_count,"Udio (AI OR music OR song OR ""text-to-music"")",ok,2026-07-08,PASS
Udio,2024-04-10,2025-06-09,425,26,raw_count,"Udio (AI OR music OR song OR ""text-to-music"")",ok,2026-07-08,PASS
Udio,2024-04-10,2025-06-16,432,0,raw_count,"Udio (AI OR music OR song OR ""text-to-music"")",ok,2026-07-08,PASS
Udio,2024-04-10,2025-06-23,439,0,raw_count,"Udio (AI OR music OR song OR ""text-to-music"")",ok,2026-07-08,PASS
Udio,2024-04-10,2025-06-30,446,7,raw_count,"Udio (AI OR music OR song OR ""text-to-music"")",ok,2026-07-08,PASS
Udio,2024-04-10,2025-07-07,453,9,raw_count,"Udio (AI OR music OR song OR ""text-to-music"")",ok,2026-07-08,PASS
Udio,2024-04-10,2025-07-14,460,9,raw_count,"Udio (AI OR music OR song OR ""text-to-music"")",ok,2026-07-08,PASS
Udio,2024-04-10,2025-07-21,467,6,raw_count,"Udio (AI OR music OR song OR ""text-to-music"")",ok,2026-07-08,PASS
Udio,2024-04-10,2025-07-28,474,28,raw_count,"Udio (AI OR music OR song OR ""text-to-music"")",ok,2026-07-08,PASS
Udio,2024-04-10,2025-08-04,481,6,raw_count,"Udio (AI OR music OR song OR ""text-to-music"")",ok,2026-07-08,PASS
Udio,2024-04-10,2025-08-11,488,3,raw_count,"Udio (AI OR music OR song OR ""text-to-music"")",ok,2026-07-08,PASS
Udio,2024-04-10,2025-08-18,495,2,raw_count,"Udio (AI OR music OR song OR ""text-to-music"")",ok,2026-07-08,PASS
Udio,2024-04-10,2025-08-25,502,36,raw_count,"Udio (AI OR music OR song OR ""text-to-music"")",ok,2026-07-08,PASS
Udio,2024-04-10,2025-09-01,509,19,raw_count,"Udio (AI OR music OR song OR ""text-to-music"")",ok,2026-07-08,PASS
Udio,2024-04-10,2025-09-08,516,3,raw_count,"Udio (AI OR music OR song OR ""text-to-music"")",ok,2026-07-08,PASS
Udio,2024-04-10,2025-09-15,523,15,raw_count,"Udio (AI OR music OR song OR ""text-to-music"")",ok,2026-07-08,PASS
Udio,2024-04-10,2025-09-22,530,5,raw_count,"Udio (AI OR music OR song OR ""text-to-music"")",ok,2026-07-08,PASS
Udio,2024-04-10,2025-09-29,537,5,raw_count,"Udio (AI OR music OR song OR ""text-to-music"")",ok,2026-07-08,PASS
Udio,2024-04-10,2025-10-06,544,4,raw_count,"Udio (AI OR music OR song OR ""text-to-music"")",ok,2026-07-08,PASS
Udio,2024-04-10,2025-10-13,551,3,raw_count,"Udio (AI OR music OR song OR ""text-to-music"")",ok,2026-07-08,PASS
Udio,2024-04-10,2025-10-20,558,5,raw_count,"Udio (AI OR music OR song OR ""text-to-music"")",ok,2026-07-08,PASS
Udio,2024-04-10,2025-10-27,565,179,raw_count,"Udio (AI OR music OR song OR ""text-to-music"")",ok,2026-07-08,PASS
Udio,2024-04-10,2025-11-03,572,12,raw_count,"Udio (AI OR music OR song OR ""text-to-music"")",ok,2026-07-08,PASS
Udio,2024-04-10,2025-11-10,579,51,raw_count,"Udio (AI OR music OR song OR ""text-to-music"")",ok,2026-07-08,PASS
Udio,2024-04-10,2025-11-17,586,45,raw_count,"Udio (AI OR music OR song OR ""text-to-music"")",ok,2026-07-08,PASS
Udio,2024-04-10,2025-11-24,593,48,raw_count,"Udio (AI OR music OR song OR ""text-to-music"")",ok,2026-07-08,PASS
Udio,2024-04-10,2025-12-01,600,13,raw_count,"Udio (AI OR music OR song OR ""text-to-music"")",ok,2026-07-08,PASS
Udio,2024-04-10,2025-12-08,607,7,raw_count,"Udio (AI OR music OR song OR ""text-to-music"")",ok,2026-07-08,PASS
Udio,2024-04-10,2025-12-15,614,18,raw_count,"Udio (AI OR music OR song OR ""text-to-music"")",ok,2026-07-08,PASS
Udio,2024-04-10,2025-12-22,621,2,raw_count,"Udio (AI OR music OR song OR ""text-to-music"")",ok,2026-07-08,PASS
Udio,2024-04-10,2025-12-29,628,4,raw_count,"Udio (AI OR music OR song OR ""text-to-music"")",ok,2026-07-08,PASS
Udio,2024-04-10,2026-01-05,635,11,raw_count,"Udio (AI OR music OR song OR ""text-to-music"")",ok,2026-07-08,PASS
Udio,2024-04-10,2026-01-12,642,7,raw_count,"Udio (AI OR music OR song OR ""text-to-music"")",ok,2026-07-08,PASS
Udio,2024-04-10,2026-01-19,649,16,raw_count,"Udio (AI OR music OR song OR ""text-to-music"")",ok,2026-07-08,PASS
Udio,2024-04-10,2026-01-26,656,37,raw_count,"Udio (AI OR music OR song OR ""text-to-music"")",ok,2026-07-08,PASS
Udio,2024-04-10,2026-02-02,663,12,raw_count,"Udio (AI OR music OR song OR ""text-to-music"")",ok,2026-07-08,PASS
Udio,2024-04-10,2026-02-09,670,2,raw_count,"Udio (AI OR music OR song OR ""text-to-music"")",ok,2026-07-08,PASS
Udio,2024-04-10,2026-02-16,677,3,raw_count,"Udio (AI OR music OR song OR ""text-to-music"")",ok,2026-07-08,PASS
Udio,2024-04-10,2026-02-23,684,42,raw_count,"Udio (AI OR music OR song OR ""text-to-music"")",ok,2026-07-08,PASS
Udio,2024-04-10,2026-03-02,691,4,raw_count,"Udio (AI OR music OR song OR ""text-to-music"")",ok,2026-07-08,PASS
Udio,2024-04-10,2026-03-09,698,2,raw_count,"Udio (AI OR music OR song OR ""text-to-music"")",ok,2026-07-08,PASS
Udio,2024-04-10,2026-03-16,705,10,raw_count,"Udio (AI OR music OR song OR ""text-to-music"")",ok,2026-07-08,PASS
Udio,2024-04-10,2026-03-23,712,17,raw_count,"Udio (AI OR music OR song OR ""text-to-music"")",ok,2026-07-08,PASS
Udio,2024-04-10,2026-03-30,719,18,raw_count,"Udio (AI OR music OR song OR ""text-to-music"")",ok,2026-07-08,PASS
Udio,2024-04-10,2026-04-06,726,6,raw_count,"Udio (AI OR music OR song OR ""text-to-music"")",ok,2026-07-08,PASS
Udio,2024-04-10,2026-04-13,733,2,raw_count,"Udio (AI OR music OR song OR ""text-to-music"")",ok,2026-07-08,PASS
Udio,2024-04-10,2026-04-20,740,4,raw_count,"Udio (AI OR music OR song OR ""text-to-music"")",ok,2026-07-08,PASS
Udio,2024-04-10,2026-04-27,747,95,raw_count,"Udio (AI OR music OR song OR ""text-to-music"")",ok,2026-07-08,PASS
Udio,2024-04-10,2026-05-04,754,5,raw_count,"Udio (AI OR music OR song OR ""text-to-music"")",ok,2026-07-08,PASS
Udio,2024-04-10,2026-05-11,761,2,raw_count,"Udio (AI OR music OR song OR ""text-to-music"")",ok,2026-07-08,PASS
Udio,2024-04-10,2026-05-18,768,79,raw_count,"Udio (AI OR music OR song OR ""text-to-music"")",ok,2026-07-08,PASS
Udio,2024-04-10,2026-05-25,775,46,raw_count,"Udio (AI OR music OR song OR ""text-to-music"")",ok,2026-07-08,PASS
Udio,2024-04-10,2026-06-01,782,24,raw_count,"Udio (AI OR music OR song OR ""text-to-music"")",ok,2026-07-08,PASS
Udio,2024-04-10,2026-06-08,789,7,raw_count,"Udio (AI OR music OR song OR ""text-to-music"")",ok,2026-07-08,PASS
Udio,2024-04-10,2026-06-15,796,5,raw_count,"Udio (AI OR music OR song OR ""text-to-music"")",ok,2026-07-08,PASS
Udio,2024-04-10,2026-06-22,803,27,raw_count,"Udio (AI OR music OR song OR ""text-to-music"")",ok,2026-07-08,PASS
Udio,2024-04-10,2026-06-29,810,2,raw_count,"Udio (AI OR music OR song OR ""text-to-music"")",ok,2026-07-08,PASS
Llama 3,2024-04-18,2024-03-18,-31,0,raw_count,"""Llama 3""",ok,2026-07-08,NOT_AUDITED
Llama 3,2024-04-18,2024-03-25,-24,2,raw_count,"""Llama 3""",ok,2026-07-08,NOT_AUDITED
Llama 3,2024-04-18,2024-04-01,-17,4,raw_count,"""Llama 3""",ok,2026-07-08,NOT_AUDITED
Llama 3,2024-04-18,2024-04-08,-10,42,raw_count,"""Llama 3""",ok,2026-07-08,NOT_AUDITED
Llama 3,2024-04-18,2024-04-15,-3,145,raw_count,"""Llama 3""",ok,2026-07-08,NOT_AUDITED
Llama 3,2024-04-18,2024-04-22,4,124,raw_count,"""Llama 3""",ok,2026-07-08,NOT_AUDITED
Llama 3,2024-04-18,2024-04-29,11,26,raw_count,"""Llama 3""",ok,2026-07-08,NOT_AUDITED
Llama 3,2024-04-18,2024-05-06,18,37,raw_count,"""Llama 3""",ok,2026-07-08,NOT_AUDITED
Llama 3,2024-04-18,2024-05-13,25,22,raw_count,"""Llama 3""",ok,2026-07-08,NOT_AUDITED
Llama 3,2024-04-18,2024-05-20,32,46,raw_count,"""Llama 3""",ok,2026-07-08,NOT_AUDITED
Llama 3,2024-04-18,2024-05-27,39,29,raw_count,"""Llama 3""",ok,2026-07-08,NOT_AUDITED
Llama 3,2024-04-18,2024-06-03,46,78,raw_count,"""Llama 3""",ok,2026-07-08,NOT_AUDITED
Llama 3,2024-04-18,2024-06-10,53,45,raw_count,"""Llama 3""",ok,2026-07-08,NOT_AUDITED
Llama 3,2024-04-18,2024-06-17,60,36,raw_count,"""Llama 3""",ok,2026-07-08,NOT_AUDITED
Llama 3,2024-04-18,2024-06-24,67,64,raw_count,"""Llama 3""",ok,2026-07-08,NOT_AUDITED
Llama 3,2024-04-18,2024-07-01,74,20,raw_count,"""Llama 3""",ok,2026-07-08,NOT_AUDITED
Llama 3,2024-04-18,2024-07-08,81,17,raw_count,"""Llama 3""",ok,2026-07-08,NOT_AUDITED
Llama 3,2024-04-18,2024-07-15,88,25,raw_count,"""Llama 3""",ok,2026-07-08,NOT_AUDITED
Llama 3,2024-04-18,2024-07-22,95,133,raw_count,"""Llama 3""",ok,2026-07-08,NOT_AUDITED
Llama 3,2024-04-18,2024-07-29,102,136,raw_count,"""Llama 3""",ok,2026-07-08,NOT_AUDITED
Llama 3,2024-04-18,2024-08-05,109,37,raw_count,"""Llama 3""",ok,2026-07-08,NOT_AUDITED
Llama 3,2024-04-18,2024-08-12,116,31,raw_count,"""Llama 3""",ok,2026-07-08,NOT_AUDITED
Llama 3,2024-04-18,2024-08-19,123,27,raw_count,"""Llama 3""",ok,2026-07-08,NOT_AUDITED
Llama 3,2024-04-18,2024-08-26,130,56,raw_count,"""Llama 3""",ok,2026-07-08,NOT_AUDITED
Llama 3,2024-04-18,2024-09-02,137,22,raw_count,"""Llama 3""",ok,2026-07-08,NOT_AUDITED
Llama 3,2024-04-18,2024-09-09,144,31,raw_count,"""Llama 3""",ok,2026-07-08,NOT_AUDITED
Llama 3,2024-04-18,2024-09-16,151,22,raw_count,"""Llama 3""",ok,2026-07-08,NOT_AUDITED
Llama 3,2024-04-18,2024-09-23,158,149,raw_count,"""Llama 3""",ok,2026-07-08,NOT_AUDITED
Llama 3,2024-04-18,2024-09-30,165,23,raw_count,"""Llama 3""",ok,2026-07-08,NOT_AUDITED
Llama 3,2024-04-18,2024-10-07,172,42,raw_count,"""Llama 3""",ok,2026-07-08,NOT_AUDITED
Llama 3,2024-04-18,2024-10-14,179,30,raw_count,"""Llama 3""",ok,2026-07-08,NOT_AUDITED
Llama 3,2024-04-18,2024-10-21,186,32,raw_count,"""Llama 3""",ok,2026-07-08,NOT_AUDITED
Llama 3,2024-04-18,2024-10-28,193,61,raw_count,"""Llama 3""",ok,2026-07-08,NOT_AUDITED
Llama 3,2024-04-18,2024-11-04,200,25,raw_count,"""Llama 3""",ok,2026-07-08,NOT_AUDITED
Llama 3,2024-04-18,2024-11-11,207,17,raw_count,"""Llama 3""",ok,2026-07-08,NOT_AUDITED
Llama 3,2024-04-18,2024-11-18,214,20,raw_count,"""Llama 3""",ok,2026-07-08,NOT_AUDITED
Llama 3,2024-04-18,2024-11-25,221,25,raw_count,"""Llama 3""",ok,2026-07-08,NOT_AUDITED
Llama 3,2024-04-18,2024-12-02,228,28,raw_count,"""Llama 3""",ok,2026-07-08,NOT_AUDITED
Llama 3,2024-04-18,2024-12-09,235,17,raw_count,"""Llama 3""",ok,2026-07-08,NOT_AUDITED
Llama 3,2024-04-18,2024-12-16,242,11,raw_count,"""Llama 3""",ok,2026-07-08,NOT_AUDITED
Llama 3,2024-04-18,2024-12-23,249,16,raw_count,"""Llama 3""",ok,2026-07-08,NOT_AUDITED
Llama 3,2024-04-18,2024-12-30,256,20,raw_count,"""Llama 3""",ok,2026-07-08,NOT_AUDITED
Llama 3,2024-04-18,2025-01-06,263,39,raw_count,"""Llama 3""",ok,2026-07-08,NOT_AUDITED
Llama 3,2024-04-18,2025-01-13,270,17,raw_count,"""Llama 3""",ok,2026-07-08,NOT_AUDITED
Llama 3,2024-04-18,2025-01-20,277,31,raw_count,"""Llama 3""",ok,2026-07-08,NOT_AUDITED
Llama 3,2024-04-18,2025-01-27,284,97,raw_count,"""Llama 3""",ok,2026-07-08,NOT_AUDITED
Llama 3,2024-04-18,2025-02-03,291,25,raw_count,"""Llama 3""",ok,2026-07-08,NOT_AUDITED
Llama 3,2024-04-18,2025-02-10,298,16,raw_count,"""Llama 3""",ok,2026-07-08,NOT_AUDITED
Llama 3,2024-04-18,2025-02-17,305,14,raw_count,"""Llama 3""",ok,2026-07-08,NOT_AUDITED
Llama 3,2024-04-18,2025-02-24,312,21,raw_count,"""Llama 3""",ok,2026-07-08,NOT_AUDITED
Llama 3,2024-04-18,2025-03-03,319,21,raw_count,"""Llama 3""",ok,2026-07-08,NOT_AUDITED
Llama 3,2024-04-18,2025-03-10,326,34,raw_count,"""Llama 3""",ok,2026-07-08,NOT_AUDITED
Llama 3,2024-04-18,2025-03-17,333,29,raw_count,"""Llama 3""",ok,2026-07-08,NOT_AUDITED
Llama 3,2024-04-18,2025-03-24,340,24,raw_count,"""Llama 3""",ok,2026-07-08,NOT_AUDITED
Llama 3,2024-04-18,2025-03-31,347,37,raw_count,"""Llama 3""",ok,2026-07-08,NOT_AUDITED
Llama 3,2024-04-18,2025-04-07,354,22,raw_count,"""Llama 3""",ok,2026-07-08,NOT_AUDITED
Llama 3,2024-04-18,2025-04-14,361,48,raw_count,"""Llama 3""",ok,2026-07-08,NOT_AUDITED
Llama 3,2024-04-18,2025-04-21,368,9,raw_count,"""Llama 3""",ok,2026-07-08,NOT_AUDITED
Llama 3,2024-04-18,2025-04-28,375,22,raw_count,"""Llama 3""",ok,2026-07-08,NOT_AUDITED
Llama 3,2024-04-18,2025-05-05,382,16,raw_count,"""Llama 3""",ok,2026-07-08,NOT_AUDITED
Llama 3,2024-04-18,2025-05-12,389,13,raw_count,"""Llama 3""",ok,2026-07-08,NOT_AUDITED
Llama 3,2024-04-18,2025-05-19,396,17,raw_count,"""Llama 3""",ok,2026-07-08,NOT_AUDITED
Llama 3,2024-04-18,2025-05-26,403,6,raw_count,"""Llama 3""",ok,2026-07-08,NOT_AUDITED
Llama 3,2024-04-18,2025-06-02,410,16,raw_count,"""Llama 3""",ok,2026-07-08,NOT_AUDITED
Llama 3,2024-04-18,2025-06-09,417,18,raw_count,"""Llama 3""",ok,2026-07-08,NOT_AUDITED
Llama 3,2024-04-18,2025-06-16,424,0,raw_count,"""Llama 3""",ok,2026-07-08,NOT_AUDITED
Llama 3,2024-04-18,2025-06-23,431,0,raw_count,"""Llama 3""",ok,2026-07-08,NOT_AUDITED
Llama 3,2024-04-18,2025-06-30,438,18,raw_count,"""Llama 3""",ok,2026-07-08,NOT_AUDITED
Llama 3,2024-04-18,2025-07-07,445,15,raw_count,"""Llama 3""",ok,2026-07-08,NOT_AUDITED
Llama 3,2024-04-18,2025-07-14,452,13,raw_count,"""Llama 3""",ok,2026-07-08,NOT_AUDITED
Llama 3,2024-04-18,2025-07-21,459,3,raw_count,"""Llama 3""",ok,2026-07-08,NOT_AUDITED
Llama 3,2024-04-18,2025-07-28,466,12,raw_count,"""Llama 3""",ok,2026-07-08,NOT_AUDITED
Llama 3,2024-04-18,2025-08-04,473,13,raw_count,"""Llama 3""",ok,2026-07-08,NOT_AUDITED
Llama 3,2024-04-18,2025-08-11,480,14,raw_count,"""Llama 3""",ok,2026-07-08,NOT_AUDITED
Llama 3,2024-04-18,2025-08-18,487,14,raw_count,"""Llama 3""",ok,2026-07-08,NOT_AUDITED
Llama 3,2024-04-18,2025-08-25,494,7,raw_count,"""Llama 3""",ok,2026-07-08,NOT_AUDITED
Llama 3,2024-04-18,2025-09-01,501,14,raw_count,"""Llama 3""",ok,2026-07-08,NOT_AUDITED
Llama 3,2024-04-18,2025-09-08,508,9,raw_count,"""Llama 3""",ok,2026-07-08,NOT_AUDITED
Llama 3,2024-04-18,2025-09-15,515,16,raw_count,"""Llama 3""",ok,2026-07-08,NOT_AUDITED
Llama 3,2024-04-18,2025-09-22,522,11,raw_count,"""Llama 3""",ok,2026-07-08,NOT_AUDITED
Llama 3,2024-04-18,2025-09-29,529,4,raw_count,"""Llama 3""",ok,2026-07-08,NOT_AUDITED
Llama 3,2024-04-18,2025-10-06,536,40,raw_count,"""Llama 3""",ok,2026-07-08,NOT_AUDITED
Llama 3,2024-04-18,2025-10-13,543,18,raw_count,"""Llama 3""",ok,2026-07-08,NOT_AUDITED
Llama 3,2024-04-18,2025-10-20,550,14,raw_count,"""Llama 3""",ok,2026-07-08,NOT_AUDITED
Llama 3,2024-04-18,2025-10-27,557,8,raw_count,"""Llama 3""",ok,2026-07-08,NOT_AUDITED
Llama 3,2024-04-18,2025-11-03,564,5,raw_count,"""Llama 3""",ok,2026-07-08,NOT_AUDITED
Llama 3,2024-04-18,2025-11-10,571,12,raw_count,"""Llama 3""",ok,2026-07-08,NOT_AUDITED
Llama 3,2024-04-18,2025-11-17,578,5,raw_count,"""Llama 3""",ok,2026-07-08,NOT_AUDITED
Llama 3,2024-04-18,2025-11-24,585,6,raw_count,"""Llama 3""",ok,2026-07-08,NOT_AUDITED
Llama 3,2024-04-18,2025-12-01,592,1,raw_count,"""Llama 3""",ok,2026-07-08,NOT_AUDITED
Llama 3,2024-04-18,2025-12-08,599,16,raw_count,"""Llama 3""",ok,2026-07-08,NOT_AUDITED
Llama 3,2024-04-18,2025-12-15,606,11,raw_count,"""Llama 3""",ok,2026-07-08,NOT_AUDITED
Llama 3,2024-04-18,2025-12-22,613,5,raw_count,"""Llama 3""",ok,2026-07-08,NOT_AUDITED
Llama 3,2024-04-18,2025-12-29,620,5,raw_count,"""Llama 3""",ok,2026-07-08,NOT_AUDITED
Llama 3,2024-04-18,2026-01-05,627,12,raw_count,"""Llama 3""",ok,2026-07-08,NOT_AUDITED
Llama 3,2024-04-18,2026-01-12,634,5,raw_count,"""Llama 3""",ok,2026-07-08,NOT_AUDITED
Llama 3,2024-04-18,2026-01-19,641,6,raw_count,"""Llama 3""",ok,2026-07-08,NOT_AUDITED
Llama 3,2024-04-18,2026-01-26,648,4,raw_count,"""Llama 3""",ok,2026-07-08,NOT_AUDITED
Llama 3,2024-04-18,2026-02-02,655,1,raw_count,"""Llama 3""",ok,2026-07-08,NOT_AUDITED
Llama 3,2024-04-18,2026-02-09,662,78,raw_count,"""Llama 3""",ok,2026-07-08,NOT_AUDITED
Llama 3,2024-04-18,2026-02-16,669,5,raw_count,"""Llama 3""",ok,2026-07-08,NOT_AUDITED
Llama 3,2024-04-18,2026-02-23,676,3,raw_count,"""Llama 3""",ok,2026-07-08,NOT_AUDITED
Llama 3,2024-04-18,2026-03-02,683,8,raw_count,"""Llama 3""",ok,2026-07-08,NOT_AUDITED
Llama 3,2024-04-18,2026-03-09,690,13,raw_count,"""Llama 3""",ok,2026-07-08,NOT_AUDITED
Llama 3,2024-04-18,2026-03-16,697,6,raw_count,"""Llama 3""",ok,2026-07-08,NOT_AUDITED
Llama 3,2024-04-18,2026-03-23,704,8,raw_count,"""Llama 3""",ok,2026-07-08,NOT_AUDITED
Llama 3,2024-04-18,2026-03-30,711,6,raw_count,"""Llama 3""",ok,2026-07-08,NOT_AUDITED
Llama 3,2024-04-18,2026-04-06,718,7,raw_count,"""Llama 3""",ok,2026-07-08,NOT_AUDITED
Llama 3,2024-04-18,2026-04-13,725,3,raw_count,"""Llama 3""",ok,2026-07-08,NOT_AUDITED
Llama 3,2024-04-18,2026-04-20,732,6,raw_count,"""Llama 3""",ok,2026-07-08,NOT_AUDITED
Llama 3,2024-04-18,2026-04-27,739,6,raw_count,"""Llama 3""",ok,2026-07-08,NOT_AUDITED
Llama 3,2024-04-18,2026-05-04,746,2,raw_count,"""Llama 3""",ok,2026-07-08,NOT_AUDITED
Llama 3,2024-04-18,2026-05-11,753,7,raw_count,"""Llama 3""",ok,2026-07-08,NOT_AUDITED
Llama 3,2024-04-18,2026-05-18,760,8,raw_count,"""Llama 3""",ok,2026-07-08,NOT_AUDITED
Llama 3,2024-04-18,2026-05-25,767,5,raw_count,"""Llama 3""",ok,2026-07-08,NOT_AUDITED
Llama 3,2024-04-18,2026-06-01,774,5,raw_count,"""Llama 3""",ok,2026-07-08,NOT_AUDITED
Llama 3,2024-04-18,2026-06-08,781,6,raw_count,"""Llama 3""",ok,2026-07-08,NOT_AUDITED
Llama 3,2024-04-18,2026-06-15,788,8,raw_count,"""Llama 3""",ok,2026-07-08,NOT_AUDITED
Llama 3,2024-04-18,2026-06-22,795,2,raw_count,"""Llama 3""",ok,2026-07-08,NOT_AUDITED
Llama 3,2024-04-18,2026-06-29,802,1,raw_count,"""Llama 3""",ok,2026-07-08,NOT_AUDITED
Dream Machine,2024-06-12,2024-05-13,-30,1,raw_count,"""Dream Machine"" (Luma OR video OR AI)",ok,2026-07-08,FAIL
Dream Machine,2024-06-12,2024-05-20,-23,2,raw_count,"""Dream Machine"" (Luma OR video OR AI)",ok,2026-07-08,FAIL
Dream Machine,2024-06-12,2024-05-27,-16,6,raw_count,"""Dream Machine"" (Luma OR video OR AI)",ok,2026-07-08,FAIL
Dream Machine,2024-06-12,2024-06-03,-9,3,raw_count,"""Dream Machine"" (Luma OR video OR AI)",ok,2026-07-08,FAIL
Dream Machine,2024-06-12,2024-06-10,-2,6,raw_count,"""Dream Machine"" (Luma OR video OR AI)",ok,2026-07-08,FAIL
Dream Machine,2024-06-12,2024-06-17,5,12,raw_count,"""Dream Machine"" (Luma OR video OR AI)",ok,2026-07-08,FAIL
Dream Machine,2024-06-12,2024-06-24,12,5,raw_count,"""Dream Machine"" (Luma OR video OR AI)",ok,2026-07-08,FAIL
Dream Machine,2024-06-12,2024-07-01,19,8,raw_count,"""Dream Machine"" (Luma OR video OR AI)",ok,2026-07-08,FAIL
Dream Machine,2024-06-12,2024-07-08,26,8,raw_count,"""Dream Machine"" (Luma OR video OR AI)",ok,2026-07-08,FAIL
Dream Machine,2024-06-12,2024-07-15,33,2,raw_count,"""Dream Machine"" (Luma OR video OR AI)",ok,2026-07-08,FAIL
Dream Machine,2024-06-12,2024-07-22,40,4,raw_count,"""Dream Machine"" (Luma OR video OR AI)",ok,2026-07-08,FAIL
Dream Machine,2024-06-12,2024-07-29,47,2,raw_count,"""Dream Machine"" (Luma OR video OR AI)",ok,2026-07-08,FAIL
Dream Machine,2024-06-12,2024-08-05,54,0,raw_count,"""Dream Machine"" (Luma OR video OR AI)",ok,2026-07-08,FAIL
Dream Machine,2024-06-12,2024-08-12,61,153,raw_count,"""Dream Machine"" (Luma OR video OR AI)",ok,2026-07-08,FAIL
Dream Machine,2024-06-12,2024-08-19,68,15,raw_count,"""Dream Machine"" (Luma OR video OR AI)",ok,2026-07-08,FAIL
Dream Machine,2024-06-12,2024-08-26,75,2,raw_count,"""Dream Machine"" (Luma OR video OR AI)",ok,2026-07-08,FAIL
Dream Machine,2024-06-12,2024-09-02,82,3,raw_count,"""Dream Machine"" (Luma OR video OR AI)",ok,2026-07-08,FAIL
Dream Machine,2024-06-12,2024-09-09,89,3,raw_count,"""Dream Machine"" (Luma OR video OR AI)",ok,2026-07-08,FAIL
Dream Machine,2024-06-12,2024-09-16,96,3,raw_count,"""Dream Machine"" (Luma OR video OR AI)",ok,2026-07-08,FAIL
Dream Machine,2024-06-12,2024-09-23,103,0,raw_count,"""Dream Machine"" (Luma OR video OR AI)",ok,2026-07-08,FAIL
Dream Machine,2024-06-12,2024-09-30,110,2,raw_count,"""Dream Machine"" (Luma OR video OR AI)",ok,2026-07-08,FAIL
Dream Machine,2024-06-12,2024-10-07,117,1,raw_count,"""Dream Machine"" (Luma OR video OR AI)",ok,2026-07-08,FAIL
Dream Machine,2024-06-12,2024-10-14,124,4,raw_count,"""Dream Machine"" (Luma OR video OR AI)",ok,2026-07-08,FAIL
Dream Machine,2024-06-12,2024-10-21,131,5,raw_count,"""Dream Machine"" (Luma OR video OR AI)",ok,2026-07-08,FAIL
Dream Machine,2024-06-12,2024-10-28,138,1,raw_count,"""Dream Machine"" (Luma OR video OR AI)",ok,2026-07-08,FAIL
Dream Machine,2024-06-12,2024-11-04,145,1,raw_count,"""Dream Machine"" (Luma OR video OR AI)",ok,2026-07-08,FAIL
Dream Machine,2024-06-12,2024-11-11,152,2,raw_count,"""Dream Machine"" (Luma OR video OR AI)",ok,2026-07-08,FAIL
Dream Machine,2024-06-12,2024-11-18,159,5,raw_count,"""Dream Machine"" (Luma OR video OR AI)",ok,2026-07-08,FAIL
Dream Machine,2024-06-12,2024-11-25,166,19,raw_count,"""Dream Machine"" (Luma OR video OR AI)",ok,2026-07-08,FAIL
Dream Machine,2024-06-12,2024-12-02,173,4,raw_count,"""Dream Machine"" (Luma OR video OR AI)",ok,2026-07-08,FAIL
Dream Machine,2024-06-12,2024-12-09,180,26,raw_count,"""Dream Machine"" (Luma OR video OR AI)",ok,2026-07-08,FAIL
Dream Machine,2024-06-12,2024-12-16,187,1,raw_count,"""Dream Machine"" (Luma OR video OR AI)",ok,2026-07-08,FAIL
Dream Machine,2024-06-12,2024-12-23,194,1,raw_count,"""Dream Machine"" (Luma OR video OR AI)",ok,2026-07-08,FAIL
Dream Machine,2024-06-12,2024-12-30,201,1,raw_count,"""Dream Machine"" (Luma OR video OR AI)",ok,2026-07-08,FAIL
Dream Machine,2024-06-12,2025-01-06,208,3,raw_count,"""Dream Machine"" (Luma OR video OR AI)",ok,2026-07-08,FAIL
Dream Machine,2024-06-12,2025-01-13,215,0,raw_count,"""Dream Machine"" (Luma OR video OR AI)",ok,2026-07-08,FAIL
Dream Machine,2024-06-12,2025-01-20,222,2,raw_count,"""Dream Machine"" (Luma OR video OR AI)",ok,2026-07-08,FAIL
Dream Machine,2024-06-12,2025-01-27,229,1,raw_count,"""Dream Machine"" (Luma OR video OR AI)",ok,2026-07-08,FAIL
Dream Machine,2024-06-12,2025-02-03,236,0,raw_count,"""Dream Machine"" (Luma OR video OR AI)",ok,2026-07-08,FAIL
Dream Machine,2024-06-12,2025-02-10,243,0,raw_count,"""Dream Machine"" (Luma OR video OR AI)",ok,2026-07-08,FAIL
Dream Machine,2024-06-12,2025-02-17,250,1,raw_count,"""Dream Machine"" (Luma OR video OR AI)",ok,2026-07-08,FAIL
Dream Machine,2024-06-12,2025-02-24,257,4,raw_count,"""Dream Machine"" (Luma OR video OR AI)",ok,2026-07-08,FAIL
Dream Machine,2024-06-12,2025-03-03,264,1,raw_count,"""Dream Machine"" (Luma OR video OR AI)",ok,2026-07-08,FAIL
Dream Machine,2024-06-12,2025-03-10,271,1,raw_count,"""Dream Machine"" (Luma OR video OR AI)",ok,2026-07-08,FAIL
Dream Machine,2024-06-12,2025-03-17,278,0,raw_count,"""Dream Machine"" (Luma OR video OR AI)",ok,2026-07-08,FAIL
Dream Machine,2024-06-12,2025-03-24,285,1,raw_count,"""Dream Machine"" (Luma OR video OR AI)",ok,2026-07-08,FAIL
Dream Machine,2024-06-12,2025-03-31,292,2,raw_count,"""Dream Machine"" (Luma OR video OR AI)",ok,2026-07-08,FAIL
Dream Machine,2024-06-12,2025-04-07,299,1,raw_count,"""Dream Machine"" (Luma OR video OR AI)",ok,2026-07-08,FAIL
Dream Machine,2024-06-12,2025-04-14,306,0,raw_count,"""Dream Machine"" (Luma OR video OR AI)",ok,2026-07-08,FAIL
Dream Machine,2024-06-12,2025-04-21,313,5,raw_count,"""Dream Machine"" (Luma OR video OR AI)",ok,2026-07-08,FAIL
Dream Machine,2024-06-12,2025-04-28,320,1,raw_count,"""Dream Machine"" (Luma OR video OR AI)",ok,2026-07-08,FAIL
Dream Machine,2024-06-12,2025-05-05,327,0,raw_count,"""Dream Machine"" (Luma OR video OR AI)",ok,2026-07-08,FAIL
Dream Machine,2024-06-12,2025-05-12,334,4,raw_count,"""Dream Machine"" (Luma OR video OR AI)",ok,2026-07-08,FAIL
Dream Machine,2024-06-12,2025-05-19,341,1,raw_count,"""Dream Machine"" (Luma OR video OR AI)",ok,2026-07-08,FAIL
Dream Machine,2024-06-12,2025-05-26,348,6,raw_count,"""Dream Machine"" (Luma OR video OR AI)",ok,2026-07-08,FAIL
Dream Machine,2024-06-12,2025-06-02,355,2,raw_count,"""Dream Machine"" (Luma OR video OR AI)",ok,2026-07-08,FAIL
Dream Machine,2024-06-12,2025-06-09,362,5,raw_count,"""Dream Machine"" (Luma OR video OR AI)",ok,2026-07-08,FAIL
Dream Machine,2024-06-12,2025-06-16,369,0,raw_count,"""Dream Machine"" (Luma OR video OR AI)",ok,2026-07-08,FAIL
Dream Machine,2024-06-12,2025-06-23,376,0,raw_count,"""Dream Machine"" (Luma OR video OR AI)",ok,2026-07-08,FAIL
Dream Machine,2024-06-12,2025-06-30,383,1,raw_count,"""Dream Machine"" (Luma OR video OR AI)",ok,2026-07-08,FAIL
Dream Machine,2024-06-12,2025-07-07,390,7,raw_count,"""Dream Machine"" (Luma OR video OR AI)",ok,2026-07-08,FAIL
Dream Machine,2024-06-12,2025-07-14,397,6,raw_count,"""Dream Machine"" (Luma OR video OR AI)",ok,2026-07-08,FAIL
Dream Machine,2024-06-12,2025-07-21,404,0,raw_count,"""Dream Machine"" (Luma OR video OR AI)",ok,2026-07-08,FAIL
Dream Machine,2024-06-12,2025-07-28,411,2,raw_count,"""Dream Machine"" (Luma OR video OR AI)",ok,2026-07-08,FAIL
Dream Machine,2024-06-12,2025-08-04,418,1,raw_count,"""Dream Machine"" (Luma OR video OR AI)",ok,2026-07-08,FAIL
Dream Machine,2024-06-12,2025-08-11,425,2,raw_count,"""Dream Machine"" (Luma OR video OR AI)",ok,2026-07-08,FAIL
Dream Machine,2024-06-12,2025-08-18,432,0,raw_count,"""Dream Machine"" (Luma OR video OR AI)",ok,2026-07-08,FAIL
Dream Machine,2024-06-12,2025-08-25,439,0,raw_count,"""Dream Machine"" (Luma OR video OR AI)",ok,2026-07-08,FAIL
Dream Machine,2024-06-12,2025-09-01,446,1,raw_count,"""Dream Machine"" (Luma OR video OR AI)",ok,2026-07-08,FAIL
Dream Machine,2024-06-12,2025-09-08,453,4,raw_count,"""Dream Machine"" (Luma OR video OR AI)",ok,2026-07-08,FAIL
Dream Machine,2024-06-12,2025-09-15,460,1,raw_count,"""Dream Machine"" (Luma OR video OR AI)",ok,2026-07-08,FAIL
Dream Machine,2024-06-12,2025-09-22,467,2,raw_count,"""Dream Machine"" (Luma OR video OR AI)",ok,2026-07-08,FAIL
Dream Machine,2024-06-12,2025-09-29,474,4,raw_count,"""Dream Machine"" (Luma OR video OR AI)",ok,2026-07-08,FAIL
Dream Machine,2024-06-12,2025-10-06,481,1,raw_count,"""Dream Machine"" (Luma OR video OR AI)",ok,2026-07-08,FAIL
Dream Machine,2024-06-12,2025-10-13,488,1,raw_count,"""Dream Machine"" (Luma OR video OR AI)",ok,2026-07-08,FAIL
Dream Machine,2024-06-12,2025-10-20,495,3,raw_count,"""Dream Machine"" (Luma OR video OR AI)",ok,2026-07-08,FAIL
Dream Machine,2024-06-12,2025-10-27,502,5,raw_count,"""Dream Machine"" (Luma OR video OR AI)",ok,2026-07-08,FAIL
Dream Machine,2024-06-12,2025-11-03,509,1,raw_count,"""Dream Machine"" (Luma OR video OR AI)",ok,2026-07-08,FAIL
Dream Machine,2024-06-12,2025-11-10,516,0,raw_count,"""Dream Machine"" (Luma OR video OR AI)",ok,2026-07-08,FAIL
Dream Machine,2024-06-12,2025-11-17,523,7,raw_count,"""Dream Machine"" (Luma OR video OR AI)",ok,2026-07-08,FAIL
Dream Machine,2024-06-12,2025-11-24,530,4,raw_count,"""Dream Machine"" (Luma OR video OR AI)",ok,2026-07-08,FAIL
Dream Machine,2024-06-12,2025-12-01,537,3,raw_count,"""Dream Machine"" (Luma OR video OR AI)",ok,2026-07-08,FAIL
Dream Machine,2024-06-12,2025-12-08,544,2,raw_count,"""Dream Machine"" (Luma OR video OR AI)",ok,2026-07-08,FAIL
Dream Machine,2024-06-12,2025-12-15,551,3,raw_count,"""Dream Machine"" (Luma OR video OR AI)",ok,2026-07-08,FAIL
Dream Machine,2024-06-12,2025-12-22,558,1,raw_count,"""Dream Machine"" (Luma OR video OR AI)",ok,2026-07-08,FAIL
Dream Machine,2024-06-12,2025-12-29,565,1,raw_count,"""Dream Machine"" (Luma OR video OR AI)",ok,2026-07-08,FAIL
Dream Machine,2024-06-12,2026-01-05,572,2,raw_count,"""Dream Machine"" (Luma OR video OR AI)",ok,2026-07-08,FAIL
Dream Machine,2024-06-12,2026-01-12,579,0,raw_count,"""Dream Machine"" (Luma OR video OR AI)",ok,2026-07-08,FAIL
Dream Machine,2024-06-12,2026-01-19,586,2,raw_count,"""Dream Machine"" (Luma OR video OR AI)",ok,2026-07-08,FAIL
Dream Machine,2024-06-12,2026-01-26,593,2,raw_count,"""Dream Machine"" (Luma OR video OR AI)",ok,2026-07-08,FAIL
Dream Machine,2024-06-12,2026-02-02,600,2,raw_count,"""Dream Machine"" (Luma OR video OR AI)",ok,2026-07-08,FAIL
Dream Machine,2024-06-12,2026-02-09,607,0,raw_count,"""Dream Machine"" (Luma OR video OR AI)",ok,2026-07-08,FAIL
Dream Machine,2024-06-12,2026-02-16,614,3,raw_count,"""Dream Machine"" (Luma OR video OR AI)",ok,2026-07-08,FAIL
Dream Machine,2024-06-12,2026-02-23,621,0,raw_count,"""Dream Machine"" (Luma OR video OR AI)",ok,2026-07-08,FAIL
Dream Machine,2024-06-12,2026-03-02,628,9,raw_count,"""Dream Machine"" (Luma OR video OR AI)",ok,2026-07-08,FAIL
Dream Machine,2024-06-12,2026-03-09,635,1,raw_count,"""Dream Machine"" (Luma OR video OR AI)",ok,2026-07-08,FAIL
Dream Machine,2024-06-12,2026-03-16,642,1,raw_count,"""Dream Machine"" (Luma OR video OR AI)",ok,2026-07-08,FAIL
Dream Machine,2024-06-12,2026-03-23,649,1,raw_count,"""Dream Machine"" (Luma OR video OR AI)",ok,2026-07-08,FAIL
Dream Machine,2024-06-12,2026-03-30,656,2,raw_count,"""Dream Machine"" (Luma OR video OR AI)",ok,2026-07-08,FAIL
Dream Machine,2024-06-12,2026-04-06,663,2,raw_count,"""Dream Machine"" (Luma OR video OR AI)",ok,2026-07-08,FAIL
Dream Machine,2024-06-12,2026-04-13,670,0,raw_count,"""Dream Machine"" (Luma OR video OR AI)",ok,2026-07-08,FAIL
Dream Machine,2024-06-12,2026-04-20,677,0,raw_count,"""Dream Machine"" (Luma OR video OR AI)",ok,2026-07-08,FAIL
Dream Machine,2024-06-12,2026-04-27,684,2,raw_count,"""Dream Machine"" (Luma OR video OR AI)",ok,2026-07-08,FAIL
Dream Machine,2024-06-12,2026-05-04,691,1,raw_count,"""Dream Machine"" (Luma OR video OR AI)",ok,2026-07-08,FAIL
Dream Machine,2024-06-12,2026-05-11,698,1,raw_count,"""Dream Machine"" (Luma OR video OR AI)",ok,2026-07-08,FAIL
Dream Machine,2024-06-12,2026-05-18,705,2,raw_count,"""Dream Machine"" (Luma OR video OR AI)",ok,2026-07-08,FAIL
Dream Machine,2024-06-12,2026-05-25,712,1,raw_count,"""Dream Machine"" (Luma OR video OR AI)",ok,2026-07-08,FAIL
Dream Machine,2024-06-12,2026-06-01,719,2,raw_count,"""Dream Machine"" (Luma OR video OR AI)",ok,2026-07-08,FAIL
Dream Machine,2024-06-12,2026-06-08,726,0,raw_count,"""Dream Machine"" (Luma OR video OR AI)",ok,2026-07-08,FAIL
Dream Machine,2024-06-12,2026-06-15,733,1,raw_count,"""Dream Machine"" (Luma OR video OR AI)",ok,2026-07-08,FAIL
Dream Machine,2024-06-12,2026-06-22,740,2,raw_count,"""Dream Machine"" (Luma OR video OR AI)",ok,2026-07-08,FAIL
Dream Machine,2024-06-12,2026-06-29,747,0,raw_count,"""Dream Machine"" (Luma OR video OR AI)",ok,2026-07-08,FAIL
World Labs,2024-09-13,2024-08-12,-32,1,raw_count,"""World Labs""",ok,2026-07-08,NOT_AUDITED
World Labs,2024-09-13,2024-08-19,-25,0,raw_count,"""World Labs""",ok,2026-07-08,NOT_AUDITED
World Labs,2024-09-13,2024-08-26,-18,6,raw_count,"""World Labs""",ok,2026-07-08,NOT_AUDITED
World Labs,2024-09-13,2024-09-02,-11,3,raw_count,"""World Labs""",ok,2026-07-08,NOT_AUDITED
World Labs,2024-09-13,2024-09-09,-4,6,raw_count,"""World Labs""",ok,2026-07-08,NOT_AUDITED
World Labs,2024-09-13,2024-09-16,3,3,raw_count,"""World Labs""",ok,2026-07-08,NOT_AUDITED
World Labs,2024-09-13,2024-09-23,10,3,raw_count,"""World Labs""",ok,2026-07-08,NOT_AUDITED
World Labs,2024-09-13,2024-09-30,17,6,raw_count,"""World Labs""",ok,2026-07-08,NOT_AUDITED
World Labs,2024-09-13,2024-10-07,24,7,raw_count,"""World Labs""",ok,2026-07-08,NOT_AUDITED
World Labs,2024-09-13,2024-10-14,31,2,raw_count,"""World Labs""",ok,2026-07-08,NOT_AUDITED
World Labs,2024-09-13,2024-10-21,38,3,raw_count,"""World Labs""",ok,2026-07-08,NOT_AUDITED
World Labs,2024-09-13,2024-10-28,45,4,raw_count,"""World Labs""",ok,2026-07-08,NOT_AUDITED
World Labs,2024-09-13,2024-11-04,52,3,raw_count,"""World Labs""",ok,2026-07-08,NOT_AUDITED
World Labs,2024-09-13,2024-11-11,59,0,raw_count,"""World Labs""",ok,2026-07-08,NOT_AUDITED
World Labs,2024-09-13,2024-11-18,66,3,raw_count,"""World Labs""",ok,2026-07-08,NOT_AUDITED
World Labs,2024-09-13,2024-11-25,73,2,raw_count,"""World Labs""",ok,2026-07-08,NOT_AUDITED
World Labs,2024-09-13,2024-12-02,80,10,raw_count,"""World Labs""",ok,2026-07-08,NOT_AUDITED
World Labs,2024-09-13,2024-12-09,87,6,raw_count,"""World Labs""",ok,2026-07-08,NOT_AUDITED
World Labs,2024-09-13,2024-12-16,94,1,raw_count,"""World Labs""",ok,2026-07-08,NOT_AUDITED
World Labs,2024-09-13,2024-12-23,101,3,raw_count,"""World Labs""",ok,2026-07-08,NOT_AUDITED
World Labs,2024-09-13,2024-12-30,108,2,raw_count,"""World Labs""",ok,2026-07-08,NOT_AUDITED
World Labs,2024-09-13,2025-01-06,115,7,raw_count,"""World Labs""",ok,2026-07-08,NOT_AUDITED
World Labs,2024-09-13,2025-01-13,122,1,raw_count,"""World Labs""",ok,2026-07-08,NOT_AUDITED
World Labs,2024-09-13,2025-01-20,129,1,raw_count,"""World Labs""",ok,2026-07-08,NOT_AUDITED
World Labs,2024-09-13,2025-01-27,136,2,raw_count,"""World Labs""",ok,2026-07-08,NOT_AUDITED
World Labs,2024-09-13,2025-02-03,143,3,raw_count,"""World Labs""",ok,2026-07-08,NOT_AUDITED
World Labs,2024-09-13,2025-02-10,150,2,raw_count,"""World Labs""",ok,2026-07-08,NOT_AUDITED
World Labs,2024-09-13,2025-02-17,157,0,raw_count,"""World Labs""",ok,2026-07-08,NOT_AUDITED
World Labs,2024-09-13,2025-02-24,164,0,raw_count,"""World Labs""",ok,2026-07-08,NOT_AUDITED
World Labs,2024-09-13,2025-03-03,171,5,raw_count,"""World Labs""",ok,2026-07-08,NOT_AUDITED
World Labs,2024-09-13,2025-03-10,178,1,raw_count,"""World Labs""",ok,2026-07-08,NOT_AUDITED
World Labs,2024-09-13,2025-03-17,185,0,raw_count,"""World Labs""",ok,2026-07-08,NOT_AUDITED
World Labs,2024-09-13,2025-03-24,192,6,raw_count,"""World Labs""",ok,2026-07-08,NOT_AUDITED
World Labs,2024-09-13,2025-03-31,199,3,raw_count,"""World Labs""",ok,2026-07-08,NOT_AUDITED
World Labs,2024-09-13,2025-04-07,206,5,raw_count,"""World Labs""",ok,2026-07-08,NOT_AUDITED
World Labs,2024-09-13,2025-04-14,213,3,raw_count,"""World Labs""",ok,2026-07-08,NOT_AUDITED
World Labs,2024-09-13,2025-04-21,220,1,raw_count,"""World Labs""",ok,2026-07-08,NOT_AUDITED
World Labs,2024-09-13,2025-04-28,227,2,raw_count,"""World Labs""",ok,2026-07-08,NOT_AUDITED
World Labs,2024-09-13,2025-05-05,234,0,raw_count,"""World Labs""",ok,2026-07-08,NOT_AUDITED
World Labs,2024-09-13,2025-05-12,241,0,raw_count,"""World Labs""",ok,2026-07-08,NOT_AUDITED
World Labs,2024-09-13,2025-05-19,248,2,raw_count,"""World Labs""",ok,2026-07-08,NOT_AUDITED
World Labs,2024-09-13,2025-05-26,255,5,raw_count,"""World Labs""",ok,2026-07-08,NOT_AUDITED
World Labs,2024-09-13,2025-06-02,262,2,raw_count,"""World Labs""",ok,2026-07-08,NOT_AUDITED
World Labs,2024-09-13,2025-06-09,269,2,raw_count,"""World Labs""",ok,2026-07-08,NOT_AUDITED
World Labs,2024-09-13,2025-06-16,276,0,raw_count,"""World Labs""",ok,2026-07-08,NOT_AUDITED
World Labs,2024-09-13,2025-06-23,283,0,raw_count,"""World Labs""",ok,2026-07-08,NOT_AUDITED
World Labs,2024-09-13,2025-06-30,290,2,raw_count,"""World Labs""",ok,2026-07-08,NOT_AUDITED
World Labs,2024-09-13,2025-07-07,297,7,raw_count,"""World Labs""",ok,2026-07-08,NOT_AUDITED
World Labs,2024-09-13,2025-07-14,304,8,raw_count,"""World Labs""",ok,2026-07-08,NOT_AUDITED
World Labs,2024-09-13,2025-07-21,311,3,raw_count,"""World Labs""",ok,2026-07-08,NOT_AUDITED
World Labs,2024-09-13,2025-07-28,318,1,raw_count,"""World Labs""",ok,2026-07-08,NOT_AUDITED
World Labs,2024-09-13,2025-08-04,325,14,raw_count,"""World Labs""",ok,2026-07-08,NOT_AUDITED
World Labs,2024-09-13,2025-08-11,332,8,raw_count,"""World Labs""",ok,2026-07-08,NOT_AUDITED
World Labs,2024-09-13,2025-08-18,339,2,raw_count,"""World Labs""",ok,2026-07-08,NOT_AUDITED
World Labs,2024-09-13,2025-08-25,346,3,raw_count,"""World Labs""",ok,2026-07-08,NOT_AUDITED
World Labs,2024-09-13,2025-09-01,353,0,raw_count,"""World Labs""",ok,2026-07-08,NOT_AUDITED
World Labs,2024-09-13,2025-09-08,360,3,raw_count,"""World Labs""",ok,2026-07-08,NOT_AUDITED
World Labs,2024-09-13,2025-09-15,367,1,raw_count,"""World Labs""",ok,2026-07-08,NOT_AUDITED
World Labs,2024-09-13,2025-09-22,374,6,raw_count,"""World Labs""",ok,2026-07-08,NOT_AUDITED
World Labs,2024-09-13,2025-09-29,381,2,raw_count,"""World Labs""",ok,2026-07-08,NOT_AUDITED
World Labs,2024-09-13,2025-10-06,388,2,raw_count,"""World Labs""",ok,2026-07-08,NOT_AUDITED
World Labs,2024-09-13,2025-10-13,395,7,raw_count,"""World Labs""",ok,2026-07-08,NOT_AUDITED
World Labs,2024-09-13,2025-10-20,402,2,raw_count,"""World Labs""",ok,2026-07-08,NOT_AUDITED
World Labs,2024-09-13,2025-10-27,409,1,raw_count,"""World Labs""",ok,2026-07-08,NOT_AUDITED
World Labs,2024-09-13,2025-11-03,416,8,raw_count,"""World Labs""",ok,2026-07-08,NOT_AUDITED
World Labs,2024-09-13,2025-11-10,423,17,raw_count,"""World Labs""",ok,2026-07-08,NOT_AUDITED
World Labs,2024-09-13,2025-11-17,430,15,raw_count,"""World Labs""",ok,2026-07-08,NOT_AUDITED
World Labs,2024-09-13,2025-11-24,437,4,raw_count,"""World Labs""",ok,2026-07-08,NOT_AUDITED
World Labs,2024-09-13,2025-12-01,444,3,raw_count,"""World Labs""",ok,2026-07-08,NOT_AUDITED
World Labs,2024-09-13,2025-12-08,451,37,raw_count,"""World Labs""",ok,2026-07-08,NOT_AUDITED
World Labs,2024-09-13,2025-12-15,458,10,raw_count,"""World Labs""",ok,2026-07-08,NOT_AUDITED
World Labs,2024-09-13,2025-12-22,465,14,raw_count,"""World Labs""",ok,2026-07-08,NOT_AUDITED
World Labs,2024-09-13,2025-12-29,472,7,raw_count,"""World Labs""",ok,2026-07-08,NOT_AUDITED
World Labs,2024-09-13,2026-01-05,479,6,raw_count,"""World Labs""",ok,2026-07-08,NOT_AUDITED
World Labs,2024-09-13,2026-01-12,486,6,raw_count,"""World Labs""",ok,2026-07-08,NOT_AUDITED
World Labs,2024-09-13,2026-01-19,493,9,raw_count,"""World Labs""",ok,2026-07-08,NOT_AUDITED
World Labs,2024-09-13,2026-01-26,500,1,raw_count,"""World Labs""",ok,2026-07-08,NOT_AUDITED
World Labs,2024-09-13,2026-02-02,507,1,raw_count,"""World Labs""",ok,2026-07-08,NOT_AUDITED
World Labs,2024-09-13,2026-02-09,514,2,raw_count,"""World Labs""",ok,2026-07-08,NOT_AUDITED
World Labs,2024-09-13,2026-02-16,521,53,raw_count,"""World Labs""",ok,2026-07-08,NOT_AUDITED
World Labs,2024-09-13,2026-02-23,528,3,raw_count,"""World Labs""",ok,2026-07-08,NOT_AUDITED
World Labs,2024-09-13,2026-03-02,535,5,raw_count,"""World Labs""",ok,2026-07-08,NOT_AUDITED
World Labs,2024-09-13,2026-03-09,542,6,raw_count,"""World Labs""",ok,2026-07-08,NOT_AUDITED
World Labs,2024-09-13,2026-03-16,549,4,raw_count,"""World Labs""",ok,2026-07-08,NOT_AUDITED
World Labs,2024-09-13,2026-03-23,556,1,raw_count,"""World Labs""",ok,2026-07-08,NOT_AUDITED
World Labs,2024-09-13,2026-03-30,563,0,raw_count,"""World Labs""",ok,2026-07-08,NOT_AUDITED
World Labs,2024-09-13,2026-04-06,570,5,raw_count,"""World Labs""",ok,2026-07-08,NOT_AUDITED
World Labs,2024-09-13,2026-04-13,577,6,raw_count,"""World Labs""",ok,2026-07-08,NOT_AUDITED
World Labs,2024-09-13,2026-04-20,584,5,raw_count,"""World Labs""",ok,2026-07-08,NOT_AUDITED
World Labs,2024-09-13,2026-04-27,591,2,raw_count,"""World Labs""",ok,2026-07-08,NOT_AUDITED
World Labs,2024-09-13,2026-05-04,598,2,raw_count,"""World Labs""",ok,2026-07-08,NOT_AUDITED
World Labs,2024-09-13,2026-05-11,605,4,raw_count,"""World Labs""",ok,2026-07-08,NOT_AUDITED
World Labs,2024-09-13,2026-05-18,612,3,raw_count,"""World Labs""",ok,2026-07-08,NOT_AUDITED
World Labs,2024-09-13,2026-05-25,619,1,raw_count,"""World Labs""",ok,2026-07-08,NOT_AUDITED
World Labs,2024-09-13,2026-06-01,626,4,raw_count,"""World Labs""",ok,2026-07-08,NOT_AUDITED
World Labs,2024-09-13,2026-06-08,633,4,raw_count,"""World Labs""",ok,2026-07-08,NOT_AUDITED
World Labs,2024-09-13,2026-06-15,640,5,raw_count,"""World Labs""",ok,2026-07-08,NOT_AUDITED
World Labs,2024-09-13,2026-06-22,647,41,raw_count,"""World Labs""",ok,2026-07-08,NOT_AUDITED
World Labs,2024-09-13,2026-06-29,654,2,raw_count,"""World Labs""",ok,2026-07-08,NOT_AUDITED
Lovable,2024-11-21,2024-10-21,-31,4,raw_count,"""Lovable"" (AI OR startup OR ""app builder"" OR coding OR vibe)",ok,2026-07-08,FAIL
Lovable,2024-11-21,2024-10-28,-24,6,raw_count,"""Lovable"" (AI OR startup OR ""app builder"" OR coding OR vibe)",ok,2026-07-08,FAIL
Lovable,2024-11-21,2024-11-04,-17,7,raw_count,"""Lovable"" (AI OR startup OR ""app builder"" OR coding OR vibe)",ok,2026-07-08,FAIL
Lovable,2024-11-21,2024-11-11,-10,8,raw_count,"""Lovable"" (AI OR startup OR ""app builder"" OR coding OR vibe)",ok,2026-07-08,FAIL
Lovable,2024-11-21,2024-11-18,-3,8,raw_count,"""Lovable"" (AI OR startup OR ""app builder"" OR coding OR vibe)",ok,2026-07-08,FAIL
Lovable,2024-11-21,2024-11-25,4,9,raw_count,"""Lovable"" (AI OR startup OR ""app builder"" OR coding OR vibe)",ok,2026-07-08,FAIL
Lovable,2024-11-21,2024-12-02,11,42,raw_count,"""Lovable"" (AI OR startup OR ""app builder"" OR coding OR vibe)",ok,2026-07-08,FAIL
Lovable,2024-11-21,2024-12-09,18,15,raw_count,"""Lovable"" (AI OR startup OR ""app builder"" OR coding OR vibe)",ok,2026-07-08,FAIL
Lovable,2024-11-21,2024-12-16,25,9,raw_count,"""Lovable"" (AI OR startup OR ""app builder"" OR coding OR vibe)",ok,2026-07-08,FAIL
Lovable,2024-11-21,2024-12-23,32,27,raw_count,"""Lovable"" (AI OR startup OR ""app builder"" OR coding OR vibe)",ok,2026-07-08,FAIL
Lovable,2024-11-21,2024-12-30,39,44,raw_count,"""Lovable"" (AI OR startup OR ""app builder"" OR coding OR vibe)",ok,2026-07-08,FAIL
Lovable,2024-11-21,2025-01-06,46,3,raw_count,"""Lovable"" (AI OR startup OR ""app builder"" OR coding OR vibe)",ok,2026-07-08,FAIL
Lovable,2024-11-21,2025-01-13,53,3,raw_count,"""Lovable"" (AI OR startup OR ""app builder"" OR coding OR vibe)",ok,2026-07-08,FAIL
Lovable,2024-11-21,2025-01-20,60,5,raw_count,"""Lovable"" (AI OR startup OR ""app builder"" OR coding OR vibe)",ok,2026-07-08,FAIL
Lovable,2024-11-21,2025-01-27,67,5,raw_count,"""Lovable"" (AI OR startup OR ""app builder"" OR coding OR vibe)",ok,2026-07-08,FAIL
Lovable,2024-11-21,2025-02-03,74,6,raw_count,"""Lovable"" (AI OR startup OR ""app builder"" OR coding OR vibe)",ok,2026-07-08,FAIL
Lovable,2024-11-21,2025-02-10,81,7,raw_count,"""Lovable"" (AI OR startup OR ""app builder"" OR coding OR vibe)",ok,2026-07-08,FAIL
Lovable,2024-11-21,2025-02-17,88,7,raw_count,"""Lovable"" (AI OR startup OR ""app builder"" OR coding OR vibe)",ok,2026-07-08,FAIL
Lovable,2024-11-21,2025-02-24,95,11,raw_count,"""Lovable"" (AI OR startup OR ""app builder"" OR coding OR vibe)",ok,2026-07-08,FAIL
Lovable,2024-11-21,2025-03-03,102,11,raw_count,"""Lovable"" (AI OR startup OR ""app builder"" OR coding OR vibe)",ok,2026-07-08,FAIL
Lovable,2024-11-21,2025-03-10,109,8,raw_count,"""Lovable"" (AI OR startup OR ""app builder"" OR coding OR vibe)",ok,2026-07-08,FAIL
Lovable,2024-11-21,2025-03-17,116,31,raw_count,"""Lovable"" (AI OR startup OR ""app builder"" OR coding OR vibe)",ok,2026-07-08,FAIL
Lovable,2024-11-21,2025-03-24,123,10,raw_count,"""Lovable"" (AI OR startup OR ""app builder"" OR coding OR vibe)",ok,2026-07-08,FAIL
Lovable,2024-11-21,2025-03-31,130,11,raw_count,"""Lovable"" (AI OR startup OR ""app builder"" OR coding OR vibe)",ok,2026-07-08,FAIL
Lovable,2024-11-21,2025-04-07,137,7,raw_count,"""Lovable"" (AI OR startup OR ""app builder"" OR coding OR vibe)",ok,2026-07-08,FAIL
Lovable,2024-11-21,2025-04-14,144,11,raw_count,"""Lovable"" (AI OR startup OR ""app builder"" OR coding OR vibe)",ok,2026-07-08,FAIL
Lovable,2024-11-21,2025-04-21,151,20,raw_count,"""Lovable"" (AI OR startup OR ""app builder"" OR coding OR vibe)",ok,2026-07-08,FAIL
Lovable,2024-11-21,2025-04-28,158,9,raw_count,"""Lovable"" (AI OR startup OR ""app builder"" OR coding OR vibe)",ok,2026-07-08,FAIL
Lovable,2024-11-21,2025-05-05,165,6,raw_count,"""Lovable"" (AI OR startup OR ""app builder"" OR coding OR vibe)",ok,2026-07-08,FAIL
Lovable,2024-11-21,2025-05-12,172,15,raw_count,"""Lovable"" (AI OR startup OR ""app builder"" OR coding OR vibe)",ok,2026-07-08,FAIL
Lovable,2024-11-21,2025-05-19,179,7,raw_count,"""Lovable"" (AI OR startup OR ""app builder"" OR coding OR vibe)",ok,2026-07-08,FAIL
Lovable,2024-11-21,2025-05-26,186,16,raw_count,"""Lovable"" (AI OR startup OR ""app builder"" OR coding OR vibe)",ok,2026-07-08,FAIL
Lovable,2024-11-21,2025-06-02,193,15,raw_count,"""Lovable"" (AI OR startup OR ""app builder"" OR coding OR vibe)",ok,2026-07-08,FAIL
Lovable,2024-11-21,2025-06-09,200,9,raw_count,"""Lovable"" (AI OR startup OR ""app builder"" OR coding OR vibe)",ok,2026-07-08,FAIL
Lovable,2024-11-21,2025-06-16,207,0,raw_count,"""Lovable"" (AI OR startup OR ""app builder"" OR coding OR vibe)",ok,2026-07-08,FAIL
Lovable,2024-11-21,2025-06-23,214,0,raw_count,"""Lovable"" (AI OR startup OR ""app builder"" OR coding OR vibe)",ok,2026-07-08,FAIL
Lovable,2024-11-21,2025-06-30,221,7,raw_count,"""Lovable"" (AI OR startup OR ""app builder"" OR coding OR vibe)",ok,2026-07-08,FAIL
Lovable,2024-11-21,2025-07-07,228,14,raw_count,"""Lovable"" (AI OR startup OR ""app builder"" OR coding OR vibe)",ok,2026-07-08,FAIL
Lovable,2024-11-21,2025-07-14,235,27,raw_count,"""Lovable"" (AI OR startup OR ""app builder"" OR coding OR vibe)",ok,2026-07-08,FAIL
Lovable,2024-11-21,2025-07-21,242,20,raw_count,"""Lovable"" (AI OR startup OR ""app builder"" OR coding OR vibe)",ok,2026-07-08,FAIL
Lovable,2024-11-21,2025-07-28,249,23,raw_count,"""Lovable"" (AI OR startup OR ""app builder"" OR coding OR vibe)",ok,2026-07-08,FAIL
Lovable,2024-11-21,2025-08-04,256,24,raw_count,"""Lovable"" (AI OR startup OR ""app builder"" OR coding OR vibe)",ok,2026-07-08,FAIL
Lovable,2024-11-21,2025-08-11,263,21,raw_count,"""Lovable"" (AI OR startup OR ""app builder"" OR coding OR vibe)",ok,2026-07-08,FAIL
Lovable,2024-11-21,2025-08-18,270,12,raw_count,"""Lovable"" (AI OR startup OR ""app builder"" OR coding OR vibe)",ok,2026-07-08,FAIL
Lovable,2024-11-21,2025-08-25,277,17,raw_count,"""Lovable"" (AI OR startup OR ""app builder"" OR coding OR vibe)",ok,2026-07-08,FAIL
Lovable,2024-11-21,2025-09-01,284,17,raw_count,"""Lovable"" (AI OR startup OR ""app builder"" OR coding OR vibe)",ok,2026-07-08,FAIL
Lovable,2024-11-21,2025-09-08,291,12,raw_count,"""Lovable"" (AI OR startup OR ""app builder"" OR coding OR vibe)",ok,2026-07-08,FAIL
Lovable,2024-11-21,2025-09-15,298,14,raw_count,"""Lovable"" (AI OR startup OR ""app builder"" OR coding OR vibe)",ok,2026-07-08,FAIL
Lovable,2024-11-21,2025-09-22,305,15,raw_count,"""Lovable"" (AI OR startup OR ""app builder"" OR coding OR vibe)",ok,2026-07-08,FAIL
Lovable,2024-11-21,2025-09-29,312,29,raw_count,"""Lovable"" (AI OR startup OR ""app builder"" OR coding OR vibe)",ok,2026-07-08,FAIL
Lovable,2024-11-21,2025-10-06,319,17,raw_count,"""Lovable"" (AI OR startup OR ""app builder"" OR coding OR vibe)",ok,2026-07-08,FAIL
Lovable,2024-11-21,2025-10-13,326,16,raw_count,"""Lovable"" (AI OR startup OR ""app builder"" OR coding OR vibe)",ok,2026-07-08,FAIL
Lovable,2024-11-21,2025-10-20,333,17,raw_count,"""Lovable"" (AI OR startup OR ""app builder"" OR coding OR vibe)",ok,2026-07-08,FAIL
Lovable,2024-11-21,2025-10-27,340,12,raw_count,"""Lovable"" (AI OR startup OR ""app builder"" OR coding OR vibe)",ok,2026-07-08,FAIL
Lovable,2024-11-21,2025-11-03,347,14,raw_count,"""Lovable"" (AI OR startup OR ""app builder"" OR coding OR vibe)",ok,2026-07-08,FAIL
Lovable,2024-11-21,2025-11-10,354,36,raw_count,"""Lovable"" (AI OR startup OR ""app builder"" OR coding OR vibe)",ok,2026-07-08,FAIL
Lovable,2024-11-21,2025-11-17,361,19,raw_count,"""Lovable"" (AI OR startup OR ""app builder"" OR coding OR vibe)",ok,2026-07-08,FAIL
Lovable,2024-11-21,2025-11-24,368,11,raw_count,"""Lovable"" (AI OR startup OR ""app builder"" OR coding OR vibe)",ok,2026-07-08,FAIL
Lovable,2024-11-21,2025-12-01,375,10,raw_count,"""Lovable"" (AI OR startup OR ""app builder"" OR coding OR vibe)",ok,2026-07-08,FAIL
Lovable,2024-11-21,2025-12-08,382,13,raw_count,"""Lovable"" (AI OR startup OR ""app builder"" OR coding OR vibe)",ok,2026-07-08,FAIL
Lovable,2024-11-21,2025-12-15,389,24,raw_count,"""Lovable"" (AI OR startup OR ""app builder"" OR coding OR vibe)",ok,2026-07-08,FAIL
Lovable,2024-11-21,2025-12-22,396,10,raw_count,"""Lovable"" (AI OR startup OR ""app builder"" OR coding OR vibe)",ok,2026-07-08,FAIL
Lovable,2024-11-21,2025-12-29,403,14,raw_count,"""Lovable"" (AI OR startup OR ""app builder"" OR coding OR vibe)",ok,2026-07-08,FAIL
Lovable,2024-11-21,2026-01-05,410,18,raw_count,"""Lovable"" (AI OR startup OR ""app builder"" OR coding OR vibe)",ok,2026-07-08,FAIL
Lovable,2024-11-21,2026-01-12,417,15,raw_count,"""Lovable"" (AI OR startup OR ""app builder"" OR coding OR vibe)",ok,2026-07-08,FAIL
Lovable,2024-11-21,2026-01-19,424,13,raw_count,"""Lovable"" (AI OR startup OR ""app builder"" OR coding OR vibe)",ok,2026-07-08,FAIL
Lovable,2024-11-21,2026-01-26,431,18,raw_count,"""Lovable"" (AI OR startup OR ""app builder"" OR coding OR vibe)",ok,2026-07-08,FAIL
Lovable,2024-11-21,2026-02-02,438,11,raw_count,"""Lovable"" (AI OR startup OR ""app builder"" OR coding OR vibe)",ok,2026-07-08,FAIL
Lovable,2024-11-21,2026-02-09,445,7,raw_count,"""Lovable"" (AI OR startup OR ""app builder"" OR coding OR vibe)",ok,2026-07-08,FAIL
Lovable,2024-11-21,2026-02-16,452,17,raw_count,"""Lovable"" (AI OR startup OR ""app builder"" OR coding OR vibe)",ok,2026-07-08,FAIL
Lovable,2024-11-21,2026-02-23,459,9,raw_count,"""Lovable"" (AI OR startup OR ""app builder"" OR coding OR vibe)",ok,2026-07-08,FAIL
Lovable,2024-11-21,2026-03-02,466,11,raw_count,"""Lovable"" (AI OR startup OR ""app builder"" OR coding OR vibe)",ok,2026-07-08,FAIL
Lovable,2024-11-21,2026-03-09,473,8,raw_count,"""Lovable"" (AI OR startup OR ""app builder"" OR coding OR vibe)",ok,2026-07-08,FAIL
Lovable,2024-11-21,2026-03-16,480,9,raw_count,"""Lovable"" (AI OR startup OR ""app builder"" OR coding OR vibe)",ok,2026-07-08,FAIL
Lovable,2024-11-21,2026-03-23,487,26,raw_count,"""Lovable"" (AI OR startup OR ""app builder"" OR coding OR vibe)",ok,2026-07-08,FAIL
Lovable,2024-11-21,2026-03-30,494,22,raw_count,"""Lovable"" (AI OR startup OR ""app builder"" OR coding OR vibe)",ok,2026-07-08,FAIL
Lovable,2024-11-21,2026-04-06,501,19,raw_count,"""Lovable"" (AI OR startup OR ""app builder"" OR coding OR vibe)",ok,2026-07-08,FAIL
Lovable,2024-11-21,2026-04-13,508,9,raw_count,"""Lovable"" (AI OR startup OR ""app builder"" OR coding OR vibe)",ok,2026-07-08,FAIL
Lovable,2024-11-21,2026-04-20,515,24,raw_count,"""Lovable"" (AI OR startup OR ""app builder"" OR coding OR vibe)",ok,2026-07-08,FAIL
Lovable,2024-11-21,2026-04-27,522,15,raw_count,"""Lovable"" (AI OR startup OR ""app builder"" OR coding OR vibe)",ok,2026-07-08,FAIL
Lovable,2024-11-21,2026-05-04,529,56,raw_count,"""Lovable"" (AI OR startup OR ""app builder"" OR coding OR vibe)",ok,2026-07-08,FAIL
Lovable,2024-11-21,2026-05-11,536,15,raw_count,"""Lovable"" (AI OR startup OR ""app builder"" OR coding OR vibe)",ok,2026-07-08,FAIL
Lovable,2024-11-21,2026-05-18,543,13,raw_count,"""Lovable"" (AI OR startup OR ""app builder"" OR coding OR vibe)",ok,2026-07-08,FAIL
Lovable,2024-11-21,2026-05-25,550,17,raw_count,"""Lovable"" (AI OR startup OR ""app builder"" OR coding OR vibe)",ok,2026-07-08,FAIL
Lovable,2024-11-21,2026-06-01,557,18,raw_count,"""Lovable"" (AI OR startup OR ""app builder"" OR coding OR vibe)",ok,2026-07-08,FAIL
Lovable,2024-11-21,2026-06-08,564,12,raw_count,"""Lovable"" (AI OR startup OR ""app builder"" OR coding OR vibe)",ok,2026-07-08,FAIL
Lovable,2024-11-21,2026-06-15,571,11,raw_count,"""Lovable"" (AI OR startup OR ""app builder"" OR coding OR vibe)",ok,2026-07-08,FAIL
Lovable,2024-11-21,2026-06-22,578,17,raw_count,"""Lovable"" (AI OR startup OR ""app builder"" OR coding OR vibe)",ok,2026-07-08,FAIL
Lovable,2024-11-21,2026-06-29,585,5,raw_count,"""Lovable"" (AI OR startup OR ""app builder"" OR coding OR vibe)",ok,2026-07-08,FAIL
OpenAI o3,2024-12-20,2024-11-18,-32,0,raw_count,"""OpenAI o3""",ok,2026-07-08,NOT_AUDITED
OpenAI o3,2024-12-20,2024-11-25,-25,0,raw_count,"""OpenAI o3""",ok,2026-07-08,NOT_AUDITED
OpenAI o3,2024-12-20,2024-12-02,-18,0,raw_count,"""OpenAI o3""",ok,2026-07-08,NOT_AUDITED
OpenAI o3,2024-12-20,2024-12-09,-11,0,raw_count,"""OpenAI o3""",ok,2026-07-08,NOT_AUDITED
OpenAI o3,2024-12-20,2024-12-16,-4,12,raw_count,"""OpenAI o3""",ok,2026-07-08,NOT_AUDITED
OpenAI o3,2024-12-20,2024-12-23,3,28,raw_count,"""OpenAI o3""",ok,2026-07-08,NOT_AUDITED
OpenAI o3,2024-12-20,2024-12-30,10,11,raw_count,"""OpenAI o3""",ok,2026-07-08,NOT_AUDITED
OpenAI o3,2024-12-20,2025-01-06,17,7,raw_count,"""OpenAI o3""",ok,2026-07-08,NOT_AUDITED
OpenAI o3,2024-12-20,2025-01-13,24,5,raw_count,"""OpenAI o3""",ok,2026-07-08,NOT_AUDITED
OpenAI o3,2024-12-20,2025-01-20,31,7,raw_count,"""OpenAI o3""",ok,2026-07-08,NOT_AUDITED
OpenAI o3,2024-12-20,2025-01-27,38,23,raw_count,"""OpenAI o3""",ok,2026-07-08,NOT_AUDITED
OpenAI o3,2024-12-20,2025-02-03,45,48,raw_count,"""OpenAI o3""",ok,2026-07-08,NOT_AUDITED
OpenAI o3,2024-12-20,2025-02-10,52,16,raw_count,"""OpenAI o3""",ok,2026-07-08,NOT_AUDITED
OpenAI o3,2024-12-20,2025-02-17,59,17,raw_count,"""OpenAI o3""",ok,2026-07-08,NOT_AUDITED
OpenAI o3,2024-12-20,2025-02-24,66,23,raw_count,"""OpenAI o3""",ok,2026-07-08,NOT_AUDITED
OpenAI o3,2024-12-20,2025-03-03,73,5,raw_count,"""OpenAI o3""",ok,2026-07-08,NOT_AUDITED
OpenAI o3,2024-12-20,2025-03-10,80,2,raw_count,"""OpenAI o3""",ok,2026-07-08,NOT_AUDITED
OpenAI o3,2024-12-20,2025-03-17,87,4,raw_count,"""OpenAI o3""",ok,2026-07-08,NOT_AUDITED
OpenAI o3,2024-12-20,2025-03-24,94,19,raw_count,"""OpenAI o3""",ok,2026-07-08,NOT_AUDITED
OpenAI o3,2024-12-20,2025-03-31,101,5,raw_count,"""OpenAI o3""",ok,2026-07-08,NOT_AUDITED
OpenAI o3,2024-12-20,2025-04-07,108,9,raw_count,"""OpenAI o3""",ok,2026-07-08,NOT_AUDITED
OpenAI o3,2024-12-20,2025-04-14,115,26,raw_count,"""OpenAI o3""",ok,2026-07-08,NOT_AUDITED
OpenAI o3,2024-12-20,2025-04-21,122,20,raw_count,"""OpenAI o3""",ok,2026-07-08,NOT_AUDITED
OpenAI o3,2024-12-20,2025-04-28,129,14,raw_count,"""OpenAI o3""",ok,2026-07-08,NOT_AUDITED
OpenAI o3,2024-12-20,2025-05-05,136,5,raw_count,"""OpenAI o3""",ok,2026-07-08,NOT_AUDITED
OpenAI o3,2024-12-20,2025-05-12,143,15,raw_count,"""OpenAI o3""",ok,2026-07-08,NOT_AUDITED
OpenAI o3,2024-12-20,2025-05-19,150,16,raw_count,"""OpenAI o3""",ok,2026-07-08,NOT_AUDITED
OpenAI o3,2024-12-20,2025-05-26,157,27,raw_count,"""OpenAI o3""",ok,2026-07-08,NOT_AUDITED
OpenAI o3,2024-12-20,2025-06-02,164,20,raw_count,"""OpenAI o3""",ok,2026-07-08,NOT_AUDITED
OpenAI o3,2024-12-20,2025-06-09,171,29,raw_count,"""OpenAI o3""",ok,2026-07-08,NOT_AUDITED
OpenAI o3,2024-12-20,2025-06-16,178,0,raw_count,"""OpenAI o3""",ok,2026-07-08,NOT_AUDITED
OpenAI o3,2024-12-20,2025-06-23,185,0,raw_count,"""OpenAI o3""",ok,2026-07-08,NOT_AUDITED
OpenAI o3,2024-12-20,2025-06-30,192,11,raw_count,"""OpenAI o3""",ok,2026-07-08,NOT_AUDITED
OpenAI o3,2024-12-20,2025-07-07,199,15,raw_count,"""OpenAI o3""",ok,2026-07-08,NOT_AUDITED
OpenAI o3,2024-12-20,2025-07-14,206,14,raw_count,"""OpenAI o3""",ok,2026-07-08,NOT_AUDITED
OpenAI o3,2024-12-20,2025-07-21,213,79,raw_count,"""OpenAI o3""",ok,2026-07-08,NOT_AUDITED
OpenAI o3,2024-12-20,2025-07-28,220,11,raw_count,"""OpenAI o3""",ok,2026-07-08,NOT_AUDITED
OpenAI o3,2024-12-20,2025-08-04,227,34,raw_count,"""OpenAI o3""",ok,2026-07-08,NOT_AUDITED
OpenAI o3,2024-12-20,2025-08-11,234,13,raw_count,"""OpenAI o3""",ok,2026-07-08,NOT_AUDITED
OpenAI o3,2024-12-20,2025-08-18,241,4,raw_count,"""OpenAI o3""",ok,2026-07-08,NOT_AUDITED
OpenAI o3,2024-12-20,2025-08-25,248,9,raw_count,"""OpenAI o3""",ok,2026-07-08,NOT_AUDITED
OpenAI o3,2024-12-20,2025-09-01,255,2,raw_count,"""OpenAI o3""",ok,2026-07-08,NOT_AUDITED
OpenAI o3,2024-12-20,2025-09-08,262,2,raw_count,"""OpenAI o3""",ok,2026-07-08,NOT_AUDITED
OpenAI o3,2024-12-20,2025-09-15,269,6,raw_count,"""OpenAI o3""",ok,2026-07-08,NOT_AUDITED
OpenAI o3,2024-12-20,2025-09-22,276,6,raw_count,"""OpenAI o3""",ok,2026-07-08,NOT_AUDITED
OpenAI o3,2024-12-20,2025-09-29,283,1,raw_count,"""OpenAI o3""",ok,2026-07-08,NOT_AUDITED
OpenAI o3,2024-12-20,2025-10-06,290,7,raw_count,"""OpenAI o3""",ok,2026-07-08,NOT_AUDITED
OpenAI o3,2024-12-20,2025-10-13,297,2,raw_count,"""OpenAI o3""",ok,2026-07-08,NOT_AUDITED
OpenAI o3,2024-12-20,2025-10-20,304,8,raw_count,"""OpenAI o3""",ok,2026-07-08,NOT_AUDITED
OpenAI o3,2024-12-20,2025-10-27,311,6,raw_count,"""OpenAI o3""",ok,2026-07-08,NOT_AUDITED
OpenAI o3,2024-12-20,2025-11-03,318,0,raw_count,"""OpenAI o3""",ok,2026-07-08,NOT_AUDITED
OpenAI o3,2024-12-20,2025-11-10,325,1,raw_count,"""OpenAI o3""",ok,2026-07-08,NOT_AUDITED
OpenAI o3,2024-12-20,2025-11-17,332,0,raw_count,"""OpenAI o3""",ok,2026-07-08,NOT_AUDITED
OpenAI o3,2024-12-20,2025-11-24,339,1,raw_count,"""OpenAI o3""",ok,2026-07-08,NOT_AUDITED
OpenAI o3,2024-12-20,2025-12-01,346,1,raw_count,"""OpenAI o3""",ok,2026-07-08,NOT_AUDITED
OpenAI o3,2024-12-20,2025-12-08,353,2,raw_count,"""OpenAI o3""",ok,2026-07-08,NOT_AUDITED
OpenAI o3,2024-12-20,2025-12-15,360,0,raw_count,"""OpenAI o3""",ok,2026-07-08,NOT_AUDITED
OpenAI o3,2024-12-20,2025-12-22,367,1,raw_count,"""OpenAI o3""",ok,2026-07-08,NOT_AUDITED
OpenAI o3,2024-12-20,2025-12-29,374,3,raw_count,"""OpenAI o3""",ok,2026-07-08,NOT_AUDITED
OpenAI o3,2024-12-20,2026-01-05,381,0,raw_count,"""OpenAI o3""",ok,2026-07-08,NOT_AUDITED
OpenAI o3,2024-12-20,2026-01-12,388,1,raw_count,"""OpenAI o3""",ok,2026-07-08,NOT_AUDITED
OpenAI o3,2024-12-20,2026-01-19,395,5,raw_count,"""OpenAI o3""",ok,2026-07-08,NOT_AUDITED
OpenAI o3,2024-12-20,2026-01-26,402,0,raw_count,"""OpenAI o3""",ok,2026-07-08,NOT_AUDITED
OpenAI o3,2024-12-20,2026-02-02,409,0,raw_count,"""OpenAI o3""",ok,2026-07-08,NOT_AUDITED
OpenAI o3,2024-12-20,2026-02-09,416,0,raw_count,"""OpenAI o3""",ok,2026-07-08,NOT_AUDITED
OpenAI o3,2024-12-20,2026-02-16,423,1,raw_count,"""OpenAI o3""",ok,2026-07-08,NOT_AUDITED
OpenAI o3,2024-12-20,2026-02-23,430,0,raw_count,"""OpenAI o3""",ok,2026-07-08,NOT_AUDITED
OpenAI o3,2024-12-20,2026-03-02,437,1,raw_count,"""OpenAI o3""",ok,2026-07-08,NOT_AUDITED
OpenAI o3,2024-12-20,2026-03-09,444,0,raw_count,"""OpenAI o3""",ok,2026-07-08,NOT_AUDITED
OpenAI o3,2024-12-20,2026-03-16,451,0,raw_count,"""OpenAI o3""",ok,2026-07-08,NOT_AUDITED
OpenAI o3,2024-12-20,2026-03-23,458,0,raw_count,"""OpenAI o3""",ok,2026-07-08,NOT_AUDITED
OpenAI o3,2024-12-20,2026-03-30,465,0,raw_count,"""OpenAI o3""",ok,2026-07-08,NOT_AUDITED
OpenAI o3,2024-12-20,2026-04-06,472,2,raw_count,"""OpenAI o3""",ok,2026-07-08,NOT_AUDITED
OpenAI o3,2024-12-20,2026-04-13,479,0,raw_count,"""OpenAI o3""",ok,2026-07-08,NOT_AUDITED
OpenAI o3,2024-12-20,2026-04-20,486,0,raw_count,"""OpenAI o3""",ok,2026-07-08,NOT_AUDITED
OpenAI o3,2024-12-20,2026-04-27,493,1,raw_count,"""OpenAI o3""",ok,2026-07-08,NOT_AUDITED
OpenAI o3,2024-12-20,2026-05-04,500,1,raw_count,"""OpenAI o3""",ok,2026-07-08,NOT_AUDITED
OpenAI o3,2024-12-20,2026-05-11,507,0,raw_count,"""OpenAI o3""",ok,2026-07-08,NOT_AUDITED
OpenAI o3,2024-12-20,2026-05-18,514,0,raw_count,"""OpenAI o3""",ok,2026-07-08,NOT_AUDITED
OpenAI o3,2024-12-20,2026-05-25,521,3,raw_count,"""OpenAI o3""",ok,2026-07-08,NOT_AUDITED
OpenAI o3,2024-12-20,2026-06-01,528,0,raw_count,"""OpenAI o3""",ok,2026-07-08,NOT_AUDITED
OpenAI o3,2024-12-20,2026-06-08,535,0,raw_count,"""OpenAI o3""",ok,2026-07-08,NOT_AUDITED
OpenAI o3,2024-12-20,2026-06-15,542,3,raw_count,"""OpenAI o3""",ok,2026-07-08,NOT_AUDITED
OpenAI o3,2024-12-20,2026-06-22,549,0,raw_count,"""OpenAI o3""",ok,2026-07-08,NOT_AUDITED
OpenAI o3,2024-12-20,2026-06-29,556,1,raw_count,"""OpenAI o3""",ok,2026-07-08,NOT_AUDITED
Operator,2025-01-23,2024-12-23,-31,103,raw_count,"""Operator"" (OpenAI OR ChatGPT OR agent)",ok,2026-07-08,FAIL
Operator,2025-01-23,2024-12-30,-24,188,raw_count,"""Operator"" (OpenAI OR ChatGPT OR agent)",ok,2026-07-08,FAIL
Operator,2025-01-23,2025-01-06,-17,145,raw_count,"""Operator"" (OpenAI OR ChatGPT OR agent)",ok,2026-07-08,FAIL
Operator,2025-01-23,2025-01-13,-10,253,raw_count,"""Operator"" (OpenAI OR ChatGPT OR agent)",ok,2026-07-08,FAIL
Operator,2025-01-23,2025-01-20,-3,304,raw_count,"""Operator"" (OpenAI OR ChatGPT OR agent)",ok,2026-07-08,FAIL
Operator,2025-01-23,2025-01-27,4,243,raw_count,"""Operator"" (OpenAI OR ChatGPT OR agent)",ok,2026-07-08,FAIL
Operator,2025-01-23,2025-02-03,11,249,raw_count,"""Operator"" (OpenAI OR ChatGPT OR agent)",ok,2026-07-08,FAIL
Operator,2025-01-23,2025-02-10,18,219,raw_count,"""Operator"" (OpenAI OR ChatGPT OR agent)",ok,2026-07-08,FAIL
Operator,2025-01-23,2025-02-17,25,236,raw_count,"""Operator"" (OpenAI OR ChatGPT OR agent)",ok,2026-07-08,FAIL
Operator,2025-01-23,2025-02-24,32,389,raw_count,"""Operator"" (OpenAI OR ChatGPT OR agent)",ok,2026-07-08,FAIL
Operator,2025-01-23,2025-03-03,39,224,raw_count,"""Operator"" (OpenAI OR ChatGPT OR agent)",ok,2026-07-08,FAIL
Operator,2025-01-23,2025-03-10,46,268,raw_count,"""Operator"" (OpenAI OR ChatGPT OR agent)",ok,2026-07-08,FAIL
Operator,2025-01-23,2025-03-17,53,199,raw_count,"""Operator"" (OpenAI OR ChatGPT OR agent)",ok,2026-07-08,FAIL
Operator,2025-01-23,2025-03-24,60,191,raw_count,"""Operator"" (OpenAI OR ChatGPT OR agent)",ok,2026-07-08,FAIL
Operator,2025-01-23,2025-03-31,67,187,raw_count,"""Operator"" (OpenAI OR ChatGPT OR agent)",ok,2026-07-08,FAIL
Operator,2025-01-23,2025-04-07,74,263,raw_count,"""Operator"" (OpenAI OR ChatGPT OR agent)",ok,2026-07-08,FAIL
Operator,2025-01-23,2025-04-14,81,174,raw_count,"""Operator"" (OpenAI OR ChatGPT OR agent)",ok,2026-07-08,FAIL
Operator,2025-01-23,2025-04-21,88,167,raw_count,"""Operator"" (OpenAI OR ChatGPT OR agent)",ok,2026-07-08,FAIL
Operator,2025-01-23,2025-04-28,95,174,raw_count,"""Operator"" (OpenAI OR ChatGPT OR agent)",ok,2026-07-08,FAIL
Operator,2025-01-23,2025-05-05,102,325,raw_count,"""Operator"" (OpenAI OR ChatGPT OR agent)",ok,2026-07-08,FAIL
Operator,2025-01-23,2025-05-12,109,209,raw_count,"""Operator"" (OpenAI OR ChatGPT OR agent)",ok,2026-07-08,FAIL
Operator,2025-01-23,2025-05-19,116,236,raw_count,"""Operator"" (OpenAI OR ChatGPT OR agent)",ok,2026-07-08,FAIL
Operator,2025-01-23,2025-05-26,123,210,raw_count,"""Operator"" (OpenAI OR ChatGPT OR agent)",ok,2026-07-08,FAIL
Operator,2025-01-23,2025-06-02,130,286,raw_count,"""Operator"" (OpenAI OR ChatGPT OR agent)",ok,2026-07-08,FAIL
Operator,2025-01-23,2025-06-09,137,186,raw_count,"""Operator"" (OpenAI OR ChatGPT OR agent)",ok,2026-07-08,FAIL
Operator,2025-01-23,2025-06-16,144,0,raw_count,"""Operator"" (OpenAI OR ChatGPT OR agent)",ok,2026-07-08,FAIL
Operator,2025-01-23,2025-06-23,151,0,raw_count,"""Operator"" (OpenAI OR ChatGPT OR agent)",ok,2026-07-08,FAIL
Operator,2025-01-23,2025-06-30,158,125,raw_count,"""Operator"" (OpenAI OR ChatGPT OR agent)",ok,2026-07-08,FAIL
Operator,2025-01-23,2025-07-07,165,301,raw_count,"""Operator"" (OpenAI OR ChatGPT OR agent)",ok,2026-07-08,FAIL
Operator,2025-01-23,2025-07-14,172,351,raw_count,"""Operator"" (OpenAI OR ChatGPT OR agent)",ok,2026-07-08,FAIL
Operator,2025-01-23,2025-07-21,179,261,raw_count,"""Operator"" (OpenAI OR ChatGPT OR agent)",ok,2026-07-08,FAIL
Operator,2025-01-23,2025-07-28,186,283,raw_count,"""Operator"" (OpenAI OR ChatGPT OR agent)",ok,2026-07-08,FAIL
Operator,2025-01-23,2025-08-04,193,256,raw_count,"""Operator"" (OpenAI OR ChatGPT OR agent)",ok,2026-07-08,FAIL
Operator,2025-01-23,2025-08-11,200,280,raw_count,"""Operator"" (OpenAI OR ChatGPT OR agent)",ok,2026-07-08,FAIL
Operator,2025-01-23,2025-08-18,207,218,raw_count,"""Operator"" (OpenAI OR ChatGPT OR agent)",ok,2026-07-08,FAIL
Operator,2025-01-23,2025-08-25,214,217,raw_count,"""Operator"" (OpenAI OR ChatGPT OR agent)",ok,2026-07-08,FAIL
Operator,2025-01-23,2025-09-01,221,209,raw_count,"""Operator"" (OpenAI OR ChatGPT OR agent)",ok,2026-07-08,FAIL
Operator,2025-01-23,2025-09-08,228,293,raw_count,"""Operator"" (OpenAI OR ChatGPT OR agent)",ok,2026-07-08,FAIL
Operator,2025-01-23,2025-09-15,235,227,raw_count,"""Operator"" (OpenAI OR ChatGPT OR agent)",ok,2026-07-08,FAIL
Operator,2025-01-23,2025-09-22,242,303,raw_count,"""Operator"" (OpenAI OR ChatGPT OR agent)",ok,2026-07-08,FAIL
Operator,2025-01-23,2025-09-29,249,340,raw_count,"""Operator"" (OpenAI OR ChatGPT OR agent)",ok,2026-07-08,FAIL
Operator,2025-01-23,2025-10-06,256,257,raw_count,"""Operator"" (OpenAI OR ChatGPT OR agent)",ok,2026-07-08,FAIL
Operator,2025-01-23,2025-10-13,263,237,raw_count,"""Operator"" (OpenAI OR ChatGPT OR agent)",ok,2026-07-08,FAIL
Operator,2025-01-23,2025-10-20,270,286,raw_count,"""Operator"" (OpenAI OR ChatGPT OR agent)",ok,2026-07-08,FAIL
Operator,2025-01-23,2025-10-27,277,281,raw_count,"""Operator"" (OpenAI OR ChatGPT OR agent)",ok,2026-07-08,FAIL
Operator,2025-01-23,2025-11-03,284,289,raw_count,"""Operator"" (OpenAI OR ChatGPT OR agent)",ok,2026-07-08,FAIL
Operator,2025-01-23,2025-11-10,291,274,raw_count,"""Operator"" (OpenAI OR ChatGPT OR agent)",ok,2026-07-08,FAIL
Operator,2025-01-23,2025-11-17,298,271,raw_count,"""Operator"" (OpenAI OR ChatGPT OR agent)",ok,2026-07-08,FAIL
Operator,2025-01-23,2025-11-24,305,279,raw_count,"""Operator"" (OpenAI OR ChatGPT OR agent)",ok,2026-07-08,FAIL
Operator,2025-01-23,2025-12-01,312,193,raw_count,"""Operator"" (OpenAI OR ChatGPT OR agent)",ok,2026-07-08,FAIL
Operator,2025-01-23,2025-12-08,319,212,raw_count,"""Operator"" (OpenAI OR ChatGPT OR agent)",ok,2026-07-08,FAIL
Operator,2025-01-23,2025-12-15,326,266,raw_count,"""Operator"" (OpenAI OR ChatGPT OR agent)",ok,2026-07-08,FAIL
Operator,2025-01-23,2025-12-22,333,199,raw_count,"""Operator"" (OpenAI OR ChatGPT OR agent)",ok,2026-07-08,FAIL
Operator,2025-01-23,2025-12-29,340,275,raw_count,"""Operator"" (OpenAI OR ChatGPT OR agent)",ok,2026-07-08,FAIL
Operator,2025-01-23,2026-01-05,347,252,raw_count,"""Operator"" (OpenAI OR ChatGPT OR agent)",ok,2026-07-08,FAIL
Operator,2025-01-23,2026-01-12,354,320,raw_count,"""Operator"" (OpenAI OR ChatGPT OR agent)",ok,2026-07-08,FAIL
Operator,2025-01-23,2026-01-19,361,340,raw_count,"""Operator"" (OpenAI OR ChatGPT OR agent)",ok,2026-07-08,FAIL
Operator,2025-01-23,2026-01-26,368,264,raw_count,"""Operator"" (OpenAI OR ChatGPT OR agent)",ok,2026-07-08,FAIL
Operator,2025-01-23,2026-02-02,375,240,raw_count,"""Operator"" (OpenAI OR ChatGPT OR agent)",ok,2026-07-08,FAIL
Operator,2025-01-23,2026-02-09,382,276,raw_count,"""Operator"" (OpenAI OR ChatGPT OR agent)",ok,2026-07-08,FAIL
Operator,2025-01-23,2026-02-16,389,209,raw_count,"""Operator"" (OpenAI OR ChatGPT OR agent)",ok,2026-07-08,FAIL
Operator,2025-01-23,2026-02-23,396,221,raw_count,"""Operator"" (OpenAI OR ChatGPT OR agent)",ok,2026-07-08,FAIL
Operator,2025-01-23,2026-03-02,403,399,raw_count,"""Operator"" (OpenAI OR ChatGPT OR agent)",ok,2026-07-08,FAIL
Operator,2025-01-23,2026-03-09,410,361,raw_count,"""Operator"" (OpenAI OR ChatGPT OR agent)",ok,2026-07-08,FAIL
Operator,2025-01-23,2026-03-16,417,314,raw_count,"""Operator"" (OpenAI OR ChatGPT OR agent)",ok,2026-07-08,FAIL
Operator,2025-01-23,2026-03-23,424,255,raw_count,"""Operator"" (OpenAI OR ChatGPT OR agent)",ok,2026-07-08,FAIL
Operator,2025-01-23,2026-03-30,431,301,raw_count,"""Operator"" (OpenAI OR ChatGPT OR agent)",ok,2026-07-08,FAIL
Operator,2025-01-23,2026-04-06,438,215,raw_count,"""Operator"" (OpenAI OR ChatGPT OR agent)",ok,2026-07-08,FAIL
Operator,2025-01-23,2026-04-13,445,229,raw_count,"""Operator"" (OpenAI OR ChatGPT OR agent)",ok,2026-07-08,FAIL
Operator,2025-01-23,2026-04-20,452,398,raw_count,"""Operator"" (OpenAI OR ChatGPT OR agent)",ok,2026-07-08,FAIL
Operator,2025-01-23,2026-04-27,459,420,raw_count,"""Operator"" (OpenAI OR ChatGPT OR agent)",ok,2026-07-08,FAIL
Operator,2025-01-23,2026-05-04,466,377,raw_count,"""Operator"" (OpenAI OR ChatGPT OR agent)",ok,2026-07-08,FAIL
Operator,2025-01-23,2026-05-11,473,398,raw_count,"""Operator"" (OpenAI OR ChatGPT OR agent)",ok,2026-07-08,FAIL
Operator,2025-01-23,2026-05-18,480,343,raw_count,"""Operator"" (OpenAI OR ChatGPT OR agent)",ok,2026-07-08,FAIL
Operator,2025-01-23,2026-05-25,487,371,raw_count,"""Operator"" (OpenAI OR ChatGPT OR agent)",ok,2026-07-08,FAIL
Operator,2025-01-23,2026-06-01,494,342,raw_count,"""Operator"" (OpenAI OR ChatGPT OR agent)",ok,2026-07-08,FAIL
Operator,2025-01-23,2026-06-08,501,276,raw_count,"""Operator"" (OpenAI OR ChatGPT OR agent)",ok,2026-07-08,FAIL
Operator,2025-01-23,2026-06-15,508,266,raw_count,"""Operator"" (OpenAI OR ChatGPT OR agent)",ok,2026-07-08,FAIL
Operator,2025-01-23,2026-06-22,515,297,raw_count,"""Operator"" (OpenAI OR ChatGPT OR agent)",ok,2026-07-08,FAIL
Operator,2025-01-23,2026-06-29,522,74,raw_count,"""Operator"" (OpenAI OR ChatGPT OR agent)",ok,2026-07-08,FAIL
DeepSeek,2023-07-17,2023-06-19,-28,0,raw_count,"""DeepSeek""",ok,2026-07-08,NOT_AUDITED
DeepSeek,2023-07-17,2023-06-26,-21,0,raw_count,"""DeepSeek""",ok,2026-07-08,NOT_AUDITED
DeepSeek,2023-07-17,2023-07-03,-14,0,raw_count,"""DeepSeek""",ok,2026-07-08,NOT_AUDITED
DeepSeek,2023-07-17,2023-07-10,-7,0,raw_count,"""DeepSeek""",ok,2026-07-08,NOT_AUDITED
DeepSeek,2023-07-17,2023-07-17,0,0,raw_count,"""DeepSeek""",ok,2026-07-08,NOT_AUDITED
DeepSeek,2023-07-17,2023-07-24,7,0,raw_count,"""DeepSeek""",ok,2026-07-08,NOT_AUDITED
DeepSeek,2023-07-17,2023-07-31,14,0,raw_count,"""DeepSeek""",ok,2026-07-08,NOT_AUDITED
DeepSeek,2023-07-17,2023-08-07,21,0,raw_count,"""DeepSeek""",ok,2026-07-08,NOT_AUDITED
DeepSeek,2023-07-17,2023-08-14,28,0,raw_count,"""DeepSeek""",ok,2026-07-08,NOT_AUDITED
DeepSeek,2023-07-17,2023-08-21,35,0,raw_count,"""DeepSeek""",ok,2026-07-08,NOT_AUDITED
DeepSeek,2023-07-17,2023-08-28,42,0,raw_count,"""DeepSeek""",ok,2026-07-08,NOT_AUDITED
DeepSeek,2023-07-17,2023-09-04,49,0,raw_count,"""DeepSeek""",ok,2026-07-08,NOT_AUDITED
DeepSeek,2023-07-17,2023-09-11,56,0,raw_count,"""DeepSeek""",ok,2026-07-08,NOT_AUDITED
DeepSeek,2023-07-17,2023-09-18,63,0,raw_count,"""DeepSeek""",ok,2026-07-08,NOT_AUDITED
DeepSeek,2023-07-17,2023-09-25,70,0,raw_count,"""DeepSeek""",ok,2026-07-08,NOT_AUDITED
DeepSeek,2023-07-17,2023-10-02,77,0,raw_count,"""DeepSeek""",ok,2026-07-08,NOT_AUDITED
DeepSeek,2023-07-17,2023-10-09,84,0,raw_count,"""DeepSeek""",ok,2026-07-08,NOT_AUDITED
DeepSeek,2023-07-17,2023-10-16,91,0,raw_count,"""DeepSeek""",ok,2026-07-08,NOT_AUDITED
DeepSeek,2023-07-17,2023-10-23,98,0,raw_count,"""DeepSeek""",ok,2026-07-08,NOT_AUDITED
DeepSeek,2023-07-17,2023-10-30,105,1,raw_count,"""DeepSeek""",ok,2026-07-08,NOT_AUDITED
DeepSeek,2023-07-17,2023-11-06,112,0,raw_count,"""DeepSeek""",ok,2026-07-08,NOT_AUDITED
DeepSeek,2023-07-17,2023-11-13,119,0,raw_count,"""DeepSeek""",ok,2026-07-08,NOT_AUDITED
DeepSeek,2023-07-17,2023-11-20,126,1,raw_count,"""DeepSeek""",ok,2026-07-08,NOT_AUDITED
DeepSeek,2023-07-17,2023-11-27,133,0,raw_count,"""DeepSeek""",ok,2026-07-08,NOT_AUDITED
DeepSeek,2023-07-17,2023-12-04,140,0,raw_count,"""DeepSeek""",ok,2026-07-08,NOT_AUDITED
DeepSeek,2023-07-17,2023-12-11,147,0,raw_count,"""DeepSeek""",ok,2026-07-08,NOT_AUDITED
DeepSeek,2023-07-17,2023-12-18,154,0,raw_count,"""DeepSeek""",ok,2026-07-08,NOT_AUDITED
DeepSeek,2023-07-17,2023-12-25,161,2,raw_count,"""DeepSeek""",ok,2026-07-08,NOT_AUDITED
DeepSeek,2023-07-17,2024-01-01,168,1,raw_count,"""DeepSeek""",ok,2026-07-08,NOT_AUDITED
DeepSeek,2023-07-17,2024-01-08,175,0,raw_count,"""DeepSeek""",ok,2026-07-08,NOT_AUDITED
DeepSeek,2023-07-17,2024-01-15,182,0,raw_count,"""DeepSeek""",ok,2026-07-08,NOT_AUDITED
DeepSeek,2023-07-17,2024-01-22,189,1,raw_count,"""DeepSeek""",ok,2026-07-08,NOT_AUDITED
DeepSeek,2023-07-17,2024-01-29,196,1,raw_count,"""DeepSeek""",ok,2026-07-08,NOT_AUDITED
DeepSeek,2023-07-17,2024-02-05,203,0,raw_count,"""DeepSeek""",ok,2026-07-08,NOT_AUDITED
DeepSeek,2023-07-17,2024-02-12,210,0,raw_count,"""DeepSeek""",ok,2026-07-08,NOT_AUDITED
DeepSeek,2023-07-17,2024-02-19,217,0,raw_count,"""DeepSeek""",ok,2026-07-08,NOT_AUDITED
DeepSeek,2023-07-17,2024-02-26,224,4,raw_count,"""DeepSeek""",ok,2026-07-08,NOT_AUDITED
DeepSeek,2023-07-17,2024-03-04,231,0,raw_count,"""DeepSeek""",ok,2026-07-08,NOT_AUDITED
DeepSeek,2023-07-17,2024-03-11,238,1,raw_count,"""DeepSeek""",ok,2026-07-08,NOT_AUDITED
DeepSeek,2023-07-17,2024-03-18,245,0,raw_count,"""DeepSeek""",ok,2026-07-08,NOT_AUDITED
DeepSeek,2023-07-17,2024-03-25,252,2,raw_count,"""DeepSeek""",ok,2026-07-08,NOT_AUDITED
DeepSeek,2023-07-17,2024-04-01,259,1,raw_count,"""DeepSeek""",ok,2026-07-08,NOT_AUDITED
DeepSeek,2023-07-17,2024-04-08,266,0,raw_count,"""DeepSeek""",ok,2026-07-08,NOT_AUDITED
DeepSeek,2023-07-17,2024-04-15,273,0,raw_count,"""DeepSeek""",ok,2026-07-08,NOT_AUDITED
DeepSeek,2023-07-17,2024-04-22,280,0,raw_count,"""DeepSeek""",ok,2026-07-08,NOT_AUDITED
DeepSeek,2023-07-17,2024-04-29,287,0,raw_count,"""DeepSeek""",ok,2026-07-08,NOT_AUDITED
DeepSeek,2023-07-17,2024-05-06,294,0,raw_count,"""DeepSeek""",ok,2026-07-08,NOT_AUDITED
DeepSeek,2023-07-17,2024-05-13,301,0,raw_count,"""DeepSeek""",ok,2026-07-08,NOT_AUDITED
DeepSeek,2023-07-17,2024-05-20,308,0,raw_count,"""DeepSeek""",ok,2026-07-08,NOT_AUDITED
DeepSeek,2023-07-17,2024-05-27,315,4,raw_count,"""DeepSeek""",ok,2026-07-08,NOT_AUDITED
DeepSeek,2023-07-17,2024-06-03,322,0,raw_count,"""DeepSeek""",ok,2026-07-08,NOT_AUDITED
DeepSeek,2023-07-17,2024-06-10,329,0,raw_count,"""DeepSeek""",ok,2026-07-08,NOT_AUDITED
DeepSeek,2023-07-17,2024-06-17,336,3,raw_count,"""DeepSeek""",ok,2026-07-08,NOT_AUDITED
DeepSeek,2023-07-17,2024-06-24,343,0,raw_count,"""DeepSeek""",ok,2026-07-08,NOT_AUDITED
DeepSeek,2023-07-17,2024-07-01,350,1,raw_count,"""DeepSeek""",ok,2026-07-08,NOT_AUDITED
DeepSeek,2023-07-17,2024-07-08,357,1,raw_count,"""DeepSeek""",ok,2026-07-08,NOT_AUDITED
DeepSeek,2023-07-17,2024-07-15,364,3,raw_count,"""DeepSeek""",ok,2026-07-08,NOT_AUDITED
DeepSeek,2023-07-17,2024-07-22,371,1,raw_count,"""DeepSeek""",ok,2026-07-08,NOT_AUDITED
DeepSeek,2023-07-17,2024-07-29,378,0,raw_count,"""DeepSeek""",ok,2026-07-08,NOT_AUDITED
DeepSeek,2023-07-17,2024-08-05,385,1,raw_count,"""DeepSeek""",ok,2026-07-08,NOT_AUDITED
DeepSeek,2023-07-17,2024-08-12,392,1,raw_count,"""DeepSeek""",ok,2026-07-08,NOT_AUDITED
DeepSeek,2023-07-17,2024-08-19,399,1,raw_count,"""DeepSeek""",ok,2026-07-08,NOT_AUDITED
DeepSeek,2023-07-17,2024-08-26,406,0,raw_count,"""DeepSeek""",ok,2026-07-08,NOT_AUDITED
DeepSeek,2023-07-17,2024-09-02,413,2,raw_count,"""DeepSeek""",ok,2026-07-08,NOT_AUDITED
DeepSeek,2023-07-17,2024-09-09,420,1,raw_count,"""DeepSeek""",ok,2026-07-08,NOT_AUDITED
DeepSeek,2023-07-17,2024-09-16,427,1,raw_count,"""DeepSeek""",ok,2026-07-08,NOT_AUDITED
DeepSeek,2023-07-17,2024-09-23,434,1,raw_count,"""DeepSeek""",ok,2026-07-08,NOT_AUDITED
DeepSeek,2023-07-17,2024-09-30,441,2,raw_count,"""DeepSeek""",ok,2026-07-08,NOT_AUDITED
DeepSeek,2023-07-17,2024-10-07,448,1,raw_count,"""DeepSeek""",ok,2026-07-08,NOT_AUDITED
DeepSeek,2023-07-17,2024-10-14,455,0,raw_count,"""DeepSeek""",ok,2026-07-08,NOT_AUDITED
DeepSeek,2023-07-17,2024-10-21,462,1,raw_count,"""DeepSeek""",ok,2026-07-08,NOT_AUDITED
DeepSeek,2023-07-17,2024-10-28,469,2,raw_count,"""DeepSeek""",ok,2026-07-08,NOT_AUDITED
DeepSeek,2023-07-17,2024-11-04,476,1,raw_count,"""DeepSeek""",ok,2026-07-08,NOT_AUDITED
DeepSeek,2023-07-17,2024-11-11,483,0,raw_count,"""DeepSeek""",ok,2026-07-08,NOT_AUDITED
DeepSeek,2023-07-17,2024-11-18,490,7,raw_count,"""DeepSeek""",ok,2026-07-08,NOT_AUDITED
DeepSeek,2023-07-17,2024-11-25,497,5,raw_count,"""DeepSeek""",ok,2026-07-08,NOT_AUDITED
DeepSeek,2023-07-17,2024-12-02,504,3,raw_count,"""DeepSeek""",ok,2026-07-08,NOT_AUDITED
DeepSeek,2023-07-17,2024-12-09,511,5,raw_count,"""DeepSeek""",ok,2026-07-08,NOT_AUDITED
DeepSeek,2023-07-17,2024-12-16,518,6,raw_count,"""DeepSeek""",ok,2026-07-08,NOT_AUDITED
DeepSeek,2023-07-17,2024-12-23,525,18,raw_count,"""DeepSeek""",ok,2026-07-08,NOT_AUDITED
DeepSeek,2023-07-17,2024-12-30,532,17,raw_count,"""DeepSeek""",ok,2026-07-08,NOT_AUDITED
DeepSeek,2023-07-17,2025-01-06,539,7,raw_count,"""DeepSeek""",ok,2026-07-08,NOT_AUDITED
DeepSeek,2023-07-17,2025-01-13,546,9,raw_count,"""DeepSeek""",ok,2026-07-08,NOT_AUDITED
DeepSeek,2023-07-17,2025-01-20,553,108,raw_count,"""DeepSeek""",ok,2026-07-08,NOT_AUDITED
DeepSeek,2023-07-17,2025-01-27,560,5741,raw_count,"""DeepSeek""",ok,2026-07-08,NOT_AUDITED
DeepSeek,2023-07-17,2025-02-03,567,2421,raw_count,"""DeepSeek""",ok,2026-07-08,NOT_AUDITED
DeepSeek,2023-07-17,2025-02-10,574,1498,raw_count,"""DeepSeek""",ok,2026-07-08,NOT_AUDITED
DeepSeek,2023-07-17,2025-02-17,581,1495,raw_count,"""DeepSeek""",ok,2026-07-08,NOT_AUDITED
DeepSeek,2023-07-17,2025-02-24,588,1264,raw_count,"""DeepSeek""",ok,2026-07-08,NOT_AUDITED
DeepSeek,2023-07-17,2025-03-03,595,797,raw_count,"""DeepSeek""",ok,2026-07-08,NOT_AUDITED
DeepSeek,2023-07-17,2025-03-10,602,746,raw_count,"""DeepSeek""",ok,2026-07-08,NOT_AUDITED
DeepSeek,2023-07-17,2025-03-17,609,584,raw_count,"""DeepSeek""",ok,2026-07-08,NOT_AUDITED
DeepSeek,2023-07-17,2025-03-24,616,613,raw_count,"""DeepSeek""",ok,2026-07-08,NOT_AUDITED
DeepSeek,2023-07-17,2025-03-31,623,534,raw_count,"""DeepSeek""",ok,2026-07-08,NOT_AUDITED
DeepSeek,2023-07-17,2025-04-07,630,424,raw_count,"""DeepSeek""",ok,2026-07-08,NOT_AUDITED
DeepSeek,2023-07-17,2025-04-14,637,606,raw_count,"""DeepSeek""",ok,2026-07-08,NOT_AUDITED
DeepSeek,2023-07-17,2025-04-21,644,309,raw_count,"""DeepSeek""",ok,2026-07-08,NOT_AUDITED
DeepSeek,2023-07-17,2025-04-28,651,355,raw_count,"""DeepSeek""",ok,2026-07-08,NOT_AUDITED
DeepSeek,2023-07-17,2025-05-05,658,271,raw_count,"""DeepSeek""",ok,2026-07-08,NOT_AUDITED
DeepSeek,2023-07-17,2025-05-12,665,226,raw_count,"""DeepSeek""",ok,2026-07-08,NOT_AUDITED
DeepSeek,2023-07-17,2025-05-19,672,337,raw_count,"""DeepSeek""",ok,2026-07-08,NOT_AUDITED
DeepSeek,2023-07-17,2025-05-26,679,279,raw_count,"""DeepSeek""",ok,2026-07-08,NOT_AUDITED
DeepSeek,2023-07-17,2025-06-02,686,190,raw_count,"""DeepSeek""",ok,2026-07-08,NOT_AUDITED
DeepSeek,2023-07-17,2025-06-09,693,158,raw_count,"""DeepSeek""",ok,2026-07-08,NOT_AUDITED
DeepSeek,2023-07-17,2025-06-16,700,0,raw_count,"""DeepSeek""",ok,2026-07-08,NOT_AUDITED
DeepSeek,2023-07-17,2025-06-23,707,0,raw_count,"""DeepSeek""",ok,2026-07-08,NOT_AUDITED
DeepSeek,2023-07-17,2025-06-30,714,154,raw_count,"""DeepSeek""",ok,2026-07-08,NOT_AUDITED
DeepSeek,2023-07-17,2025-07-07,721,226,raw_count,"""DeepSeek""",ok,2026-07-08,NOT_AUDITED
DeepSeek,2023-07-17,2025-07-14,728,336,raw_count,"""DeepSeek""",ok,2026-07-08,NOT_AUDITED
DeepSeek,2023-07-17,2025-07-21,735,213,raw_count,"""DeepSeek""",ok,2026-07-08,NOT_AUDITED
DeepSeek,2023-07-17,2025-07-28,742,242,raw_count,"""DeepSeek""",ok,2026-07-08,NOT_AUDITED
DeepSeek,2023-07-17,2025-08-04,749,223,raw_count,"""DeepSeek""",ok,2026-07-08,NOT_AUDITED
DeepSeek,2023-07-17,2025-08-11,756,300,raw_count,"""DeepSeek""",ok,2026-07-08,NOT_AUDITED
DeepSeek,2023-07-17,2025-08-18,763,178,raw_count,"""DeepSeek""",ok,2026-07-08,NOT_AUDITED
DeepSeek,2023-07-17,2025-08-25,770,286,raw_count,"""DeepSeek""",ok,2026-07-08,NOT_AUDITED
DeepSeek,2023-07-17,2025-09-01,777,132,raw_count,"""DeepSeek""",ok,2026-07-08,NOT_AUDITED
DeepSeek,2023-07-17,2025-09-08,784,122,raw_count,"""DeepSeek""",ok,2026-07-08,NOT_AUDITED
DeepSeek,2023-07-17,2025-09-15,791,123,raw_count,"""DeepSeek""",ok,2026-07-08,NOT_AUDITED
DeepSeek,2023-07-17,2025-09-22,798,129,raw_count,"""DeepSeek""",ok,2026-07-08,NOT_AUDITED
DeepSeek,2023-07-17,2025-09-29,805,84,raw_count,"""DeepSeek""",ok,2026-07-08,NOT_AUDITED
DeepSeek,2023-07-17,2025-10-06,812,121,raw_count,"""DeepSeek""",ok,2026-07-08,NOT_AUDITED
DeepSeek,2023-07-17,2025-10-13,819,98,raw_count,"""DeepSeek""",ok,2026-07-08,NOT_AUDITED
DeepSeek,2023-07-17,2025-10-20,826,200,raw_count,"""DeepSeek""",ok,2026-07-08,NOT_AUDITED
DeepSeek,2023-07-17,2025-10-27,833,126,raw_count,"""DeepSeek""",ok,2026-07-08,NOT_AUDITED
DeepSeek,2023-07-17,2025-11-03,840,126,raw_count,"""DeepSeek""",ok,2026-07-08,NOT_AUDITED
DeepSeek,2023-07-17,2025-11-10,847,105,raw_count,"""DeepSeek""",ok,2026-07-08,NOT_AUDITED
DeepSeek,2023-07-17,2025-11-17,854,113,raw_count,"""DeepSeek""",ok,2026-07-08,NOT_AUDITED
DeepSeek,2023-07-17,2025-11-24,861,119,raw_count,"""DeepSeek""",ok,2026-07-08,NOT_AUDITED
DeepSeek,2023-07-17,2025-12-01,868,191,raw_count,"""DeepSeek""",ok,2026-07-08,NOT_AUDITED
DeepSeek,2023-07-17,2025-12-08,875,245,raw_count,"""DeepSeek""",ok,2026-07-08,NOT_AUDITED
DeepSeek,2023-07-17,2025-12-15,882,132,raw_count,"""DeepSeek""",ok,2026-07-08,NOT_AUDITED
DeepSeek,2023-07-17,2025-12-22,889,713,raw_count,"""DeepSeek""",ok,2026-07-08,NOT_AUDITED
DeepSeek,2023-07-17,2025-12-29,896,235,raw_count,"""DeepSeek""",ok,2026-07-08,NOT_AUDITED
DeepSeek,2023-07-17,2026-01-05,903,177,raw_count,"""DeepSeek""",ok,2026-07-08,NOT_AUDITED
DeepSeek,2023-07-17,2026-01-12,910,117,raw_count,"""DeepSeek""",ok,2026-07-08,NOT_AUDITED
DeepSeek,2023-07-17,2026-01-19,917,124,raw_count,"""DeepSeek""",ok,2026-07-08,NOT_AUDITED
DeepSeek,2023-07-17,2026-01-26,924,93,raw_count,"""DeepSeek""",ok,2026-07-08,NOT_AUDITED
DeepSeek,2023-07-17,2026-02-02,931,100,raw_count,"""DeepSeek""",ok,2026-07-08,NOT_AUDITED
DeepSeek,2023-07-17,2026-02-09,938,154,raw_count,"""DeepSeek""",ok,2026-07-08,NOT_AUDITED
DeepSeek,2023-07-17,2026-02-16,945,187,raw_count,"""DeepSeek""",ok,2026-07-08,NOT_AUDITED
DeepSeek,2023-07-17,2026-02-23,952,167,raw_count,"""DeepSeek""",ok,2026-07-08,NOT_AUDITED
DeepSeek,2023-07-17,2026-03-02,959,118,raw_count,"""DeepSeek""",ok,2026-07-08,NOT_AUDITED
DeepSeek,2023-07-17,2026-03-09,966,143,raw_count,"""DeepSeek""",ok,2026-07-08,NOT_AUDITED
DeepSeek,2023-07-17,2026-03-16,973,90,raw_count,"""DeepSeek""",ok,2026-07-08,NOT_AUDITED
DeepSeek,2023-07-17,2026-03-23,980,146,raw_count,"""DeepSeek""",ok,2026-07-08,NOT_AUDITED
DeepSeek,2023-07-17,2026-03-30,987,190,raw_count,"""DeepSeek""",ok,2026-07-08,NOT_AUDITED
DeepSeek,2023-07-17,2026-04-06,994,60,raw_count,"""DeepSeek""",ok,2026-07-08,NOT_AUDITED
DeepSeek,2023-07-17,2026-04-13,1001,125,raw_count,"""DeepSeek""",ok,2026-07-08,NOT_AUDITED
DeepSeek,2023-07-17,2026-04-20,1008,457,raw_count,"""DeepSeek""",ok,2026-07-08,NOT_AUDITED
DeepSeek,2023-07-17,2026-04-27,1015,164,raw_count,"""DeepSeek""",ok,2026-07-08,NOT_AUDITED
DeepSeek,2023-07-17,2026-05-04,1022,179,raw_count,"""DeepSeek""",ok,2026-07-08,NOT_AUDITED
DeepSeek,2023-07-17,2026-05-11,1029,171,raw_count,"""DeepSeek""",ok,2026-07-08,NOT_AUDITED
DeepSeek,2023-07-17,2026-05-18,1036,78,raw_count,"""DeepSeek""",ok,2026-07-08,NOT_AUDITED
DeepSeek,2023-07-17,2026-05-25,1043,181,raw_count,"""DeepSeek""",ok,2026-07-08,NOT_AUDITED
DeepSeek,2023-07-17,2026-06-01,1050,97,raw_count,"""DeepSeek""",ok,2026-07-08,NOT_AUDITED
DeepSeek,2023-07-17,2026-06-08,1057,73,raw_count,"""DeepSeek""",ok,2026-07-08,NOT_AUDITED
DeepSeek,2023-07-17,2026-06-15,1064,142,raw_count,"""DeepSeek""",ok,2026-07-08,NOT_AUDITED
DeepSeek,2023-07-17,2026-06-22,1071,249,raw_count,"""DeepSeek""",ok,2026-07-08,NOT_AUDITED
DeepSeek,2023-07-17,2026-06-29,1078,60,raw_count,"""DeepSeek""",ok,2026-07-08,NOT_AUDITED
Sakana AI,2023-08-01,2023-07-03,-29,0,raw_count,"""Sakana AI""",ok,2026-07-08,NOT_AUDITED
Sakana AI,2023-08-01,2023-07-10,-22,0,raw_count,"""Sakana AI""",ok,2026-07-08,NOT_AUDITED
Sakana AI,2023-08-01,2023-07-17,-15,0,raw_count,"""Sakana AI""",ok,2026-07-08,NOT_AUDITED
Sakana AI,2023-08-01,2023-07-24,-8,0,raw_count,"""Sakana AI""",ok,2026-07-08,NOT_AUDITED
Sakana AI,2023-08-01,2023-07-31,-1,0,raw_count,"""Sakana AI""",ok,2026-07-08,NOT_AUDITED
Sakana AI,2023-08-01,2023-08-07,6,0,raw_count,"""Sakana AI""",ok,2026-07-08,NOT_AUDITED
Sakana AI,2023-08-01,2023-08-14,13,3,raw_count,"""Sakana AI""",ok,2026-07-08,NOT_AUDITED
Sakana AI,2023-08-01,2023-08-21,20,1,raw_count,"""Sakana AI""",ok,2026-07-08,NOT_AUDITED
Sakana AI,2023-08-01,2023-08-28,27,0,raw_count,"""Sakana AI""",ok,2026-07-08,NOT_AUDITED
Sakana AI,2023-08-01,2023-09-04,34,0,raw_count,"""Sakana AI""",ok,2026-07-08,NOT_AUDITED
Sakana AI,2023-08-01,2023-09-11,41,0,raw_count,"""Sakana AI""",ok,2026-07-08,NOT_AUDITED
Sakana AI,2023-08-01,2023-09-18,48,0,raw_count,"""Sakana AI""",ok,2026-07-08,NOT_AUDITED
Sakana AI,2023-08-01,2023-09-25,55,0,raw_count,"""Sakana AI""",ok,2026-07-08,NOT_AUDITED
Sakana AI,2023-08-01,2023-10-02,62,0,raw_count,"""Sakana AI""",ok,2026-07-08,NOT_AUDITED
Sakana AI,2023-08-01,2023-10-09,69,0,raw_count,"""Sakana AI""",ok,2026-07-08,NOT_AUDITED
Sakana AI,2023-08-01,2023-10-16,76,0,raw_count,"""Sakana AI""",ok,2026-07-08,NOT_AUDITED
Sakana AI,2023-08-01,2023-10-23,83,1,raw_count,"""Sakana AI""",ok,2026-07-08,NOT_AUDITED
Sakana AI,2023-08-01,2023-10-30,90,0,raw_count,"""Sakana AI""",ok,2026-07-08,NOT_AUDITED
Sakana AI,2023-08-01,2023-11-06,97,0,raw_count,"""Sakana AI""",ok,2026-07-08,NOT_AUDITED
Sakana AI,2023-08-01,2023-11-13,104,0,raw_count,"""Sakana AI""",ok,2026-07-08,NOT_AUDITED
Sakana AI,2023-08-01,2023-11-20,111,0,raw_count,"""Sakana AI""",ok,2026-07-08,NOT_AUDITED
Sakana AI,2023-08-01,2023-11-27,118,0,raw_count,"""Sakana AI""",ok,2026-07-08,NOT_AUDITED
Sakana AI,2023-08-01,2023-12-04,125,2,raw_count,"""Sakana AI""",ok,2026-07-08,NOT_AUDITED
Sakana AI,2023-08-01,2023-12-11,132,0,raw_count,"""Sakana AI""",ok,2026-07-08,NOT_AUDITED
Sakana AI,2023-08-01,2023-12-18,139,1,raw_count,"""Sakana AI""",ok,2026-07-08,NOT_AUDITED
Sakana AI,2023-08-01,2023-12-25,146,0,raw_count,"""Sakana AI""",ok,2026-07-08,NOT_AUDITED
Sakana AI,2023-08-01,2024-01-01,153,0,raw_count,"""Sakana AI""",ok,2026-07-08,NOT_AUDITED
Sakana AI,2023-08-01,2024-01-08,160,0,raw_count,"""Sakana AI""",ok,2026-07-08,NOT_AUDITED
Sakana AI,2023-08-01,2024-01-15,167,2,raw_count,"""Sakana AI""",ok,2026-07-08,NOT_AUDITED
Sakana AI,2023-08-01,2024-01-22,174,0,raw_count,"""Sakana AI""",ok,2026-07-08,NOT_AUDITED
Sakana AI,2023-08-01,2024-01-29,181,0,raw_count,"""Sakana AI""",ok,2026-07-08,NOT_AUDITED
Sakana AI,2023-08-01,2024-02-05,188,0,raw_count,"""Sakana AI""",ok,2026-07-08,NOT_AUDITED
Sakana AI,2023-08-01,2024-02-12,195,0,raw_count,"""Sakana AI""",ok,2026-07-08,NOT_AUDITED
Sakana AI,2023-08-01,2024-02-19,202,0,raw_count,"""Sakana AI""",ok,2026-07-08,NOT_AUDITED
Sakana AI,2023-08-01,2024-02-26,209,1,raw_count,"""Sakana AI""",ok,2026-07-08,NOT_AUDITED
Sakana AI,2023-08-01,2024-03-04,216,0,raw_count,"""Sakana AI""",ok,2026-07-08,NOT_AUDITED
Sakana AI,2023-08-01,2024-03-11,223,0,raw_count,"""Sakana AI""",ok,2026-07-08,NOT_AUDITED
Sakana AI,2023-08-01,2024-03-18,230,7,raw_count,"""Sakana AI""",ok,2026-07-08,NOT_AUDITED
Sakana AI,2023-08-01,2024-03-25,237,0,raw_count,"""Sakana AI""",ok,2026-07-08,NOT_AUDITED
Sakana AI,2023-08-01,2024-04-01,244,0,raw_count,"""Sakana AI""",ok,2026-07-08,NOT_AUDITED
Sakana AI,2023-08-01,2024-04-08,251,3,raw_count,"""Sakana AI""",ok,2026-07-08,NOT_AUDITED
Sakana AI,2023-08-01,2024-04-15,258,1,raw_count,"""Sakana AI""",ok,2026-07-08,NOT_AUDITED
Sakana AI,2023-08-01,2024-04-22,265,0,raw_count,"""Sakana AI""",ok,2026-07-08,NOT_AUDITED
Sakana AI,2023-08-01,2024-04-29,272,0,raw_count,"""Sakana AI""",ok,2026-07-08,NOT_AUDITED
Sakana AI,2023-08-01,2024-05-06,279,0,raw_count,"""Sakana AI""",ok,2026-07-08,NOT_AUDITED
Sakana AI,2023-08-01,2024-05-13,286,0,raw_count,"""Sakana AI""",ok,2026-07-08,NOT_AUDITED
Sakana AI,2023-08-01,2024-05-20,293,0,raw_count,"""Sakana AI""",ok,2026-07-08,NOT_AUDITED
Sakana AI,2023-08-01,2024-05-27,300,0,raw_count,"""Sakana AI""",ok,2026-07-08,NOT_AUDITED
Sakana AI,2023-08-01,2024-06-03,307,1,raw_count,"""Sakana AI""",ok,2026-07-08,NOT_AUDITED
Sakana AI,2023-08-01,2024-06-10,314,2,raw_count,"""Sakana AI""",ok,2026-07-08,NOT_AUDITED
Sakana AI,2023-08-01,2024-06-17,321,2,raw_count,"""Sakana AI""",ok,2026-07-08,NOT_AUDITED
Sakana AI,2023-08-01,2024-06-24,328,0,raw_count,"""Sakana AI""",ok,2026-07-08,NOT_AUDITED
Sakana AI,2023-08-01,2024-07-01,335,0,raw_count,"""Sakana AI""",ok,2026-07-08,NOT_AUDITED
Sakana AI,2023-08-01,2024-07-08,342,0,raw_count,"""Sakana AI""",ok,2026-07-08,NOT_AUDITED
Sakana AI,2023-08-01,2024-07-15,349,0,raw_count,"""Sakana AI""",ok,2026-07-08,NOT_AUDITED
Sakana AI,2023-08-01,2024-07-22,356,1,raw_count,"""Sakana AI""",ok,2026-07-08,NOT_AUDITED
Sakana AI,2023-08-01,2024-07-29,363,0,raw_count,"""Sakana AI""",ok,2026-07-08,NOT_AUDITED
Sakana AI,2023-08-01,2024-08-05,370,1,raw_count,"""Sakana AI""",ok,2026-07-08,NOT_AUDITED
Sakana AI,2023-08-01,2024-08-12,377,4,raw_count,"""Sakana AI""",ok,2026-07-08,NOT_AUDITED
Sakana AI,2023-08-01,2024-08-19,384,6,raw_count,"""Sakana AI""",ok,2026-07-08,NOT_AUDITED
Sakana AI,2023-08-01,2024-08-26,391,1,raw_count,"""Sakana AI""",ok,2026-07-08,NOT_AUDITED
Sakana AI,2023-08-01,2024-09-02,398,18,raw_count,"""Sakana AI""",ok,2026-07-08,NOT_AUDITED
Sakana AI,2023-08-01,2024-09-09,405,3,raw_count,"""Sakana AI""",ok,2026-07-08,NOT_AUDITED
Sakana AI,2023-08-01,2024-09-16,412,5,raw_count,"""Sakana AI""",ok,2026-07-08,NOT_AUDITED
Sakana AI,2023-08-01,2024-09-23,419,3,raw_count,"""Sakana AI""",ok,2026-07-08,NOT_AUDITED
Sakana AI,2023-08-01,2024-09-30,426,0,raw_count,"""Sakana AI""",ok,2026-07-08,NOT_AUDITED
Sakana AI,2023-08-01,2024-10-07,433,2,raw_count,"""Sakana AI""",ok,2026-07-08,NOT_AUDITED
Sakana AI,2023-08-01,2024-10-14,440,2,raw_count,"""Sakana AI""",ok,2026-07-08,NOT_AUDITED
Sakana AI,2023-08-01,2024-10-21,447,3,raw_count,"""Sakana AI""",ok,2026-07-08,NOT_AUDITED
Sakana AI,2023-08-01,2024-10-28,454,4,raw_count,"""Sakana AI""",ok,2026-07-08,NOT_AUDITED
Sakana AI,2023-08-01,2024-11-04,461,2,raw_count,"""Sakana AI""",ok,2026-07-08,NOT_AUDITED
Sakana AI,2023-08-01,2024-11-11,468,0,raw_count,"""Sakana AI""",ok,2026-07-08,NOT_AUDITED
Sakana AI,2023-08-01,2024-11-18,475,1,raw_count,"""Sakana AI""",ok,2026-07-08,NOT_AUDITED
Sakana AI,2023-08-01,2024-11-25,482,0,raw_count,"""Sakana AI""",ok,2026-07-08,NOT_AUDITED
Sakana AI,2023-08-01,2024-12-02,489,0,raw_count,"""Sakana AI""",ok,2026-07-08,NOT_AUDITED
Sakana AI,2023-08-01,2024-12-09,496,0,raw_count,"""Sakana AI""",ok,2026-07-08,NOT_AUDITED
Sakana AI,2023-08-01,2024-12-16,503,6,raw_count,"""Sakana AI""",ok,2026-07-08,NOT_AUDITED
Sakana AI,2023-08-01,2024-12-23,510,2,raw_count,"""Sakana AI""",ok,2026-07-08,NOT_AUDITED
Sakana AI,2023-08-01,2024-12-30,517,2,raw_count,"""Sakana AI""",ok,2026-07-08,NOT_AUDITED
Sakana AI,2023-08-01,2025-01-06,524,1,raw_count,"""Sakana AI""",ok,2026-07-08,NOT_AUDITED
Sakana AI,2023-08-01,2025-01-13,531,1,raw_count,"""Sakana AI""",ok,2026-07-08,NOT_AUDITED
Sakana AI,2023-08-01,2025-01-20,538,0,raw_count,"""Sakana AI""",ok,2026-07-08,NOT_AUDITED
Sakana AI,2023-08-01,2025-01-27,545,1,raw_count,"""Sakana AI""",ok,2026-07-08,NOT_AUDITED
Sakana AI,2023-08-01,2025-02-03,552,3,raw_count,"""Sakana AI""",ok,2026-07-08,NOT_AUDITED
Sakana AI,2023-08-01,2025-02-10,559,1,raw_count,"""Sakana AI""",ok,2026-07-08,NOT_AUDITED
Sakana AI,2023-08-01,2025-02-17,566,0,raw_count,"""Sakana AI""",ok,2026-07-08,NOT_AUDITED
Sakana AI,2023-08-01,2025-02-24,573,2,raw_count,"""Sakana AI""",ok,2026-07-08,NOT_AUDITED
Sakana AI,2023-08-01,2025-03-03,580,0,raw_count,"""Sakana AI""",ok,2026-07-08,NOT_AUDITED
Sakana AI,2023-08-01,2025-03-10,587,4,raw_count,"""Sakana AI""",ok,2026-07-08,NOT_AUDITED
Sakana AI,2023-08-01,2025-03-17,594,1,raw_count,"""Sakana AI""",ok,2026-07-08,NOT_AUDITED
Sakana AI,2023-08-01,2025-03-24,601,0,raw_count,"""Sakana AI""",ok,2026-07-08,NOT_AUDITED
Sakana AI,2023-08-01,2025-03-31,608,0,raw_count,"""Sakana AI""",ok,2026-07-08,NOT_AUDITED
Sakana AI,2023-08-01,2025-04-07,615,1,raw_count,"""Sakana AI""",ok,2026-07-08,NOT_AUDITED
Sakana AI,2023-08-01,2025-04-14,622,1,raw_count,"""Sakana AI""",ok,2026-07-08,NOT_AUDITED
Sakana AI,2023-08-01,2025-04-21,629,1,raw_count,"""Sakana AI""",ok,2026-07-08,NOT_AUDITED
Sakana AI,2023-08-01,2025-04-28,636,1,raw_count,"""Sakana AI""",ok,2026-07-08,NOT_AUDITED
Sakana AI,2023-08-01,2025-05-05,643,0,raw_count,"""Sakana AI""",ok,2026-07-08,NOT_AUDITED
Sakana AI,2023-08-01,2025-05-12,650,1,raw_count,"""Sakana AI""",ok,2026-07-08,NOT_AUDITED
Sakana AI,2023-08-01,2025-05-19,657,0,raw_count,"""Sakana AI""",ok,2026-07-08,NOT_AUDITED
Sakana AI,2023-08-01,2025-05-26,664,0,raw_count,"""Sakana AI""",ok,2026-07-08,NOT_AUDITED
Sakana AI,2023-08-01,2025-06-02,671,2,raw_count,"""Sakana AI""",ok,2026-07-08,NOT_AUDITED
Sakana AI,2023-08-01,2025-06-09,678,0,raw_count,"""Sakana AI""",ok,2026-07-08,NOT_AUDITED
Sakana AI,2023-08-01,2025-06-16,685,0,raw_count,"""Sakana AI""",ok,2026-07-08,NOT_AUDITED
Sakana AI,2023-08-01,2025-06-23,692,0,raw_count,"""Sakana AI""",ok,2026-07-08,NOT_AUDITED
Sakana AI,2023-08-01,2025-06-30,699,0,raw_count,"""Sakana AI""",ok,2026-07-08,NOT_AUDITED
Sakana AI,2023-08-01,2025-07-07,706,1,raw_count,"""Sakana AI""",ok,2026-07-08,NOT_AUDITED
Sakana AI,2023-08-01,2025-07-14,713,0,raw_count,"""Sakana AI""",ok,2026-07-08,NOT_AUDITED
Sakana AI,2023-08-01,2025-07-21,720,0,raw_count,"""Sakana AI""",ok,2026-07-08,NOT_AUDITED
Sakana AI,2023-08-01,2025-07-28,727,0,raw_count,"""Sakana AI""",ok,2026-07-08,NOT_AUDITED
Sakana AI,2023-08-01,2025-08-04,734,1,raw_count,"""Sakana AI""",ok,2026-07-08,NOT_AUDITED
Sakana AI,2023-08-01,2025-08-11,741,0,raw_count,"""Sakana AI""",ok,2026-07-08,NOT_AUDITED
Sakana AI,2023-08-01,2025-08-18,748,3,raw_count,"""Sakana AI""",ok,2026-07-08,NOT_AUDITED
Sakana AI,2023-08-01,2025-08-25,755,2,raw_count,"""Sakana AI""",ok,2026-07-08,NOT_AUDITED
Sakana AI,2023-08-01,2025-09-01,762,2,raw_count,"""Sakana AI""",ok,2026-07-08,NOT_AUDITED
Sakana AI,2023-08-01,2025-09-08,769,5,raw_count,"""Sakana AI""",ok,2026-07-08,NOT_AUDITED
Sakana AI,2023-08-01,2025-09-15,776,0,raw_count,"""Sakana AI""",ok,2026-07-08,NOT_AUDITED
Sakana AI,2023-08-01,2025-09-22,783,1,raw_count,"""Sakana AI""",ok,2026-07-08,NOT_AUDITED
Sakana AI,2023-08-01,2025-09-29,790,0,raw_count,"""Sakana AI""",ok,2026-07-08,NOT_AUDITED
Sakana AI,2023-08-01,2025-10-06,797,0,raw_count,"""Sakana AI""",ok,2026-07-08,NOT_AUDITED
Sakana AI,2023-08-01,2025-10-13,804,0,raw_count,"""Sakana AI""",ok,2026-07-08,NOT_AUDITED
Sakana AI,2023-08-01,2025-10-20,811,0,raw_count,"""Sakana AI""",ok,2026-07-08,NOT_AUDITED
Sakana AI,2023-08-01,2025-10-27,818,2,raw_count,"""Sakana AI""",ok,2026-07-08,NOT_AUDITED
Sakana AI,2023-08-01,2025-11-03,825,0,raw_count,"""Sakana AI""",ok,2026-07-08,NOT_AUDITED
Sakana AI,2023-08-01,2025-11-10,832,2,raw_count,"""Sakana AI""",ok,2026-07-08,NOT_AUDITED
Sakana AI,2023-08-01,2025-11-17,839,11,raw_count,"""Sakana AI""",ok,2026-07-08,NOT_AUDITED
Sakana AI,2023-08-01,2025-11-24,846,3,raw_count,"""Sakana AI""",ok,2026-07-08,NOT_AUDITED
Sakana AI,2023-08-01,2025-12-01,853,1,raw_count,"""Sakana AI""",ok,2026-07-08,NOT_AUDITED
Sakana AI,2023-08-01,2025-12-08,860,0,raw_count,"""Sakana AI""",ok,2026-07-08,NOT_AUDITED
Sakana AI,2023-08-01,2025-12-15,867,2,raw_count,"""Sakana AI""",ok,2026-07-08,NOT_AUDITED
Sakana AI,2023-08-01,2025-12-22,874,0,raw_count,"""Sakana AI""",ok,2026-07-08,NOT_AUDITED
Sakana AI,2023-08-01,2025-12-29,881,0,raw_count,"""Sakana AI""",ok,2026-07-08,NOT_AUDITED
Sakana AI,2023-08-01,2026-01-05,888,3,raw_count,"""Sakana AI""",ok,2026-07-08,NOT_AUDITED
Sakana AI,2023-08-01,2026-01-12,895,0,raw_count,"""Sakana AI""",ok,2026-07-08,NOT_AUDITED
Sakana AI,2023-08-01,2026-01-19,902,4,raw_count,"""Sakana AI""",ok,2026-07-08,NOT_AUDITED
Sakana AI,2023-08-01,2026-01-26,909,3,raw_count,"""Sakana AI""",ok,2026-07-08,NOT_AUDITED
Sakana AI,2023-08-01,2026-02-02,916,1,raw_count,"""Sakana AI""",ok,2026-07-08,NOT_AUDITED
Sakana AI,2023-08-01,2026-02-09,923,0,raw_count,"""Sakana AI""",ok,2026-07-08,NOT_AUDITED
Sakana AI,2023-08-01,2026-02-16,930,0,raw_count,"""Sakana AI""",ok,2026-07-08,NOT_AUDITED
Sakana AI,2023-08-01,2026-02-23,937,3,raw_count,"""Sakana AI""",ok,2026-07-08,NOT_AUDITED
Sakana AI,2023-08-01,2026-03-02,944,1,raw_count,"""Sakana AI""",ok,2026-07-08,NOT_AUDITED
Sakana AI,2023-08-01,2026-03-09,951,0,raw_count,"""Sakana AI""",ok,2026-07-08,NOT_AUDITED
Sakana AI,2023-08-01,2026-03-16,958,1,raw_count,"""Sakana AI""",ok,2026-07-08,NOT_AUDITED
Sakana AI,2023-08-01,2026-03-23,965,4,raw_count,"""Sakana AI""",ok,2026-07-08,NOT_AUDITED
Sakana AI,2023-08-01,2026-03-30,972,2,raw_count,"""Sakana AI""",ok,2026-07-08,NOT_AUDITED
Sakana AI,2023-08-01,2026-04-06,979,0,raw_count,"""Sakana AI""",ok,2026-07-08,NOT_AUDITED
Sakana AI,2023-08-01,2026-04-13,986,0,raw_count,"""Sakana AI""",ok,2026-07-08,NOT_AUDITED
Sakana AI,2023-08-01,2026-04-20,993,2,raw_count,"""Sakana AI""",ok,2026-07-08,NOT_AUDITED
Sakana AI,2023-08-01,2026-04-27,1000,1,raw_count,"""Sakana AI""",ok,2026-07-08,NOT_AUDITED
Sakana AI,2023-08-01,2026-05-04,1007,1,raw_count,"""Sakana AI""",ok,2026-07-08,NOT_AUDITED
Sakana AI,2023-08-01,2026-05-11,1014,1,raw_count,"""Sakana AI""",ok,2026-07-08,NOT_AUDITED
Sakana AI,2023-08-01,2026-05-18,1021,1,raw_count,"""Sakana AI""",ok,2026-07-08,NOT_AUDITED
Sakana AI,2023-08-01,2026-05-25,1028,4,raw_count,"""Sakana AI""",ok,2026-07-08,NOT_AUDITED
Sakana AI,2023-08-01,2026-06-01,1035,0,raw_count,"""Sakana AI""",ok,2026-07-08,NOT_AUDITED
Sakana AI,2023-08-01,2026-06-08,1042,1,raw_count,"""Sakana AI""",ok,2026-07-08,NOT_AUDITED
Sakana AI,2023-08-01,2026-06-15,1049,67,raw_count,"""Sakana AI""",ok,2026-07-08,NOT_AUDITED
Sakana AI,2023-08-01,2026-06-22,1056,15,raw_count,"""Sakana AI""",ok,2026-07-08,NOT_AUDITED
Sakana AI,2023-08-01,2026-06-29,1063,2,raw_count,"""Sakana AI""",ok,2026-07-08,NOT_AUDITED
xAI,2023-07-12,2023-06-12,-30,4,raw_count,xAI (Musk OR Grok OR startup OR company),ok,2026-07-08,PASS
xAI,2023-07-12,2023-06-19,-23,2,raw_count,xAI (Musk OR Grok OR startup OR company),ok,2026-07-08,PASS
xAI,2023-07-12,2023-06-26,-16,1,raw_count,xAI (Musk OR Grok OR startup OR company),ok,2026-07-08,PASS
xAI,2023-07-12,2023-07-03,-9,9,raw_count,xAI (Musk OR Grok OR startup OR company),ok,2026-07-08,PASS
xAI,2023-07-12,2023-07-10,-2,455,raw_count,xAI (Musk OR Grok OR startup OR company),ok,2026-07-08,PASS
xAI,2023-07-12,2023-07-17,5,80,raw_count,xAI (Musk OR Grok OR startup OR company),ok,2026-07-08,PASS
xAI,2023-07-12,2023-07-24,12,193,raw_count,xAI (Musk OR Grok OR startup OR company),ok,2026-07-08,PASS
xAI,2023-07-12,2023-07-31,19,31,raw_count,xAI (Musk OR Grok OR startup OR company),ok,2026-07-08,PASS
xAI,2023-07-12,2023-08-07,26,25,raw_count,xAI (Musk OR Grok OR startup OR company),ok,2026-07-08,PASS
xAI,2023-07-12,2023-08-14,33,5,raw_count,xAI (Musk OR Grok OR startup OR company),ok,2026-07-08,PASS
xAI,2023-07-12,2023-08-21,40,20,raw_count,xAI (Musk OR Grok OR startup OR company),ok,2026-07-08,PASS
xAI,2023-07-12,2023-08-28,47,20,raw_count,xAI (Musk OR Grok OR startup OR company),ok,2026-07-08,PASS
xAI,2023-07-12,2023-09-04,54,13,raw_count,xAI (Musk OR Grok OR startup OR company),ok,2026-07-08,PASS
xAI,2023-07-12,2023-09-11,61,22,raw_count,xAI (Musk OR Grok OR startup OR company),ok,2026-07-08,PASS
xAI,2023-07-12,2023-09-18,68,16,raw_count,xAI (Musk OR Grok OR startup OR company),ok,2026-07-08,PASS
xAI,2023-07-12,2023-09-25,75,1,raw_count,xAI (Musk OR Grok OR startup OR company),ok,2026-07-08,PASS
xAI,2023-07-12,2023-10-02,82,5,raw_count,xAI (Musk OR Grok OR startup OR company),ok,2026-07-08,PASS
xAI,2023-07-12,2023-10-09,89,3,raw_count,xAI (Musk OR Grok OR startup OR company),ok,2026-07-08,PASS
xAI,2023-07-12,2023-10-16,96,7,raw_count,xAI (Musk OR Grok OR startup OR company),ok,2026-07-08,PASS
xAI,2023-07-12,2023-10-23,103,10,raw_count,xAI (Musk OR Grok OR startup OR company),ok,2026-07-08,PASS
xAI,2023-07-12,2023-10-30,110,238,raw_count,xAI (Musk OR Grok OR startup OR company),ok,2026-07-08,PASS
xAI,2023-07-12,2023-11-06,117,201,raw_count,xAI (Musk OR Grok OR startup OR company),ok,2026-07-08,PASS
xAI,2023-07-12,2023-11-13,124,54,raw_count,xAI (Musk OR Grok OR startup OR company),ok,2026-07-08,PASS
xAI,2023-07-12,2023-11-20,131,71,raw_count,xAI (Musk OR Grok OR startup OR company),ok,2026-07-08,PASS
xAI,2023-07-12,2023-11-27,138,44,raw_count,xAI (Musk OR Grok OR startup OR company),ok,2026-07-08,PASS
xAI,2023-07-12,2023-12-04,145,146,raw_count,xAI (Musk OR Grok OR startup OR company),ok,2026-07-08,PASS
xAI,2023-07-12,2023-12-11,152,40,raw_count,xAI (Musk OR Grok OR startup OR company),ok,2026-07-08,PASS
xAI,2023-07-12,2023-12-18,159,58,raw_count,xAI (Musk OR Grok OR startup OR company),ok,2026-07-08,PASS
xAI,2023-07-12,2023-12-25,166,15,raw_count,xAI (Musk OR Grok OR startup OR company),ok,2026-07-08,PASS
xAI,2023-07-12,2024-01-01,173,14,raw_count,xAI (Musk OR Grok OR startup OR company),ok,2026-07-08,PASS
xAI,2023-07-12,2024-01-08,180,20,raw_count,xAI (Musk OR Grok OR startup OR company),ok,2026-07-08,PASS
xAI,2023-07-12,2024-01-15,187,32,raw_count,xAI (Musk OR Grok OR startup OR company),ok,2026-07-08,PASS
xAI,2023-07-12,2024-01-22,194,31,raw_count,xAI (Musk OR Grok OR startup OR company),ok,2026-07-08,PASS
xAI,2023-07-12,2024-01-29,201,21,raw_count,xAI (Musk OR Grok OR startup OR company),ok,2026-07-08,PASS
xAI,2023-07-12,2024-02-05,208,12,raw_count,xAI (Musk OR Grok OR startup OR company),ok,2026-07-08,PASS
xAI,2023-07-12,2024-02-12,215,21,raw_count,xAI (Musk OR Grok OR startup OR company),ok,2026-07-08,PASS
xAI,2023-07-12,2024-02-19,222,20,raw_count,xAI (Musk OR Grok OR startup OR company),ok,2026-07-08,PASS
xAI,2023-07-12,2024-02-26,229,124,raw_count,xAI (Musk OR Grok OR startup OR company),ok,2026-07-08,PASS
xAI,2023-07-12,2024-03-04,236,72,raw_count,xAI (Musk OR Grok OR startup OR company),ok,2026-07-08,PASS
xAI,2023-07-12,2024-03-11,243,108,raw_count,xAI (Musk OR Grok OR startup OR company),ok,2026-07-08,PASS
xAI,2023-07-12,2024-03-18,250,79,raw_count,xAI (Musk OR Grok OR startup OR company),ok,2026-07-08,PASS
xAI,2023-07-12,2024-03-25,257,71,raw_count,xAI (Musk OR Grok OR startup OR company),ok,2026-07-08,PASS
xAI,2023-07-12,2024-04-01,264,54,raw_count,xAI (Musk OR Grok OR startup OR company),ok,2026-07-08,PASS
xAI,2023-07-12,2024-04-08,271,75,raw_count,xAI (Musk OR Grok OR startup OR company),ok,2026-07-08,PASS
xAI,2023-07-12,2024-04-15,278,27,raw_count,xAI (Musk OR Grok OR startup OR company),ok,2026-07-08,PASS
xAI,2023-07-12,2024-04-22,285,24,raw_count,xAI (Musk OR Grok OR startup OR company),ok,2026-07-08,PASS
xAI,2023-07-12,2024-04-29,292,25,raw_count,xAI (Musk OR Grok OR startup OR company),ok,2026-07-08,PASS
xAI,2023-07-12,2024-05-06,299,24,raw_count,xAI (Musk OR Grok OR startup OR company),ok,2026-07-08,PASS
xAI,2023-07-12,2024-05-13,306,31,raw_count,xAI (Musk OR Grok OR startup OR company),ok,2026-07-08,PASS
xAI,2023-07-12,2024-05-20,313,102,raw_count,xAI (Musk OR Grok OR startup OR company),ok,2026-07-08,PASS
xAI,2023-07-12,2024-05-27,320,358,raw_count,xAI (Musk OR Grok OR startup OR company),ok,2026-07-08,PASS
xAI,2023-07-12,2024-06-03,327,166,raw_count,xAI (Musk OR Grok OR startup OR company),ok,2026-07-08,PASS
xAI,2023-07-12,2024-06-10,334,330,raw_count,xAI (Musk OR Grok OR startup OR company),ok,2026-07-08,PASS
xAI,2023-07-12,2024-06-17,341,88,raw_count,xAI (Musk OR Grok OR startup OR company),ok,2026-07-08,PASS
xAI,2023-07-12,2024-06-24,348,44,raw_count,xAI (Musk OR Grok OR startup OR company),ok,2026-07-08,PASS
xAI,2023-07-12,2024-07-01,355,47,raw_count,xAI (Musk OR Grok OR startup OR company),ok,2026-07-08,PASS
xAI,2023-07-12,2024-07-08,362,49,raw_count,xAI (Musk OR Grok OR startup OR company),ok,2026-07-08,PASS
xAI,2023-07-12,2024-07-15,369,44,raw_count,xAI (Musk OR Grok OR startup OR company),ok,2026-07-08,PASS
xAI,2023-07-12,2024-07-22,376,140,raw_count,xAI (Musk OR Grok OR startup OR company),ok,2026-07-08,PASS
xAI,2023-07-12,2024-07-29,383,41,raw_count,xAI (Musk OR Grok OR startup OR company),ok,2026-07-08,PASS
xAI,2023-07-12,2024-08-05,390,45,raw_count,xAI (Musk OR Grok OR startup OR company),ok,2026-07-08,PASS
xAI,2023-07-12,2024-08-12,397,86,raw_count,xAI (Musk OR Grok OR startup OR company),ok,2026-07-08,PASS
xAI,2023-07-12,2024-08-19,404,29,raw_count,xAI (Musk OR Grok OR startup OR company),ok,2026-07-08,PASS
xAI,2023-07-12,2024-08-26,411,71,raw_count,xAI (Musk OR Grok OR startup OR company),ok,2026-07-08,PASS
xAI,2023-07-12,2024-09-02,418,78,raw_count,xAI (Musk OR Grok OR startup OR company),ok,2026-07-08,PASS
xAI,2023-07-12,2024-09-09,425,79,raw_count,xAI (Musk OR Grok OR startup OR company),ok,2026-07-08,PASS
xAI,2023-07-12,2024-09-16,432,46,raw_count,xAI (Musk OR Grok OR startup OR company),ok,2026-07-08,PASS
xAI,2023-07-12,2024-09-23,439,84,raw_count,xAI (Musk OR Grok OR startup OR company),ok,2026-07-08,PASS
xAI,2023-07-12,2024-09-30,446,126,raw_count,xAI (Musk OR Grok OR startup OR company),ok,2026-07-08,PASS
xAI,2023-07-12,2024-10-07,453,30,raw_count,xAI (Musk OR Grok OR startup OR company),ok,2026-07-08,PASS
xAI,2023-07-12,2024-10-14,460,41,raw_count,xAI (Musk OR Grok OR startup OR company),ok,2026-07-08,PASS
xAI,2023-07-12,2024-10-21,467,51,raw_count,xAI (Musk OR Grok OR startup OR company),ok,2026-07-08,PASS
xAI,2023-07-12,2024-10-28,474,72,raw_count,xAI (Musk OR Grok OR startup OR company),ok,2026-07-08,PASS
xAI,2023-07-12,2024-11-04,481,90,raw_count,xAI (Musk OR Grok OR startup OR company),ok,2026-07-08,PASS
xAI,2023-07-12,2024-11-11,488,163,raw_count,xAI (Musk OR Grok OR startup OR company),ok,2026-07-08,PASS
xAI,2023-07-12,2024-11-18,495,119,raw_count,xAI (Musk OR Grok OR startup OR company),ok,2026-07-08,PASS
xAI,2023-07-12,2024-11-25,502,113,raw_count,xAI (Musk OR Grok OR startup OR company),ok,2026-07-08,PASS
xAI,2023-07-12,2024-12-02,509,262,raw_count,xAI (Musk OR Grok OR startup OR company),ok,2026-07-08,PASS
xAI,2023-07-12,2024-12-09,516,289,raw_count,xAI (Musk OR Grok OR startup OR company),ok,2026-07-08,PASS
xAI,2023-07-12,2024-12-16,523,141,raw_count,xAI (Musk OR Grok OR startup OR company),ok,2026-07-08,PASS
xAI,2023-07-12,2024-12-23,530,101,raw_count,xAI (Musk OR Grok OR startup OR company),ok,2026-07-08,PASS
xAI,2023-07-12,2024-12-30,537,77,raw_count,xAI (Musk OR Grok OR startup OR company),ok,2026-07-08,PASS
xAI,2023-07-12,2025-01-06,544,121,raw_count,xAI (Musk OR Grok OR startup OR company),ok,2026-07-08,PASS
xAI,2023-07-12,2025-01-13,551,77,raw_count,xAI (Musk OR Grok OR startup OR company),ok,2026-07-08,PASS
xAI,2023-07-12,2025-01-20,558,312,raw_count,xAI (Musk OR Grok OR startup OR company),ok,2026-07-08,PASS
xAI,2023-07-12,2025-01-27,565,123,raw_count,xAI (Musk OR Grok OR startup OR company),ok,2026-07-08,PASS
xAI,2023-07-12,2025-02-03,572,169,raw_count,xAI (Musk OR Grok OR startup OR company),ok,2026-07-08,PASS
xAI,2023-07-12,2025-02-10,579,677,raw_count,xAI (Musk OR Grok OR startup OR company),ok,2026-07-08,PASS
xAI,2023-07-12,2025-02-17,586,415,raw_count,xAI (Musk OR Grok OR startup OR company),ok,2026-07-08,PASS
xAI,2023-07-12,2025-02-24,593,184,raw_count,xAI (Musk OR Grok OR startup OR company),ok,2026-07-08,PASS
xAI,2023-07-12,2025-03-03,600,165,raw_count,xAI (Musk OR Grok OR startup OR company),ok,2026-07-08,PASS
xAI,2023-07-12,2025-03-10,607,126,raw_count,xAI (Musk OR Grok OR startup OR company),ok,2026-07-08,PASS
xAI,2023-07-12,2025-03-17,614,119,raw_count,xAI (Musk OR Grok OR startup OR company),ok,2026-07-08,PASS
xAI,2023-07-12,2025-03-24,621,342,raw_count,xAI (Musk OR Grok OR startup OR company),ok,2026-07-08,PASS
xAI,2023-07-12,2025-03-31,628,227,raw_count,xAI (Musk OR Grok OR startup OR company),ok,2026-07-08,PASS
xAI,2023-07-12,2025-04-07,635,156,raw_count,xAI (Musk OR Grok OR startup OR company),ok,2026-07-08,PASS
xAI,2023-07-12,2025-04-14,642,141,raw_count,xAI (Musk OR Grok OR startup OR company),ok,2026-07-08,PASS
xAI,2023-07-12,2025-04-21,649,107,raw_count,xAI (Musk OR Grok OR startup OR company),ok,2026-07-08,PASS
xAI,2023-07-12,2025-04-28,656,89,raw_count,xAI (Musk OR Grok OR startup OR company),ok,2026-07-08,PASS
xAI,2023-07-12,2025-05-05,663,141,raw_count,xAI (Musk OR Grok OR startup OR company),ok,2026-07-08,PASS
xAI,2023-07-12,2025-05-12,670,266,raw_count,xAI (Musk OR Grok OR startup OR company),ok,2026-07-08,PASS
xAI,2023-07-12,2025-05-19,677,314,raw_count,xAI (Musk OR Grok OR startup OR company),ok,2026-07-08,PASS
xAI,2023-07-12,2025-05-26,684,237,raw_count,xAI (Musk OR Grok OR startup OR company),ok,2026-07-08,PASS
xAI,2023-07-12,2025-06-02,691,187,raw_count,xAI (Musk OR Grok OR startup OR company),ok,2026-07-08,PASS
xAI,2023-07-12,2025-06-09,698,113,raw_count,xAI (Musk OR Grok OR startup OR company),ok,2026-07-08,PASS
xAI,2023-07-12,2025-06-16,705,0,raw_count,xAI (Musk OR Grok OR startup OR company),ok,2026-07-08,PASS
xAI,2023-07-12,2025-06-23,712,0,raw_count,xAI (Musk OR Grok OR startup OR company),ok,2026-07-08,PASS
xAI,2023-07-12,2025-06-30,719,74,raw_count,xAI (Musk OR Grok OR startup OR company),ok,2026-07-08,PASS
xAI,2023-07-12,2025-07-07,726,1173,raw_count,xAI (Musk OR Grok OR startup OR company),ok,2026-07-08,PASS
xAI,2023-07-12,2025-07-14,733,655,raw_count,xAI (Musk OR Grok OR startup OR company),ok,2026-07-08,PASS
xAI,2023-07-12,2025-07-21,740,433,raw_count,xAI (Musk OR Grok OR startup OR company),ok,2026-07-08,PASS
xAI,2023-07-12,2025-07-28,747,163,raw_count,xAI (Musk OR Grok OR startup OR company),ok,2026-07-08,PASS
xAI,2023-07-12,2025-08-04,754,278,raw_count,xAI (Musk OR Grok OR startup OR company),ok,2026-07-08,PASS
xAI,2023-07-12,2025-08-11,761,543,raw_count,xAI (Musk OR Grok OR startup OR company),ok,2026-07-08,PASS
xAI,2023-07-12,2025-08-18,768,187,raw_count,xAI (Musk OR Grok OR startup OR company),ok,2026-07-08,PASS
xAI,2023-07-12,2025-08-25,775,393,raw_count,xAI (Musk OR Grok OR startup OR company),ok,2026-07-08,PASS
xAI,2023-07-12,2025-09-01,782,253,raw_count,xAI (Musk OR Grok OR startup OR company),ok,2026-07-08,PASS
xAI,2023-07-12,2025-09-08,789,312,raw_count,xAI (Musk OR Grok OR startup OR company),ok,2026-07-08,PASS
xAI,2023-07-12,2025-09-15,796,188,raw_count,xAI (Musk OR Grok OR startup OR company),ok,2026-07-08,PASS
xAI,2023-07-12,2025-09-22,803,170,raw_count,xAI (Musk OR Grok OR startup OR company),ok,2026-07-08,PASS
xAI,2023-07-12,2025-09-29,810,179,raw_count,xAI (Musk OR Grok OR startup OR company),ok,2026-07-08,PASS
xAI,2023-07-12,2025-10-06,817,220,raw_count,xAI (Musk OR Grok OR startup OR company),ok,2026-07-08,PASS
xAI,2023-07-12,2025-10-13,824,137,raw_count,xAI (Musk OR Grok OR startup OR company),ok,2026-07-08,PASS
xAI,2023-07-12,2025-10-20,831,227,raw_count,xAI (Musk OR Grok OR startup OR company),ok,2026-07-08,PASS
xAI,2023-07-12,2025-10-27,838,392,raw_count,xAI (Musk OR Grok OR startup OR company),ok,2026-07-08,PASS
xAI,2023-07-12,2025-11-03,845,337,raw_count,xAI (Musk OR Grok OR startup OR company),ok,2026-07-08,PASS
xAI,2023-07-12,2025-11-10,852,128,raw_count,xAI (Musk OR Grok OR startup OR company),ok,2026-07-08,PASS
xAI,2023-07-12,2025-11-17,859,570,raw_count,xAI (Musk OR Grok OR startup OR company),ok,2026-07-08,PASS
xAI,2023-07-12,2025-11-24,866,97,raw_count,xAI (Musk OR Grok OR startup OR company),ok,2026-07-08,PASS
xAI,2023-07-12,2025-12-01,873,80,raw_count,xAI (Musk OR Grok OR startup OR company),ok,2026-07-08,PASS
xAI,2023-07-12,2025-12-08,880,156,raw_count,xAI (Musk OR Grok OR startup OR company),ok,2026-07-08,PASS
xAI,2023-07-12,2025-12-15,887,244,raw_count,xAI (Musk OR Grok OR startup OR company),ok,2026-07-08,PASS
xAI,2023-07-12,2025-12-22,894,233,raw_count,xAI (Musk OR Grok OR startup OR company),ok,2026-07-08,PASS
xAI,2023-07-12,2025-12-29,901,259,raw_count,xAI (Musk OR Grok OR startup OR company),ok,2026-07-08,PASS
xAI,2023-07-12,2026-01-05,908,1183,raw_count,xAI (Musk OR Grok OR startup OR company),ok,2026-07-08,PASS
xAI,2023-07-12,2026-01-12,915,1439,raw_count,xAI (Musk OR Grok OR startup OR company),ok,2026-07-08,PASS
xAI,2023-07-12,2026-01-19,922,232,raw_count,xAI (Musk OR Grok OR startup OR company),ok,2026-07-08,PASS
xAI,2023-07-12,2026-01-26,929,467,raw_count,xAI (Musk OR Grok OR startup OR company),ok,2026-07-08,PASS
xAI,2023-07-12,2026-02-02,936,762,raw_count,xAI (Musk OR Grok OR startup OR company),ok,2026-07-08,PASS
xAI,2023-07-12,2026-02-09,943,361,raw_count,xAI (Musk OR Grok OR startup OR company),ok,2026-07-08,PASS
xAI,2023-07-12,2026-02-16,950,264,raw_count,xAI (Musk OR Grok OR startup OR company),ok,2026-07-08,PASS
xAI,2023-07-12,2026-02-23,957,437,raw_count,xAI (Musk OR Grok OR startup OR company),ok,2026-07-08,PASS
xAI,2023-07-12,2026-03-02,964,442,raw_count,xAI (Musk OR Grok OR startup OR company),ok,2026-07-08,PASS
xAI,2023-07-12,2026-03-09,971,241,raw_count,xAI (Musk OR Grok OR startup OR company),ok,2026-07-08,PASS
xAI,2023-07-12,2026-03-16,978,442,raw_count,xAI (Musk OR Grok OR startup OR company),ok,2026-07-08,PASS
xAI,2023-07-12,2026-03-23,985,255,raw_count,xAI (Musk OR Grok OR startup OR company),ok,2026-07-08,PASS
xAI,2023-07-12,2026-03-30,992,307,raw_count,xAI (Musk OR Grok OR startup OR company),ok,2026-07-08,PASS
xAI,2023-07-12,2026-04-06,999,299,raw_count,xAI (Musk OR Grok OR startup OR company),ok,2026-07-08,PASS
xAI,2023-07-12,2026-04-13,1006,222,raw_count,xAI (Musk OR Grok OR startup OR company),ok,2026-07-08,PASS
xAI,2023-07-12,2026-04-20,1013,506,raw_count,xAI (Musk OR Grok OR startup OR company),ok,2026-07-08,PASS
xAI,2023-07-12,2026-04-27,1020,769,raw_count,xAI (Musk OR Grok OR startup OR company),ok,2026-07-08,PASS
xAI,2023-07-12,2026-05-04,1027,427,raw_count,xAI (Musk OR Grok OR startup OR company),ok,2026-07-08,PASS
xAI,2023-07-12,2026-05-11,1034,481,raw_count,xAI (Musk OR Grok OR startup OR company),ok,2026-07-08,PASS
xAI,2023-07-12,2026-05-18,1041,919,raw_count,xAI (Musk OR Grok OR startup OR company),ok,2026-07-08,PASS
xAI,2023-07-12,2026-05-25,1048,252,raw_count,xAI (Musk OR Grok OR startup OR company),ok,2026-07-08,PASS
xAI,2023-07-12,2026-06-01,1055,698,raw_count,xAI (Musk OR Grok OR startup OR company),ok,2026-07-08,PASS
xAI,2023-07-12,2026-06-08,1062,852,raw_count,xAI (Musk OR Grok OR startup OR company),ok,2026-07-08,PASS
xAI,2023-07-12,2026-06-15,1069,525,raw_count,xAI (Musk OR Grok OR startup OR company),ok,2026-07-08,PASS
xAI,2023-07-12,2026-06-22,1076,379,raw_count,xAI (Musk OR Grok OR startup OR company),ok,2026-07-08,PASS
xAI,2023-07-12,2026-06-29,1083,67,raw_count,xAI (Musk OR Grok OR startup OR company),ok,2026-07-08,PASS
Black Forest Labs,2024-08-01,2024-07-01,-31,0,raw_count,"""Black Forest Labs""",ok,2026-07-08,NOT_AUDITED
Black Forest Labs,2024-08-01,2024-07-08,-24,0,raw_count,"""Black Forest Labs""",ok,2026-07-08,NOT_AUDITED
Black Forest Labs,2024-08-01,2024-07-15,-17,0,raw_count,"""Black Forest Labs""",ok,2026-07-08,NOT_AUDITED
Black Forest Labs,2024-08-01,2024-07-22,-10,0,raw_count,"""Black Forest Labs""",ok,2026-07-08,NOT_AUDITED
Black Forest Labs,2024-08-01,2024-07-29,-3,3,raw_count,"""Black Forest Labs""",ok,2026-07-08,NOT_AUDITED
Black Forest Labs,2024-08-01,2024-08-05,4,1,raw_count,"""Black Forest Labs""",ok,2026-07-08,NOT_AUDITED
Black Forest Labs,2024-08-01,2024-08-12,11,42,raw_count,"""Black Forest Labs""",ok,2026-07-08,NOT_AUDITED
Black Forest Labs,2024-08-01,2024-08-19,18,2,raw_count,"""Black Forest Labs""",ok,2026-07-08,NOT_AUDITED
Black Forest Labs,2024-08-01,2024-08-26,25,6,raw_count,"""Black Forest Labs""",ok,2026-07-08,NOT_AUDITED
Black Forest Labs,2024-08-01,2024-09-02,32,7,raw_count,"""Black Forest Labs""",ok,2026-07-08,NOT_AUDITED
Black Forest Labs,2024-08-01,2024-09-09,39,0,raw_count,"""Black Forest Labs""",ok,2026-07-08,NOT_AUDITED
Black Forest Labs,2024-08-01,2024-09-16,46,6,raw_count,"""Black Forest Labs""",ok,2026-07-08,NOT_AUDITED
Black Forest Labs,2024-08-01,2024-09-23,53,1,raw_count,"""Black Forest Labs""",ok,2026-07-08,NOT_AUDITED
Black Forest Labs,2024-08-01,2024-09-30,60,2,raw_count,"""Black Forest Labs""",ok,2026-07-08,NOT_AUDITED
Black Forest Labs,2024-08-01,2024-10-07,67,1,raw_count,"""Black Forest Labs""",ok,2026-07-08,NOT_AUDITED
Black Forest Labs,2024-08-01,2024-10-14,74,2,raw_count,"""Black Forest Labs""",ok,2026-07-08,NOT_AUDITED
Black Forest Labs,2024-08-01,2024-10-21,81,0,raw_count,"""Black Forest Labs""",ok,2026-07-08,NOT_AUDITED
Black Forest Labs,2024-08-01,2024-10-28,88,6,raw_count,"""Black Forest Labs""",ok,2026-07-08,NOT_AUDITED
Black Forest Labs,2024-08-01,2024-11-04,95,0,raw_count,"""Black Forest Labs""",ok,2026-07-08,NOT_AUDITED
Black Forest Labs,2024-08-01,2024-11-11,102,0,raw_count,"""Black Forest Labs""",ok,2026-07-08,NOT_AUDITED
Black Forest Labs,2024-08-01,2024-11-18,109,1,raw_count,"""Black Forest Labs""",ok,2026-07-08,NOT_AUDITED
Black Forest Labs,2024-08-01,2024-11-25,116,0,raw_count,"""Black Forest Labs""",ok,2026-07-08,NOT_AUDITED
Black Forest Labs,2024-08-01,2024-12-02,123,0,raw_count,"""Black Forest Labs""",ok,2026-07-08,NOT_AUDITED
Black Forest Labs,2024-08-01,2024-12-09,130,3,raw_count,"""Black Forest Labs""",ok,2026-07-08,NOT_AUDITED
Black Forest Labs,2024-08-01,2024-12-16,137,0,raw_count,"""Black Forest Labs""",ok,2026-07-08,NOT_AUDITED
Black Forest Labs,2024-08-01,2024-12-23,144,0,raw_count,"""Black Forest Labs""",ok,2026-07-08,NOT_AUDITED
Black Forest Labs,2024-08-01,2024-12-30,151,2,raw_count,"""Black Forest Labs""",ok,2026-07-08,NOT_AUDITED
Black Forest Labs,2024-08-01,2025-01-06,158,6,raw_count,"""Black Forest Labs""",ok,2026-07-08,NOT_AUDITED
Black Forest Labs,2024-08-01,2025-01-13,165,2,raw_count,"""Black Forest Labs""",ok,2026-07-08,NOT_AUDITED
Black Forest Labs,2024-08-01,2025-01-20,172,2,raw_count,"""Black Forest Labs""",ok,2026-07-08,NOT_AUDITED
Black Forest Labs,2024-08-01,2025-01-27,179,0,raw_count,"""Black Forest Labs""",ok,2026-07-08,NOT_AUDITED
Black Forest Labs,2024-08-01,2025-02-03,186,4,raw_count,"""Black Forest Labs""",ok,2026-07-08,NOT_AUDITED
Black Forest Labs,2024-08-01,2025-02-10,193,1,raw_count,"""Black Forest Labs""",ok,2026-07-08,NOT_AUDITED
Black Forest Labs,2024-08-01,2025-02-17,200,0,raw_count,"""Black Forest Labs""",ok,2026-07-08,NOT_AUDITED
Black Forest Labs,2024-08-01,2025-02-24,207,0,raw_count,"""Black Forest Labs""",ok,2026-07-08,NOT_AUDITED
Black Forest Labs,2024-08-01,2025-03-03,214,1,raw_count,"""Black Forest Labs""",ok,2026-07-08,NOT_AUDITED
Black Forest Labs,2024-08-01,2025-03-10,221,0,raw_count,"""Black Forest Labs""",ok,2026-07-08,NOT_AUDITED
Black Forest Labs,2024-08-01,2025-03-17,228,4,raw_count,"""Black Forest Labs""",ok,2026-07-08,NOT_AUDITED
Black Forest Labs,2024-08-01,2025-03-24,235,1,raw_count,"""Black Forest Labs""",ok,2026-07-08,NOT_AUDITED
Black Forest Labs,2024-08-01,2025-03-31,242,4,raw_count,"""Black Forest Labs""",ok,2026-07-08,NOT_AUDITED
Black Forest Labs,2024-08-01,2025-04-07,249,0,raw_count,"""Black Forest Labs""",ok,2026-07-08,NOT_AUDITED
Black Forest Labs,2024-08-01,2025-04-14,256,3,raw_count,"""Black Forest Labs""",ok,2026-07-08,NOT_AUDITED
Black Forest Labs,2024-08-01,2025-04-21,263,0,raw_count,"""Black Forest Labs""",ok,2026-07-08,NOT_AUDITED
Black Forest Labs,2024-08-01,2025-04-28,270,0,raw_count,"""Black Forest Labs""",ok,2026-07-08,NOT_AUDITED
Black Forest Labs,2024-08-01,2025-05-05,277,3,raw_count,"""Black Forest Labs""",ok,2026-07-08,NOT_AUDITED
Black Forest Labs,2024-08-01,2025-05-12,284,0,raw_count,"""Black Forest Labs""",ok,2026-07-08,NOT_AUDITED
Black Forest Labs,2024-08-01,2025-05-19,291,15,raw_count,"""Black Forest Labs""",ok,2026-07-08,NOT_AUDITED
Black Forest Labs,2024-08-01,2025-05-26,298,5,raw_count,"""Black Forest Labs""",ok,2026-07-08,NOT_AUDITED
Black Forest Labs,2024-08-01,2025-06-02,305,1,raw_count,"""Black Forest Labs""",ok,2026-07-08,NOT_AUDITED
Black Forest Labs,2024-08-01,2025-06-09,312,26,raw_count,"""Black Forest Labs""",ok,2026-07-08,NOT_AUDITED
Black Forest Labs,2024-08-01,2025-06-16,319,0,raw_count,"""Black Forest Labs""",ok,2026-07-08,NOT_AUDITED
Black Forest Labs,2024-08-01,2025-06-23,326,0,raw_count,"""Black Forest Labs""",ok,2026-07-08,NOT_AUDITED
Black Forest Labs,2024-08-01,2025-06-30,333,1,raw_count,"""Black Forest Labs""",ok,2026-07-08,NOT_AUDITED
Black Forest Labs,2024-08-01,2025-07-07,340,1,raw_count,"""Black Forest Labs""",ok,2026-07-08,NOT_AUDITED
Black Forest Labs,2024-08-01,2025-07-14,347,0,raw_count,"""Black Forest Labs""",ok,2026-07-08,NOT_AUDITED
Black Forest Labs,2024-08-01,2025-07-21,354,0,raw_count,"""Black Forest Labs""",ok,2026-07-08,NOT_AUDITED
Black Forest Labs,2024-08-01,2025-07-28,361,1,raw_count,"""Black Forest Labs""",ok,2026-07-08,NOT_AUDITED
Black Forest Labs,2024-08-01,2025-08-04,368,0,raw_count,"""Black Forest Labs""",ok,2026-07-08,NOT_AUDITED
Black Forest Labs,2024-08-01,2025-08-11,375,2,raw_count,"""Black Forest Labs""",ok,2026-07-08,NOT_AUDITED
Black Forest Labs,2024-08-01,2025-08-18,382,0,raw_count,"""Black Forest Labs""",ok,2026-07-08,NOT_AUDITED
Black Forest Labs,2024-08-01,2025-08-25,389,3,raw_count,"""Black Forest Labs""",ok,2026-07-08,NOT_AUDITED
Black Forest Labs,2024-08-01,2025-09-01,396,1,raw_count,"""Black Forest Labs""",ok,2026-07-08,NOT_AUDITED
Black Forest Labs,2024-08-01,2025-09-08,403,2,raw_count,"""Black Forest Labs""",ok,2026-07-08,NOT_AUDITED
Black Forest Labs,2024-08-01,2025-09-15,410,1,raw_count,"""Black Forest Labs""",ok,2026-07-08,NOT_AUDITED
Black Forest Labs,2024-08-01,2025-09-22,417,6,raw_count,"""Black Forest Labs""",ok,2026-07-08,NOT_AUDITED
Black Forest Labs,2024-08-01,2025-09-29,424,2,raw_count,"""Black Forest Labs""",ok,2026-07-08,NOT_AUDITED
Black Forest Labs,2024-08-01,2025-10-06,431,2,raw_count,"""Black Forest Labs""",ok,2026-07-08,NOT_AUDITED
Black Forest Labs,2024-08-01,2025-10-13,438,3,raw_count,"""Black Forest Labs""",ok,2026-07-08,NOT_AUDITED
Black Forest Labs,2024-08-01,2025-10-20,445,0,raw_count,"""Black Forest Labs""",ok,2026-07-08,NOT_AUDITED
Black Forest Labs,2024-08-01,2025-10-27,452,7,raw_count,"""Black Forest Labs""",ok,2026-07-08,NOT_AUDITED
Black Forest Labs,2024-08-01,2025-11-03,459,0,raw_count,"""Black Forest Labs""",ok,2026-07-08,NOT_AUDITED
Black Forest Labs,2024-08-01,2025-11-10,466,1,raw_count,"""Black Forest Labs""",ok,2026-07-08,NOT_AUDITED
Black Forest Labs,2024-08-01,2025-11-17,473,5,raw_count,"""Black Forest Labs""",ok,2026-07-08,NOT_AUDITED
Black Forest Labs,2024-08-01,2025-11-24,480,4,raw_count,"""Black Forest Labs""",ok,2026-07-08,NOT_AUDITED
Black Forest Labs,2024-08-01,2025-12-01,487,5,raw_count,"""Black Forest Labs""",ok,2026-07-08,NOT_AUDITED
Black Forest Labs,2024-08-01,2025-12-08,494,3,raw_count,"""Black Forest Labs""",ok,2026-07-08,NOT_AUDITED
Black Forest Labs,2024-08-01,2025-12-15,501,1,raw_count,"""Black Forest Labs""",ok,2026-07-08,NOT_AUDITED
Black Forest Labs,2024-08-01,2025-12-22,508,0,raw_count,"""Black Forest Labs""",ok,2026-07-08,NOT_AUDITED
Black Forest Labs,2024-08-01,2025-12-29,515,3,raw_count,"""Black Forest Labs""",ok,2026-07-08,NOT_AUDITED
Black Forest Labs,2024-08-01,2026-01-05,522,6,raw_count,"""Black Forest Labs""",ok,2026-07-08,NOT_AUDITED
Black Forest Labs,2024-08-01,2026-01-12,529,1,raw_count,"""Black Forest Labs""",ok,2026-07-08,NOT_AUDITED
Black Forest Labs,2024-08-01,2026-01-19,536,0,raw_count,"""Black Forest Labs""",ok,2026-07-08,NOT_AUDITED
Black Forest Labs,2024-08-01,2026-01-26,543,2,raw_count,"""Black Forest Labs""",ok,2026-07-08,NOT_AUDITED
Black Forest Labs,2024-08-01,2026-02-02,550,3,raw_count,"""Black Forest Labs""",ok,2026-07-08,NOT_AUDITED
Black Forest Labs,2024-08-01,2026-02-09,557,2,raw_count,"""Black Forest Labs""",ok,2026-07-08,NOT_AUDITED
Black Forest Labs,2024-08-01,2026-02-16,564,2,raw_count,"""Black Forest Labs""",ok,2026-07-08,NOT_AUDITED
Black Forest Labs,2024-08-01,2026-02-23,571,0,raw_count,"""Black Forest Labs""",ok,2026-07-08,NOT_AUDITED
Black Forest Labs,2024-08-01,2026-03-02,578,1,raw_count,"""Black Forest Labs""",ok,2026-07-08,NOT_AUDITED
Black Forest Labs,2024-08-01,2026-03-09,585,2,raw_count,"""Black Forest Labs""",ok,2026-07-08,NOT_AUDITED
Black Forest Labs,2024-08-01,2026-03-16,592,4,raw_count,"""Black Forest Labs""",ok,2026-07-08,NOT_AUDITED
Black Forest Labs,2024-08-01,2026-03-23,599,3,raw_count,"""Black Forest Labs""",ok,2026-07-08,NOT_AUDITED
Black Forest Labs,2024-08-01,2026-03-30,606,0,raw_count,"""Black Forest Labs""",ok,2026-07-08,NOT_AUDITED
Black Forest Labs,2024-08-01,2026-04-06,613,2,raw_count,"""Black Forest Labs""",ok,2026-07-08,NOT_AUDITED
Black Forest Labs,2024-08-01,2026-04-13,620,3,raw_count,"""Black Forest Labs""",ok,2026-07-08,NOT_AUDITED
Black Forest Labs,2024-08-01,2026-04-20,627,4,raw_count,"""Black Forest Labs""",ok,2026-07-08,NOT_AUDITED
Black Forest Labs,2024-08-01,2026-04-27,634,2,raw_count,"""Black Forest Labs""",ok,2026-07-08,NOT_AUDITED
Black Forest Labs,2024-08-01,2026-05-04,641,1,raw_count,"""Black Forest Labs""",ok,2026-07-08,NOT_AUDITED
Black Forest Labs,2024-08-01,2026-05-11,648,1,raw_count,"""Black Forest Labs""",ok,2026-07-08,NOT_AUDITED
Black Forest Labs,2024-08-01,2026-05-18,655,0,raw_count,"""Black Forest Labs""",ok,2026-07-08,NOT_AUDITED
Black Forest Labs,2024-08-01,2026-05-25,662,0,raw_count,"""Black Forest Labs""",ok,2026-07-08,NOT_AUDITED
Black Forest Labs,2024-08-01,2026-06-01,669,32,raw_count,"""Black Forest Labs""",ok,2026-07-08,NOT_AUDITED
Black Forest Labs,2024-08-01,2026-06-08,676,8,raw_count,"""Black Forest Labs""",ok,2026-07-08,NOT_AUDITED
Black Forest Labs,2024-08-01,2026-06-15,683,68,raw_count,"""Black Forest Labs""",ok,2026-07-08,NOT_AUDITED
Black Forest Labs,2024-08-01,2026-06-22,690,4,raw_count,"""Black Forest Labs""",ok,2026-07-08,NOT_AUDITED
Black Forest Labs,2024-08-01,2026-06-29,697,0,raw_count,"""Black Forest Labs""",ok,2026-07-08,NOT_AUDITED
Humane Ai Pin,2023-11-09,2023-10-09,-31,0,raw_count,"""Humane Ai Pin""",ok,2026-07-08,NOT_AUDITED
Humane Ai Pin,2023-11-09,2023-10-16,-24,1,raw_count,"""Humane Ai Pin""",ok,2026-07-08,NOT_AUDITED
Humane Ai Pin,2023-11-09,2023-10-23,-17,2,raw_count,"""Humane Ai Pin""",ok,2026-07-08,NOT_AUDITED
Humane Ai Pin,2023-11-09,2023-10-30,-10,2,raw_count,"""Humane Ai Pin""",ok,2026-07-08,NOT_AUDITED
Humane Ai Pin,2023-11-09,2023-11-06,-3,42,raw_count,"""Humane Ai Pin""",ok,2026-07-08,NOT_AUDITED
Humane Ai Pin,2023-11-09,2023-11-13,4,15,raw_count,"""Humane Ai Pin""",ok,2026-07-08,NOT_AUDITED
Humane Ai Pin,2023-11-09,2023-11-20,11,2,raw_count,"""Humane Ai Pin""",ok,2026-07-08,NOT_AUDITED
Humane Ai Pin,2023-11-09,2023-11-27,18,2,raw_count,"""Humane Ai Pin""",ok,2026-07-08,NOT_AUDITED
Humane Ai Pin,2023-11-09,2023-12-04,25,9,raw_count,"""Humane Ai Pin""",ok,2026-07-08,NOT_AUDITED
Humane Ai Pin,2023-11-09,2023-12-11,32,1,raw_count,"""Humane Ai Pin""",ok,2026-07-08,NOT_AUDITED
Humane Ai Pin,2023-11-09,2023-12-18,39,7,raw_count,"""Humane Ai Pin""",ok,2026-07-08,NOT_AUDITED
Humane Ai Pin,2023-11-09,2023-12-25,46,14,raw_count,"""Humane Ai Pin""",ok,2026-07-08,NOT_AUDITED
Humane Ai Pin,2023-11-09,2024-01-01,53,2,raw_count,"""Humane Ai Pin""",ok,2026-07-08,NOT_AUDITED
Humane Ai Pin,2023-11-09,2024-01-08,60,27,raw_count,"""Humane Ai Pin""",ok,2026-07-08,NOT_AUDITED
Humane Ai Pin,2023-11-09,2024-01-15,67,2,raw_count,"""Humane Ai Pin""",ok,2026-07-08,NOT_AUDITED
Humane Ai Pin,2023-11-09,2024-01-22,74,4,raw_count,"""Humane Ai Pin""",ok,2026-07-08,NOT_AUDITED
Humane Ai Pin,2023-11-09,2024-01-29,81,2,raw_count,"""Humane Ai Pin""",ok,2026-07-08,NOT_AUDITED
Humane Ai Pin,2023-11-09,2024-02-05,88,7,raw_count,"""Humane Ai Pin""",ok,2026-07-08,NOT_AUDITED
Humane Ai Pin,2023-11-09,2024-02-12,95,2,raw_count,"""Humane Ai Pin""",ok,2026-07-08,NOT_AUDITED
Humane Ai Pin,2023-11-09,2024-02-19,102,7,raw_count,"""Humane Ai Pin""",ok,2026-07-08,NOT_AUDITED
Humane Ai Pin,2023-11-09,2024-02-26,109,36,raw_count,"""Humane Ai Pin""",ok,2026-07-08,NOT_AUDITED
Humane Ai Pin,2023-11-09,2024-03-04,116,10,raw_count,"""Humane Ai Pin""",ok,2026-07-08,NOT_AUDITED
Humane Ai Pin,2023-11-09,2024-03-11,123,2,raw_count,"""Humane Ai Pin""",ok,2026-07-08,NOT_AUDITED
Humane Ai Pin,2023-11-09,2024-03-18,130,6,raw_count,"""Humane Ai Pin""",ok,2026-07-08,NOT_AUDITED
Humane Ai Pin,2023-11-09,2024-03-25,137,6,raw_count,"""Humane Ai Pin""",ok,2026-07-08,NOT_AUDITED
Humane Ai Pin,2023-11-09,2024-04-01,144,6,raw_count,"""Humane Ai Pin""",ok,2026-07-08,NOT_AUDITED
Humane Ai Pin,2023-11-09,2024-04-08,151,30,raw_count,"""Humane Ai Pin""",ok,2026-07-08,NOT_AUDITED
Humane Ai Pin,2023-11-09,2024-04-15,158,35,raw_count,"""Humane Ai Pin""",ok,2026-07-08,NOT_AUDITED
Humane Ai Pin,2023-11-09,2024-04-22,165,40,raw_count,"""Humane Ai Pin""",ok,2026-07-08,NOT_AUDITED
Humane Ai Pin,2023-11-09,2024-04-29,172,36,raw_count,"""Humane Ai Pin""",ok,2026-07-08,NOT_AUDITED
Humane Ai Pin,2023-11-09,2024-05-06,179,7,raw_count,"""Humane Ai Pin""",ok,2026-07-08,NOT_AUDITED
Humane Ai Pin,2023-11-09,2024-05-13,186,64,raw_count,"""Humane Ai Pin""",ok,2026-07-08,NOT_AUDITED
Humane Ai Pin,2023-11-09,2024-05-20,193,18,raw_count,"""Humane Ai Pin""",ok,2026-07-08,NOT_AUDITED
Humane Ai Pin,2023-11-09,2024-05-27,200,8,raw_count,"""Humane Ai Pin""",ok,2026-07-08,NOT_AUDITED
Humane Ai Pin,2023-11-09,2024-06-03,207,37,raw_count,"""Humane Ai Pin""",ok,2026-07-08,NOT_AUDITED
Humane Ai Pin,2023-11-09,2024-06-10,214,3,raw_count,"""Humane Ai Pin""",ok,2026-07-08,NOT_AUDITED
Humane Ai Pin,2023-11-09,2024-06-17,221,1,raw_count,"""Humane Ai Pin""",ok,2026-07-08,NOT_AUDITED
Humane Ai Pin,2023-11-09,2024-06-24,228,4,raw_count,"""Humane Ai Pin""",ok,2026-07-08,NOT_AUDITED
Humane Ai Pin,2023-11-09,2024-07-01,235,3,raw_count,"""Humane Ai Pin""",ok,2026-07-08,NOT_AUDITED
Humane Ai Pin,2023-11-09,2024-07-08,242,1,raw_count,"""Humane Ai Pin""",ok,2026-07-08,NOT_AUDITED
Humane Ai Pin,2023-11-09,2024-07-15,249,0,raw_count,"""Humane Ai Pin""",ok,2026-07-08,NOT_AUDITED
Humane Ai Pin,2023-11-09,2024-07-22,256,3,raw_count,"""Humane Ai Pin""",ok,2026-07-08,NOT_AUDITED
Humane Ai Pin,2023-11-09,2024-07-29,263,9,raw_count,"""Humane Ai Pin""",ok,2026-07-08,NOT_AUDITED
Humane Ai Pin,2023-11-09,2024-08-05,270,16,raw_count,"""Humane Ai Pin""",ok,2026-07-08,NOT_AUDITED
Humane Ai Pin,2023-11-09,2024-08-12,277,3,raw_count,"""Humane Ai Pin""",ok,2026-07-08,NOT_AUDITED
Humane Ai Pin,2023-11-09,2024-08-19,284,4,raw_count,"""Humane Ai Pin""",ok,2026-07-08,NOT_AUDITED
Humane Ai Pin,2023-11-09,2024-08-26,291,6,raw_count,"""Humane Ai Pin""",ok,2026-07-08,NOT_AUDITED
Humane Ai Pin,2023-11-09,2024-09-02,298,1,raw_count,"""Humane Ai Pin""",ok,2026-07-08,NOT_AUDITED
Humane Ai Pin,2023-11-09,2024-09-09,305,0,raw_count,"""Humane Ai Pin""",ok,2026-07-08,NOT_AUDITED
Humane Ai Pin,2023-11-09,2024-09-16,312,8,raw_count,"""Humane Ai Pin""",ok,2026-07-08,NOT_AUDITED
Humane Ai Pin,2023-11-09,2024-09-23,319,11,raw_count,"""Humane Ai Pin""",ok,2026-07-08,NOT_AUDITED
Humane Ai Pin,2023-11-09,2024-09-30,326,2,raw_count,"""Humane Ai Pin""",ok,2026-07-08,NOT_AUDITED
Humane Ai Pin,2023-11-09,2024-10-07,333,1,raw_count,"""Humane Ai Pin""",ok,2026-07-08,NOT_AUDITED
Humane Ai Pin,2023-11-09,2024-10-14,340,2,raw_count,"""Humane Ai Pin""",ok,2026-07-08,NOT_AUDITED
Humane Ai Pin,2023-11-09,2024-10-21,347,2,raw_count,"""Humane Ai Pin""",ok,2026-07-08,NOT_AUDITED
Humane Ai Pin,2023-11-09,2024-10-28,354,4,raw_count,"""Humane Ai Pin""",ok,2026-07-08,NOT_AUDITED
Humane Ai Pin,2023-11-09,2024-11-04,361,2,raw_count,"""Humane Ai Pin""",ok,2026-07-08,NOT_AUDITED
Humane Ai Pin,2023-11-09,2024-11-11,368,2,raw_count,"""Humane Ai Pin""",ok,2026-07-08,NOT_AUDITED
Humane Ai Pin,2023-11-09,2024-11-18,375,3,raw_count,"""Humane Ai Pin""",ok,2026-07-08,NOT_AUDITED
Humane Ai Pin,2023-11-09,2024-11-25,382,4,raw_count,"""Humane Ai Pin""",ok,2026-07-08,NOT_AUDITED
Humane Ai Pin,2023-11-09,2024-12-02,389,1,raw_count,"""Humane Ai Pin""",ok,2026-07-08,NOT_AUDITED
Humane Ai Pin,2023-11-09,2024-12-09,396,8,raw_count,"""Humane Ai Pin""",ok,2026-07-08,NOT_AUDITED
Humane Ai Pin,2023-11-09,2024-12-16,403,1,raw_count,"""Humane Ai Pin""",ok,2026-07-08,NOT_AUDITED
Humane Ai Pin,2023-11-09,2024-12-23,410,10,raw_count,"""Humane Ai Pin""",ok,2026-07-08,NOT_AUDITED
Humane Ai Pin,2023-11-09,2024-12-30,417,7,raw_count,"""Humane Ai Pin""",ok,2026-07-08,NOT_AUDITED
Humane Ai Pin,2023-11-09,2025-01-06,424,3,raw_count,"""Humane Ai Pin""",ok,2026-07-08,NOT_AUDITED
Humane Ai Pin,2023-11-09,2025-01-13,431,2,raw_count,"""Humane Ai Pin""",ok,2026-07-08,NOT_AUDITED
Humane Ai Pin,2023-11-09,2025-01-20,438,0,raw_count,"""Humane Ai Pin""",ok,2026-07-08,NOT_AUDITED
Humane Ai Pin,2023-11-09,2025-01-27,445,1,raw_count,"""Humane Ai Pin""",ok,2026-07-08,NOT_AUDITED
Humane Ai Pin,2023-11-09,2025-02-03,452,0,raw_count,"""Humane Ai Pin""",ok,2026-07-08,NOT_AUDITED
Humane Ai Pin,2023-11-09,2025-02-10,459,0,raw_count,"""Humane Ai Pin""",ok,2026-07-08,NOT_AUDITED
Humane Ai Pin,2023-11-09,2025-02-17,466,26,raw_count,"""Humane Ai Pin""",ok,2026-07-08,NOT_AUDITED
Humane Ai Pin,2023-11-09,2025-02-24,473,1,raw_count,"""Humane Ai Pin""",ok,2026-07-08,NOT_AUDITED
Humane Ai Pin,2023-11-09,2025-03-03,480,3,raw_count,"""Humane Ai Pin""",ok,2026-07-08,NOT_AUDITED
Humane Ai Pin,2023-11-09,2025-03-10,487,3,raw_count,"""Humane Ai Pin""",ok,2026-07-08,NOT_AUDITED
Humane Ai Pin,2023-11-09,2025-03-17,494,1,raw_count,"""Humane Ai Pin""",ok,2026-07-08,NOT_AUDITED
Humane Ai Pin,2023-11-09,2025-03-24,501,1,raw_count,"""Humane Ai Pin""",ok,2026-07-08,NOT_AUDITED
Humane Ai Pin,2023-11-09,2025-03-31,508,2,raw_count,"""Humane Ai Pin""",ok,2026-07-08,NOT_AUDITED
Humane Ai Pin,2023-11-09,2025-04-07,515,5,raw_count,"""Humane Ai Pin""",ok,2026-07-08,NOT_AUDITED
Humane Ai Pin,2023-11-09,2025-04-14,522,2,raw_count,"""Humane Ai Pin""",ok,2026-07-08,NOT_AUDITED
Humane Ai Pin,2023-11-09,2025-04-21,529,3,raw_count,"""Humane Ai Pin""",ok,2026-07-08,NOT_AUDITED
Humane Ai Pin,2023-11-09,2025-04-28,536,1,raw_count,"""Humane Ai Pin""",ok,2026-07-08,NOT_AUDITED
Humane Ai Pin,2023-11-09,2025-05-05,543,3,raw_count,"""Humane Ai Pin""",ok,2026-07-08,NOT_AUDITED
Humane Ai Pin,2023-11-09,2025-05-12,550,0,raw_count,"""Humane Ai Pin""",ok,2026-07-08,NOT_AUDITED
Humane Ai Pin,2023-11-09,2025-05-19,557,18,raw_count,"""Humane Ai Pin""",ok,2026-07-08,NOT_AUDITED
Humane Ai Pin,2023-11-09,2025-05-26,564,6,raw_count,"""Humane Ai Pin""",ok,2026-07-08,NOT_AUDITED
Humane Ai Pin,2023-11-09,2025-06-02,571,3,raw_count,"""Humane Ai Pin""",ok,2026-07-08,NOT_AUDITED
Humane Ai Pin,2023-11-09,2025-06-09,578,3,raw_count,"""Humane Ai Pin""",ok,2026-07-08,NOT_AUDITED
Humane Ai Pin,2023-11-09,2025-06-16,585,0,raw_count,"""Humane Ai Pin""",ok,2026-07-08,NOT_AUDITED
Humane Ai Pin,2023-11-09,2025-06-23,592,0,raw_count,"""Humane Ai Pin""",ok,2026-07-08,NOT_AUDITED
Humane Ai Pin,2023-11-09,2025-06-30,599,1,raw_count,"""Humane Ai Pin""",ok,2026-07-08,NOT_AUDITED
Humane Ai Pin,2023-11-09,2025-07-07,606,6,raw_count,"""Humane Ai Pin""",ok,2026-07-08,NOT_AUDITED
Humane Ai Pin,2023-11-09,2025-07-14,613,0,raw_count,"""Humane Ai Pin""",ok,2026-07-08,NOT_AUDITED
Humane Ai Pin,2023-11-09,2025-07-21,620,12,raw_count,"""Humane Ai Pin""",ok,2026-07-08,NOT_AUDITED
Humane Ai Pin,2023-11-09,2025-07-28,627,2,raw_count,"""Humane Ai Pin""",ok,2026-07-08,NOT_AUDITED
Humane Ai Pin,2023-11-09,2025-08-04,634,1,raw_count,"""Humane Ai Pin""",ok,2026-07-08,NOT_AUDITED
Humane Ai Pin,2023-11-09,2025-08-11,641,0,raw_count,"""Humane Ai Pin""",ok,2026-07-08,NOT_AUDITED
Humane Ai Pin,2023-11-09,2025-08-18,648,1,raw_count,"""Humane Ai Pin""",ok,2026-07-08,NOT_AUDITED
Humane Ai Pin,2023-11-09,2025-08-25,655,0,raw_count,"""Humane Ai Pin""",ok,2026-07-08,NOT_AUDITED
Humane Ai Pin,2023-11-09,2025-09-01,662,0,raw_count,"""Humane Ai Pin""",ok,2026-07-08,NOT_AUDITED
Humane Ai Pin,2023-11-09,2025-09-08,669,2,raw_count,"""Humane Ai Pin""",ok,2026-07-08,NOT_AUDITED
Humane Ai Pin,2023-11-09,2025-09-15,676,8,raw_count,"""Humane Ai Pin""",ok,2026-07-08,NOT_AUDITED
Humane Ai Pin,2023-11-09,2025-09-22,683,2,raw_count,"""Humane Ai Pin""",ok,2026-07-08,NOT_AUDITED
Humane Ai Pin,2023-11-09,2025-09-29,690,0,raw_count,"""Humane Ai Pin""",ok,2026-07-08,NOT_AUDITED
Humane Ai Pin,2023-11-09,2025-10-06,697,6,raw_count,"""Humane Ai Pin""",ok,2026-07-08,NOT_AUDITED
Humane Ai Pin,2023-11-09,2025-10-13,704,0,raw_count,"""Humane Ai Pin""",ok,2026-07-08,NOT_AUDITED
Humane Ai Pin,2023-11-09,2025-10-20,711,0,raw_count,"""Humane Ai Pin""",ok,2026-07-08,NOT_AUDITED
Humane Ai Pin,2023-11-09,2025-10-27,718,2,raw_count,"""Humane Ai Pin""",ok,2026-07-08,NOT_AUDITED
Humane Ai Pin,2023-11-09,2025-11-03,725,0,raw_count,"""Humane Ai Pin""",ok,2026-07-08,NOT_AUDITED
Humane Ai Pin,2023-11-09,2025-11-10,732,1,raw_count,"""Humane Ai Pin""",ok,2026-07-08,NOT_AUDITED
Humane Ai Pin,2023-11-09,2025-11-17,739,2,raw_count,"""Humane Ai Pin""",ok,2026-07-08,NOT_AUDITED
Humane Ai Pin,2023-11-09,2025-11-24,746,3,raw_count,"""Humane Ai Pin""",ok,2026-07-08,NOT_AUDITED
Humane Ai Pin,2023-11-09,2025-12-01,753,2,raw_count,"""Humane Ai Pin""",ok,2026-07-08,NOT_AUDITED
Humane Ai Pin,2023-11-09,2025-12-08,760,0,raw_count,"""Humane Ai Pin""",ok,2026-07-08,NOT_AUDITED
Humane Ai Pin,2023-11-09,2025-12-15,767,1,raw_count,"""Humane Ai Pin""",ok,2026-07-08,NOT_AUDITED
Humane Ai Pin,2023-11-09,2025-12-22,774,3,raw_count,"""Humane Ai Pin""",ok,2026-07-08,NOT_AUDITED
Humane Ai Pin,2023-11-09,2025-12-29,781,18,raw_count,"""Humane Ai Pin""",ok,2026-07-08,NOT_AUDITED
Humane Ai Pin,2023-11-09,2026-01-05,788,23,raw_count,"""Humane Ai Pin""",ok,2026-07-08,NOT_AUDITED
Humane Ai Pin,2023-11-09,2026-01-12,795,6,raw_count,"""Humane Ai Pin""",ok,2026-07-08,NOT_AUDITED
Humane Ai Pin,2023-11-09,2026-01-19,802,16,raw_count,"""Humane Ai Pin""",ok,2026-07-08,NOT_AUDITED
Humane Ai Pin,2023-11-09,2026-01-26,809,8,raw_count,"""Humane Ai Pin""",ok,2026-07-08,NOT_AUDITED
Humane Ai Pin,2023-11-09,2026-02-02,816,0,raw_count,"""Humane Ai Pin""",ok,2026-07-08,NOT_AUDITED
Humane Ai Pin,2023-11-09,2026-02-09,823,1,raw_count,"""Humane Ai Pin""",ok,2026-07-08,NOT_AUDITED
Humane Ai Pin,2023-11-09,2026-02-16,830,13,raw_count,"""Humane Ai Pin""",ok,2026-07-08,NOT_AUDITED
Humane Ai Pin,2023-11-09,2026-02-23,837,4,raw_count,"""Humane Ai Pin""",ok,2026-07-08,NOT_AUDITED
Humane Ai Pin,2023-11-09,2026-03-02,844,5,raw_count,"""Humane Ai Pin""",ok,2026-07-08,NOT_AUDITED
Humane Ai Pin,2023-11-09,2026-03-09,851,0,raw_count,"""Humane Ai Pin""",ok,2026-07-08,NOT_AUDITED
Humane Ai Pin,2023-11-09,2026-03-16,858,59,raw_count,"""Humane Ai Pin""",ok,2026-07-08,NOT_AUDITED
Humane Ai Pin,2023-11-09,2026-03-23,865,2,raw_count,"""Humane Ai Pin""",ok,2026-07-08,NOT_AUDITED
Humane Ai Pin,2023-11-09,2026-03-30,872,0,raw_count,"""Humane Ai Pin""",ok,2026-07-08,NOT_AUDITED
Humane Ai Pin,2023-11-09,2026-04-06,879,4,raw_count,"""Humane Ai Pin""",ok,2026-07-08,NOT_AUDITED
Humane Ai Pin,2023-11-09,2026-04-13,886,0,raw_count,"""Humane Ai Pin""",ok,2026-07-08,NOT_AUDITED
Humane Ai Pin,2023-11-09,2026-04-20,893,0,raw_count,"""Humane Ai Pin""",ok,2026-07-08,NOT_AUDITED
Humane Ai Pin,2023-11-09,2026-04-27,900,6,raw_count,"""Humane Ai Pin""",ok,2026-07-08,NOT_AUDITED
Humane Ai Pin,2023-11-09,2026-05-04,907,7,raw_count,"""Humane Ai Pin""",ok,2026-07-08,NOT_AUDITED
Humane Ai Pin,2023-11-09,2026-05-11,914,0,raw_count,"""Humane Ai Pin""",ok,2026-07-08,NOT_AUDITED
Humane Ai Pin,2023-11-09,2026-05-18,921,1,raw_count,"""Humane Ai Pin""",ok,2026-07-08,NOT_AUDITED
Humane Ai Pin,2023-11-09,2026-05-25,928,5,raw_count,"""Humane Ai Pin""",ok,2026-07-08,NOT_AUDITED
Humane Ai Pin,2023-11-09,2026-06-01,935,1,raw_count,"""Humane Ai Pin""",ok,2026-07-08,NOT_AUDITED
Humane Ai Pin,2023-11-09,2026-06-08,942,0,raw_count,"""Humane Ai Pin""",ok,2026-07-08,NOT_AUDITED
Humane Ai Pin,2023-11-09,2026-06-15,949,2,raw_count,"""Humane Ai Pin""",ok,2026-07-08,NOT_AUDITED
Humane Ai Pin,2023-11-09,2026-06-22,956,1,raw_count,"""Humane Ai Pin""",ok,2026-07-08,NOT_AUDITED
Humane Ai Pin,2023-11-09,2026-06-29,963,1,raw_count,"""Humane Ai Pin""",ok,2026-07-08,NOT_AUDITED
Ideogram,2023-08-22,2023-07-24,-29,0,raw_count,"""Ideogram"" (AI OR ""text-to-image"" OR image)",ok,2026-07-08,FAIL
Ideogram,2023-08-22,2023-07-31,-22,1,raw_count,"""Ideogram"" (AI OR ""text-to-image"" OR image)",ok,2026-07-08,FAIL
Ideogram,2023-08-22,2023-08-07,-15,0,raw_count,"""Ideogram"" (AI OR ""text-to-image"" OR image)",ok,2026-07-08,FAIL
Ideogram,2023-08-22,2023-08-14,-8,0,raw_count,"""Ideogram"" (AI OR ""text-to-image"" OR image)",ok,2026-07-08,FAIL
Ideogram,2023-08-22,2023-08-21,-1,2,raw_count,"""Ideogram"" (AI OR ""text-to-image"" OR image)",ok,2026-07-08,FAIL
Ideogram,2023-08-22,2023-08-28,6,2,raw_count,"""Ideogram"" (AI OR ""text-to-image"" OR image)",ok,2026-07-08,FAIL
Ideogram,2023-08-22,2023-09-04,13,0,raw_count,"""Ideogram"" (AI OR ""text-to-image"" OR image)",ok,2026-07-08,FAIL
Ideogram,2023-08-22,2023-09-11,20,0,raw_count,"""Ideogram"" (AI OR ""text-to-image"" OR image)",ok,2026-07-08,FAIL
Ideogram,2023-08-22,2023-09-18,27,2,raw_count,"""Ideogram"" (AI OR ""text-to-image"" OR image)",ok,2026-07-08,FAIL
Ideogram,2023-08-22,2023-09-25,34,3,raw_count,"""Ideogram"" (AI OR ""text-to-image"" OR image)",ok,2026-07-08,FAIL
Ideogram,2023-08-22,2023-10-02,41,2,raw_count,"""Ideogram"" (AI OR ""text-to-image"" OR image)",ok,2026-07-08,FAIL
Ideogram,2023-08-22,2023-10-09,48,1,raw_count,"""Ideogram"" (AI OR ""text-to-image"" OR image)",ok,2026-07-08,FAIL
Ideogram,2023-08-22,2023-10-16,55,0,raw_count,"""Ideogram"" (AI OR ""text-to-image"" OR image)",ok,2026-07-08,FAIL
Ideogram,2023-08-22,2023-10-23,62,0,raw_count,"""Ideogram"" (AI OR ""text-to-image"" OR image)",ok,2026-07-08,FAIL
Ideogram,2023-08-22,2023-10-30,69,1,raw_count,"""Ideogram"" (AI OR ""text-to-image"" OR image)",ok,2026-07-08,FAIL
Ideogram,2023-08-22,2023-11-06,76,0,raw_count,"""Ideogram"" (AI OR ""text-to-image"" OR image)",ok,2026-07-08,FAIL
Ideogram,2023-08-22,2023-11-13,83,0,raw_count,"""Ideogram"" (AI OR ""text-to-image"" OR image)",ok,2026-07-08,FAIL
Ideogram,2023-08-22,2023-11-20,90,1,raw_count,"""Ideogram"" (AI OR ""text-to-image"" OR image)",ok,2026-07-08,FAIL
Ideogram,2023-08-22,2023-11-27,97,0,raw_count,"""Ideogram"" (AI OR ""text-to-image"" OR image)",ok,2026-07-08,FAIL
Ideogram,2023-08-22,2023-12-04,104,0,raw_count,"""Ideogram"" (AI OR ""text-to-image"" OR image)",ok,2026-07-08,FAIL
Ideogram,2023-08-22,2023-12-11,111,2,raw_count,"""Ideogram"" (AI OR ""text-to-image"" OR image)",ok,2026-07-08,FAIL
Ideogram,2023-08-22,2023-12-18,118,2,raw_count,"""Ideogram"" (AI OR ""text-to-image"" OR image)",ok,2026-07-08,FAIL
Ideogram,2023-08-22,2023-12-25,125,0,raw_count,"""Ideogram"" (AI OR ""text-to-image"" OR image)",ok,2026-07-08,FAIL
Ideogram,2023-08-22,2024-01-01,132,1,raw_count,"""Ideogram"" (AI OR ""text-to-image"" OR image)",ok,2026-07-08,FAIL
Ideogram,2023-08-22,2024-01-08,139,0,raw_count,"""Ideogram"" (AI OR ""text-to-image"" OR image)",ok,2026-07-08,FAIL
Ideogram,2023-08-22,2024-01-15,146,0,raw_count,"""Ideogram"" (AI OR ""text-to-image"" OR image)",ok,2026-07-08,FAIL
Ideogram,2023-08-22,2024-01-22,153,1,raw_count,"""Ideogram"" (AI OR ""text-to-image"" OR image)",ok,2026-07-08,FAIL
Ideogram,2023-08-22,2024-01-29,160,0,raw_count,"""Ideogram"" (AI OR ""text-to-image"" OR image)",ok,2026-07-08,FAIL
Ideogram,2023-08-22,2024-02-05,167,1,raw_count,"""Ideogram"" (AI OR ""text-to-image"" OR image)",ok,2026-07-08,FAIL
Ideogram,2023-08-22,2024-02-12,174,2,raw_count,"""Ideogram"" (AI OR ""text-to-image"" OR image)",ok,2026-07-08,FAIL
Ideogram,2023-08-22,2024-02-19,181,0,raw_count,"""Ideogram"" (AI OR ""text-to-image"" OR image)",ok,2026-07-08,FAIL
Ideogram,2023-08-22,2024-02-26,188,5,raw_count,"""Ideogram"" (AI OR ""text-to-image"" OR image)",ok,2026-07-08,FAIL
Ideogram,2023-08-22,2024-03-04,195,2,raw_count,"""Ideogram"" (AI OR ""text-to-image"" OR image)",ok,2026-07-08,FAIL
Ideogram,2023-08-22,2024-03-11,202,0,raw_count,"""Ideogram"" (AI OR ""text-to-image"" OR image)",ok,2026-07-08,FAIL
Ideogram,2023-08-22,2024-03-18,209,1,raw_count,"""Ideogram"" (AI OR ""text-to-image"" OR image)",ok,2026-07-08,FAIL
Ideogram,2023-08-22,2024-03-25,216,0,raw_count,"""Ideogram"" (AI OR ""text-to-image"" OR image)",ok,2026-07-08,FAIL
Ideogram,2023-08-22,2024-04-01,223,3,raw_count,"""Ideogram"" (AI OR ""text-to-image"" OR image)",ok,2026-07-08,FAIL
Ideogram,2023-08-22,2024-04-08,230,3,raw_count,"""Ideogram"" (AI OR ""text-to-image"" OR image)",ok,2026-07-08,FAIL
Ideogram,2023-08-22,2024-04-15,237,3,raw_count,"""Ideogram"" (AI OR ""text-to-image"" OR image)",ok,2026-07-08,FAIL
Ideogram,2023-08-22,2024-04-22,244,4,raw_count,"""Ideogram"" (AI OR ""text-to-image"" OR image)",ok,2026-07-08,FAIL
Ideogram,2023-08-22,2024-04-29,251,4,raw_count,"""Ideogram"" (AI OR ""text-to-image"" OR image)",ok,2026-07-08,FAIL
Ideogram,2023-08-22,2024-05-06,258,1,raw_count,"""Ideogram"" (AI OR ""text-to-image"" OR image)",ok,2026-07-08,FAIL
Ideogram,2023-08-22,2024-05-13,265,0,raw_count,"""Ideogram"" (AI OR ""text-to-image"" OR image)",ok,2026-07-08,FAIL
Ideogram,2023-08-22,2024-05-20,272,4,raw_count,"""Ideogram"" (AI OR ""text-to-image"" OR image)",ok,2026-07-08,FAIL
Ideogram,2023-08-22,2024-05-27,279,6,raw_count,"""Ideogram"" (AI OR ""text-to-image"" OR image)",ok,2026-07-08,FAIL
Ideogram,2023-08-22,2024-06-03,286,6,raw_count,"""Ideogram"" (AI OR ""text-to-image"" OR image)",ok,2026-07-08,FAIL
Ideogram,2023-08-22,2024-06-10,293,2,raw_count,"""Ideogram"" (AI OR ""text-to-image"" OR image)",ok,2026-07-08,FAIL
Ideogram,2023-08-22,2024-06-17,300,2,raw_count,"""Ideogram"" (AI OR ""text-to-image"" OR image)",ok,2026-07-08,FAIL
Ideogram,2023-08-22,2024-06-24,307,1,raw_count,"""Ideogram"" (AI OR ""text-to-image"" OR image)",ok,2026-07-08,FAIL
Ideogram,2023-08-22,2024-07-01,314,1,raw_count,"""Ideogram"" (AI OR ""text-to-image"" OR image)",ok,2026-07-08,FAIL
Ideogram,2023-08-22,2024-07-08,321,2,raw_count,"""Ideogram"" (AI OR ""text-to-image"" OR image)",ok,2026-07-08,FAIL
Ideogram,2023-08-22,2024-07-15,328,5,raw_count,"""Ideogram"" (AI OR ""text-to-image"" OR image)",ok,2026-07-08,FAIL
Ideogram,2023-08-22,2024-07-22,335,0,raw_count,"""Ideogram"" (AI OR ""text-to-image"" OR image)",ok,2026-07-08,FAIL
Ideogram,2023-08-22,2024-07-29,342,1,raw_count,"""Ideogram"" (AI OR ""text-to-image"" OR image)",ok,2026-07-08,FAIL
Ideogram,2023-08-22,2024-08-05,349,3,raw_count,"""Ideogram"" (AI OR ""text-to-image"" OR image)",ok,2026-07-08,FAIL
Ideogram,2023-08-22,2024-08-12,356,5,raw_count,"""Ideogram"" (AI OR ""text-to-image"" OR image)",ok,2026-07-08,FAIL
Ideogram,2023-08-22,2024-08-19,363,9,raw_count,"""Ideogram"" (AI OR ""text-to-image"" OR image)",ok,2026-07-08,FAIL
Ideogram,2023-08-22,2024-08-26,370,5,raw_count,"""Ideogram"" (AI OR ""text-to-image"" OR image)",ok,2026-07-08,FAIL
Ideogram,2023-08-22,2024-09-02,377,1,raw_count,"""Ideogram"" (AI OR ""text-to-image"" OR image)",ok,2026-07-08,FAIL
Ideogram,2023-08-22,2024-09-09,384,2,raw_count,"""Ideogram"" (AI OR ""text-to-image"" OR image)",ok,2026-07-08,FAIL
Ideogram,2023-08-22,2024-09-16,391,3,raw_count,"""Ideogram"" (AI OR ""text-to-image"" OR image)",ok,2026-07-08,FAIL
Ideogram,2023-08-22,2024-09-23,398,1,raw_count,"""Ideogram"" (AI OR ""text-to-image"" OR image)",ok,2026-07-08,FAIL
Ideogram,2023-08-22,2024-09-30,405,5,raw_count,"""Ideogram"" (AI OR ""text-to-image"" OR image)",ok,2026-07-08,FAIL
Ideogram,2023-08-22,2024-10-07,412,1,raw_count,"""Ideogram"" (AI OR ""text-to-image"" OR image)",ok,2026-07-08,FAIL
Ideogram,2023-08-22,2024-10-14,419,0,raw_count,"""Ideogram"" (AI OR ""text-to-image"" OR image)",ok,2026-07-08,FAIL
Ideogram,2023-08-22,2024-10-21,426,2,raw_count,"""Ideogram"" (AI OR ""text-to-image"" OR image)",ok,2026-07-08,FAIL
Ideogram,2023-08-22,2024-10-28,433,6,raw_count,"""Ideogram"" (AI OR ""text-to-image"" OR image)",ok,2026-07-08,FAIL
Ideogram,2023-08-22,2024-11-04,440,2,raw_count,"""Ideogram"" (AI OR ""text-to-image"" OR image)",ok,2026-07-08,FAIL
Ideogram,2023-08-22,2024-11-11,447,4,raw_count,"""Ideogram"" (AI OR ""text-to-image"" OR image)",ok,2026-07-08,FAIL
Ideogram,2023-08-22,2024-11-18,454,3,raw_count,"""Ideogram"" (AI OR ""text-to-image"" OR image)",ok,2026-07-08,FAIL
Ideogram,2023-08-22,2024-11-25,461,3,raw_count,"""Ideogram"" (AI OR ""text-to-image"" OR image)",ok,2026-07-08,FAIL
Ideogram,2023-08-22,2024-12-02,468,2,raw_count,"""Ideogram"" (AI OR ""text-to-image"" OR image)",ok,2026-07-08,FAIL
Ideogram,2023-08-22,2024-12-09,475,3,raw_count,"""Ideogram"" (AI OR ""text-to-image"" OR image)",ok,2026-07-08,FAIL
Ideogram,2023-08-22,2024-12-16,482,4,raw_count,"""Ideogram"" (AI OR ""text-to-image"" OR image)",ok,2026-07-08,FAIL
Ideogram,2023-08-22,2024-12-23,489,4,raw_count,"""Ideogram"" (AI OR ""text-to-image"" OR image)",ok,2026-07-08,FAIL
Ideogram,2023-08-22,2024-12-30,496,3,raw_count,"""Ideogram"" (AI OR ""text-to-image"" OR image)",ok,2026-07-08,FAIL
Ideogram,2023-08-22,2025-01-06,503,3,raw_count,"""Ideogram"" (AI OR ""text-to-image"" OR image)",ok,2026-07-08,FAIL
Ideogram,2023-08-22,2025-01-13,510,1,raw_count,"""Ideogram"" (AI OR ""text-to-image"" OR image)",ok,2026-07-08,FAIL
Ideogram,2023-08-22,2025-01-20,517,3,raw_count,"""Ideogram"" (AI OR ""text-to-image"" OR image)",ok,2026-07-08,FAIL
Ideogram,2023-08-22,2025-01-27,524,3,raw_count,"""Ideogram"" (AI OR ""text-to-image"" OR image)",ok,2026-07-08,FAIL
Ideogram,2023-08-22,2025-02-03,531,3,raw_count,"""Ideogram"" (AI OR ""text-to-image"" OR image)",ok,2026-07-08,FAIL
Ideogram,2023-08-22,2025-02-10,538,2,raw_count,"""Ideogram"" (AI OR ""text-to-image"" OR image)",ok,2026-07-08,FAIL
Ideogram,2023-08-22,2025-02-17,545,3,raw_count,"""Ideogram"" (AI OR ""text-to-image"" OR image)",ok,2026-07-08,FAIL
Ideogram,2023-08-22,2025-02-24,552,0,raw_count,"""Ideogram"" (AI OR ""text-to-image"" OR image)",ok,2026-07-08,FAIL
Ideogram,2023-08-22,2025-03-03,559,2,raw_count,"""Ideogram"" (AI OR ""text-to-image"" OR image)",ok,2026-07-08,FAIL
Ideogram,2023-08-22,2025-03-10,566,0,raw_count,"""Ideogram"" (AI OR ""text-to-image"" OR image)",ok,2026-07-08,FAIL
Ideogram,2023-08-22,2025-03-17,573,2,raw_count,"""Ideogram"" (AI OR ""text-to-image"" OR image)",ok,2026-07-08,FAIL
Ideogram,2023-08-22,2025-03-24,580,5,raw_count,"""Ideogram"" (AI OR ""text-to-image"" OR image)",ok,2026-07-08,FAIL
Ideogram,2023-08-22,2025-03-31,587,4,raw_count,"""Ideogram"" (AI OR ""text-to-image"" OR image)",ok,2026-07-08,FAIL
Ideogram,2023-08-22,2025-04-07,594,1,raw_count,"""Ideogram"" (AI OR ""text-to-image"" OR image)",ok,2026-07-08,FAIL
Ideogram,2023-08-22,2025-04-14,601,1,raw_count,"""Ideogram"" (AI OR ""text-to-image"" OR image)",ok,2026-07-08,FAIL
Ideogram,2023-08-22,2025-04-21,608,5,raw_count,"""Ideogram"" (AI OR ""text-to-image"" OR image)",ok,2026-07-08,FAIL
Ideogram,2023-08-22,2025-04-28,615,0,raw_count,"""Ideogram"" (AI OR ""text-to-image"" OR image)",ok,2026-07-08,FAIL
Ideogram,2023-08-22,2025-05-05,622,0,raw_count,"""Ideogram"" (AI OR ""text-to-image"" OR image)",ok,2026-07-08,FAIL
Ideogram,2023-08-22,2025-05-12,629,2,raw_count,"""Ideogram"" (AI OR ""text-to-image"" OR image)",ok,2026-07-08,FAIL
Ideogram,2023-08-22,2025-05-19,636,1,raw_count,"""Ideogram"" (AI OR ""text-to-image"" OR image)",ok,2026-07-08,FAIL
Ideogram,2023-08-22,2025-05-26,643,2,raw_count,"""Ideogram"" (AI OR ""text-to-image"" OR image)",ok,2026-07-08,FAIL
Ideogram,2023-08-22,2025-06-02,650,4,raw_count,"""Ideogram"" (AI OR ""text-to-image"" OR image)",ok,2026-07-08,FAIL
Ideogram,2023-08-22,2025-06-09,657,2,raw_count,"""Ideogram"" (AI OR ""text-to-image"" OR image)",ok,2026-07-08,FAIL
Ideogram,2023-08-22,2025-06-16,664,0,raw_count,"""Ideogram"" (AI OR ""text-to-image"" OR image)",ok,2026-07-08,FAIL
Ideogram,2023-08-22,2025-06-23,671,0,raw_count,"""Ideogram"" (AI OR ""text-to-image"" OR image)",ok,2026-07-08,FAIL
Ideogram,2023-08-22,2025-06-30,678,0,raw_count,"""Ideogram"" (AI OR ""text-to-image"" OR image)",ok,2026-07-08,FAIL
Ideogram,2023-08-22,2025-07-07,685,2,raw_count,"""Ideogram"" (AI OR ""text-to-image"" OR image)",ok,2026-07-08,FAIL
Ideogram,2023-08-22,2025-07-14,692,3,raw_count,"""Ideogram"" (AI OR ""text-to-image"" OR image)",ok,2026-07-08,FAIL
Ideogram,2023-08-22,2025-07-21,699,3,raw_count,"""Ideogram"" (AI OR ""text-to-image"" OR image)",ok,2026-07-08,FAIL
Ideogram,2023-08-22,2025-07-28,706,1,raw_count,"""Ideogram"" (AI OR ""text-to-image"" OR image)",ok,2026-07-08,FAIL
Ideogram,2023-08-22,2025-08-04,713,0,raw_count,"""Ideogram"" (AI OR ""text-to-image"" OR image)",ok,2026-07-08,FAIL
Ideogram,2023-08-22,2025-08-11,720,3,raw_count,"""Ideogram"" (AI OR ""text-to-image"" OR image)",ok,2026-07-08,FAIL
Ideogram,2023-08-22,2025-08-18,727,2,raw_count,"""Ideogram"" (AI OR ""text-to-image"" OR image)",ok,2026-07-08,FAIL
Ideogram,2023-08-22,2025-08-25,734,1,raw_count,"""Ideogram"" (AI OR ""text-to-image"" OR image)",ok,2026-07-08,FAIL
Ideogram,2023-08-22,2025-09-01,741,3,raw_count,"""Ideogram"" (AI OR ""text-to-image"" OR image)",ok,2026-07-08,FAIL
Ideogram,2023-08-22,2025-09-08,748,1,raw_count,"""Ideogram"" (AI OR ""text-to-image"" OR image)",ok,2026-07-08,FAIL
Ideogram,2023-08-22,2025-09-15,755,1,raw_count,"""Ideogram"" (AI OR ""text-to-image"" OR image)",ok,2026-07-08,FAIL
Ideogram,2023-08-22,2025-09-22,762,2,raw_count,"""Ideogram"" (AI OR ""text-to-image"" OR image)",ok,2026-07-08,FAIL
Ideogram,2023-08-22,2025-09-29,769,0,raw_count,"""Ideogram"" (AI OR ""text-to-image"" OR image)",ok,2026-07-08,FAIL
Ideogram,2023-08-22,2025-10-06,776,2,raw_count,"""Ideogram"" (AI OR ""text-to-image"" OR image)",ok,2026-07-08,FAIL
Ideogram,2023-08-22,2025-10-13,783,2,raw_count,"""Ideogram"" (AI OR ""text-to-image"" OR image)",ok,2026-07-08,FAIL
Ideogram,2023-08-22,2025-10-20,790,0,raw_count,"""Ideogram"" (AI OR ""text-to-image"" OR image)",ok,2026-07-08,FAIL
Ideogram,2023-08-22,2025-10-27,797,2,raw_count,"""Ideogram"" (AI OR ""text-to-image"" OR image)",ok,2026-07-08,FAIL
Ideogram,2023-08-22,2025-11-03,804,0,raw_count,"""Ideogram"" (AI OR ""text-to-image"" OR image)",ok,2026-07-08,FAIL
Ideogram,2023-08-22,2025-11-10,811,2,raw_count,"""Ideogram"" (AI OR ""text-to-image"" OR image)",ok,2026-07-08,FAIL
Ideogram,2023-08-22,2025-11-17,818,5,raw_count,"""Ideogram"" (AI OR ""text-to-image"" OR image)",ok,2026-07-08,FAIL
Ideogram,2023-08-22,2025-11-24,825,2,raw_count,"""Ideogram"" (AI OR ""text-to-image"" OR image)",ok,2026-07-08,FAIL
Ideogram,2023-08-22,2025-12-01,832,3,raw_count,"""Ideogram"" (AI OR ""text-to-image"" OR image)",ok,2026-07-08,FAIL
Ideogram,2023-08-22,2025-12-08,839,2,raw_count,"""Ideogram"" (AI OR ""text-to-image"" OR image)",ok,2026-07-08,FAIL
Ideogram,2023-08-22,2025-12-15,846,0,raw_count,"""Ideogram"" (AI OR ""text-to-image"" OR image)",ok,2026-07-08,FAIL
Ideogram,2023-08-22,2025-12-22,853,2,raw_count,"""Ideogram"" (AI OR ""text-to-image"" OR image)",ok,2026-07-08,FAIL
Ideogram,2023-08-22,2025-12-29,860,3,raw_count,"""Ideogram"" (AI OR ""text-to-image"" OR image)",ok,2026-07-08,FAIL
Ideogram,2023-08-22,2026-01-05,867,3,raw_count,"""Ideogram"" (AI OR ""text-to-image"" OR image)",ok,2026-07-08,FAIL
Ideogram,2023-08-22,2026-01-12,874,1,raw_count,"""Ideogram"" (AI OR ""text-to-image"" OR image)",ok,2026-07-08,FAIL
Ideogram,2023-08-22,2026-01-19,881,0,raw_count,"""Ideogram"" (AI OR ""text-to-image"" OR image)",ok,2026-07-08,FAIL
Ideogram,2023-08-22,2026-01-26,888,2,raw_count,"""Ideogram"" (AI OR ""text-to-image"" OR image)",ok,2026-07-08,FAIL
Ideogram,2023-08-22,2026-02-02,895,1,raw_count,"""Ideogram"" (AI OR ""text-to-image"" OR image)",ok,2026-07-08,FAIL
Ideogram,2023-08-22,2026-02-09,902,0,raw_count,"""Ideogram"" (AI OR ""text-to-image"" OR image)",ok,2026-07-08,FAIL
Ideogram,2023-08-22,2026-02-16,909,0,raw_count,"""Ideogram"" (AI OR ""text-to-image"" OR image)",ok,2026-07-08,FAIL
Ideogram,2023-08-22,2026-02-23,916,2,raw_count,"""Ideogram"" (AI OR ""text-to-image"" OR image)",ok,2026-07-08,FAIL
Ideogram,2023-08-22,2026-03-02,923,0,raw_count,"""Ideogram"" (AI OR ""text-to-image"" OR image)",ok,2026-07-08,FAIL
Ideogram,2023-08-22,2026-03-09,930,2,raw_count,"""Ideogram"" (AI OR ""text-to-image"" OR image)",ok,2026-07-08,FAIL
Ideogram,2023-08-22,2026-03-16,937,0,raw_count,"""Ideogram"" (AI OR ""text-to-image"" OR image)",ok,2026-07-08,FAIL
Ideogram,2023-08-22,2026-03-23,944,3,raw_count,"""Ideogram"" (AI OR ""text-to-image"" OR image)",ok,2026-07-08,FAIL
Ideogram,2023-08-22,2026-03-30,951,1,raw_count,"""Ideogram"" (AI OR ""text-to-image"" OR image)",ok,2026-07-08,FAIL
Ideogram,2023-08-22,2026-04-06,958,1,raw_count,"""Ideogram"" (AI OR ""text-to-image"" OR image)",ok,2026-07-08,FAIL
Ideogram,2023-08-22,2026-04-13,965,2,raw_count,"""Ideogram"" (AI OR ""text-to-image"" OR image)",ok,2026-07-08,FAIL
Ideogram,2023-08-22,2026-04-20,972,0,raw_count,"""Ideogram"" (AI OR ""text-to-image"" OR image)",ok,2026-07-08,FAIL
Ideogram,2023-08-22,2026-04-27,979,2,raw_count,"""Ideogram"" (AI OR ""text-to-image"" OR image)",ok,2026-07-08,FAIL
Ideogram,2023-08-22,2026-05-04,986,0,raw_count,"""Ideogram"" (AI OR ""text-to-image"" OR image)",ok,2026-07-08,FAIL
Ideogram,2023-08-22,2026-05-11,993,0,raw_count,"""Ideogram"" (AI OR ""text-to-image"" OR image)",ok,2026-07-08,FAIL
Ideogram,2023-08-22,2026-05-18,1000,2,raw_count,"""Ideogram"" (AI OR ""text-to-image"" OR image)",ok,2026-07-08,FAIL
Ideogram,2023-08-22,2026-05-25,1007,2,raw_count,"""Ideogram"" (AI OR ""text-to-image"" OR image)",ok,2026-07-08,FAIL
Ideogram,2023-08-22,2026-06-01,1014,3,raw_count,"""Ideogram"" (AI OR ""text-to-image"" OR image)",ok,2026-07-08,FAIL
Ideogram,2023-08-22,2026-06-08,1021,4,raw_count,"""Ideogram"" (AI OR ""text-to-image"" OR image)",ok,2026-07-08,FAIL
Ideogram,2023-08-22,2026-06-15,1028,0,raw_count,"""Ideogram"" (AI OR ""text-to-image"" OR image)",ok,2026-07-08,FAIL
Ideogram,2023-08-22,2026-06-22,1035,0,raw_count,"""Ideogram"" (AI OR ""text-to-image"" OR image)",ok,2026-07-08,FAIL
Ideogram,2023-08-22,2026-06-29,1042,1,raw_count,"""Ideogram"" (AI OR ""text-to-image"" OR image)",ok,2026-07-08,FAIL
Phi-3,2024-04-23,2024-03-25,-29,1,raw_count,"""Phi-3""",ok,2026-07-08,NOT_AUDITED
Phi-3,2024-04-23,2024-04-01,-22,1,raw_count,"""Phi-3""",ok,2026-07-08,NOT_AUDITED
Phi-3,2024-04-23,2024-04-08,-15,1,raw_count,"""Phi-3""",ok,2026-07-08,NOT_AUDITED
Phi-3,2024-04-23,2024-04-15,-8,1,raw_count,"""Phi-3""",ok,2026-07-08,NOT_AUDITED
Phi-3,2024-04-23,2024-04-22,-1,58,raw_count,"""Phi-3""",ok,2026-07-08,NOT_AUDITED
Phi-3,2024-04-23,2024-04-29,6,7,raw_count,"""Phi-3""",ok,2026-07-08,NOT_AUDITED
Phi-3,2024-04-23,2024-05-06,13,10,raw_count,"""Phi-3""",ok,2026-07-08,NOT_AUDITED
Phi-3,2024-04-23,2024-05-13,20,2,raw_count,"""Phi-3""",ok,2026-07-08,NOT_AUDITED
Phi-3,2024-04-23,2024-05-20,27,26,raw_count,"""Phi-3""",ok,2026-07-08,NOT_AUDITED
Phi-3,2024-04-23,2024-05-27,34,11,raw_count,"""Phi-3""",ok,2026-07-08,NOT_AUDITED
Phi-3,2024-04-23,2024-06-03,41,5,raw_count,"""Phi-3""",ok,2026-07-08,NOT_AUDITED
Phi-3,2024-04-23,2024-06-10,48,1,raw_count,"""Phi-3""",ok,2026-07-08,NOT_AUDITED
Phi-3,2024-04-23,2024-06-17,55,3,raw_count,"""Phi-3""",ok,2026-07-08,NOT_AUDITED
Phi-3,2024-04-23,2024-06-24,62,8,raw_count,"""Phi-3""",ok,2026-07-08,NOT_AUDITED
Phi-3,2024-04-23,2024-07-01,69,2,raw_count,"""Phi-3""",ok,2026-07-08,NOT_AUDITED
Phi-3,2024-04-23,2024-07-08,76,0,raw_count,"""Phi-3""",ok,2026-07-08,NOT_AUDITED
Phi-3,2024-04-23,2024-07-15,83,4,raw_count,"""Phi-3""",ok,2026-07-08,NOT_AUDITED
Phi-3,2024-04-23,2024-07-22,90,4,raw_count,"""Phi-3""",ok,2026-07-08,NOT_AUDITED
Phi-3,2024-04-23,2024-07-29,97,9,raw_count,"""Phi-3""",ok,2026-07-08,NOT_AUDITED
Phi-3,2024-04-23,2024-08-05,104,2,raw_count,"""Phi-3""",ok,2026-07-08,NOT_AUDITED
Phi-3,2024-04-23,2024-08-12,111,1,raw_count,"""Phi-3""",ok,2026-07-08,NOT_AUDITED
Phi-3,2024-04-23,2024-08-19,118,10,raw_count,"""Phi-3""",ok,2026-07-08,NOT_AUDITED
Phi-3,2024-04-23,2024-08-26,125,2,raw_count,"""Phi-3""",ok,2026-07-08,NOT_AUDITED
Phi-3,2024-04-23,2024-09-02,132,3,raw_count,"""Phi-3""",ok,2026-07-08,NOT_AUDITED
Phi-3,2024-04-23,2024-09-09,139,3,raw_count,"""Phi-3""",ok,2026-07-08,NOT_AUDITED
Phi-3,2024-04-23,2024-09-16,146,4,raw_count,"""Phi-3""",ok,2026-07-08,NOT_AUDITED
Phi-3,2024-04-23,2024-09-23,153,3,raw_count,"""Phi-3""",ok,2026-07-08,NOT_AUDITED
Phi-3,2024-04-23,2024-09-30,160,4,raw_count,"""Phi-3""",ok,2026-07-08,NOT_AUDITED
Phi-3,2024-04-23,2024-10-07,167,3,raw_count,"""Phi-3""",ok,2026-07-08,NOT_AUDITED
Phi-3,2024-04-23,2024-10-14,174,3,raw_count,"""Phi-3""",ok,2026-07-08,NOT_AUDITED
Phi-3,2024-04-23,2024-10-21,181,5,raw_count,"""Phi-3""",ok,2026-07-08,NOT_AUDITED
Phi-3,2024-04-23,2024-10-28,188,4,raw_count,"""Phi-3""",ok,2026-07-08,NOT_AUDITED
Phi-3,2024-04-23,2024-11-04,195,3,raw_count,"""Phi-3""",ok,2026-07-08,NOT_AUDITED
Phi-3,2024-04-23,2024-11-11,202,4,raw_count,"""Phi-3""",ok,2026-07-08,NOT_AUDITED
Phi-3,2024-04-23,2024-11-18,209,10,raw_count,"""Phi-3""",ok,2026-07-08,NOT_AUDITED
Phi-3,2024-04-23,2024-11-25,216,2,raw_count,"""Phi-3""",ok,2026-07-08,NOT_AUDITED
Phi-3,2024-04-23,2024-12-02,223,3,raw_count,"""Phi-3""",ok,2026-07-08,NOT_AUDITED
Phi-3,2024-04-23,2024-12-09,230,2,raw_count,"""Phi-3""",ok,2026-07-08,NOT_AUDITED
Phi-3,2024-04-23,2024-12-16,237,4,raw_count,"""Phi-3""",ok,2026-07-08,NOT_AUDITED
Phi-3,2024-04-23,2024-12-23,244,2,raw_count,"""Phi-3""",ok,2026-07-08,NOT_AUDITED
Phi-3,2024-04-23,2024-12-30,251,6,raw_count,"""Phi-3""",ok,2026-07-08,NOT_AUDITED
Phi-3,2024-04-23,2025-01-06,258,0,raw_count,"""Phi-3""",ok,2026-07-08,NOT_AUDITED
Phi-3,2024-04-23,2025-01-13,265,3,raw_count,"""Phi-3""",ok,2026-07-08,NOT_AUDITED
Phi-3,2024-04-23,2025-01-20,272,4,raw_count,"""Phi-3""",ok,2026-07-08,NOT_AUDITED
Phi-3,2024-04-23,2025-01-27,279,1,raw_count,"""Phi-3""",ok,2026-07-08,NOT_AUDITED
Phi-3,2024-04-23,2025-02-03,286,2,raw_count,"""Phi-3""",ok,2026-07-08,NOT_AUDITED
Phi-3,2024-04-23,2025-02-10,293,0,raw_count,"""Phi-3""",ok,2026-07-08,NOT_AUDITED
Phi-3,2024-04-23,2025-02-17,300,2,raw_count,"""Phi-3""",ok,2026-07-08,NOT_AUDITED
Phi-3,2024-04-23,2025-02-24,307,0,raw_count,"""Phi-3""",ok,2026-07-08,NOT_AUDITED
Phi-3,2024-04-23,2025-03-03,314,1,raw_count,"""Phi-3""",ok,2026-07-08,NOT_AUDITED
Phi-3,2024-04-23,2025-03-10,321,1,raw_count,"""Phi-3""",ok,2026-07-08,NOT_AUDITED
Phi-3,2024-04-23,2025-03-17,328,10,raw_count,"""Phi-3""",ok,2026-07-08,NOT_AUDITED
Phi-3,2024-04-23,2025-03-24,335,4,raw_count,"""Phi-3""",ok,2026-07-08,NOT_AUDITED
Phi-3,2024-04-23,2025-03-31,342,1,raw_count,"""Phi-3""",ok,2026-07-08,NOT_AUDITED
Phi-3,2024-04-23,2025-04-07,349,6,raw_count,"""Phi-3""",ok,2026-07-08,NOT_AUDITED
Phi-3,2024-04-23,2025-04-14,356,0,raw_count,"""Phi-3""",ok,2026-07-08,NOT_AUDITED
Phi-3,2024-04-23,2025-04-21,363,0,raw_count,"""Phi-3""",ok,2026-07-08,NOT_AUDITED
Phi-3,2024-04-23,2025-04-28,370,2,raw_count,"""Phi-3""",ok,2026-07-08,NOT_AUDITED
Phi-3,2024-04-23,2025-05-05,377,0,raw_count,"""Phi-3""",ok,2026-07-08,NOT_AUDITED
Phi-3,2024-04-23,2025-05-12,384,0,raw_count,"""Phi-3""",ok,2026-07-08,NOT_AUDITED
Phi-3,2024-04-23,2025-05-19,391,3,raw_count,"""Phi-3""",ok,2026-07-08,NOT_AUDITED
Phi-3,2024-04-23,2025-05-26,398,0,raw_count,"""Phi-3""",ok,2026-07-08,NOT_AUDITED
Phi-3,2024-04-23,2025-06-02,405,0,raw_count,"""Phi-3""",ok,2026-07-08,NOT_AUDITED
Phi-3,2024-04-23,2025-06-09,412,1,raw_count,"""Phi-3""",ok,2026-07-08,NOT_AUDITED
Phi-3,2024-04-23,2025-06-16,419,0,raw_count,"""Phi-3""",ok,2026-07-08,NOT_AUDITED
Phi-3,2024-04-23,2025-06-23,426,0,raw_count,"""Phi-3""",ok,2026-07-08,NOT_AUDITED
Phi-3,2024-04-23,2025-06-30,433,1,raw_count,"""Phi-3""",ok,2026-07-08,NOT_AUDITED
Phi-3,2024-04-23,2025-07-07,440,6,raw_count,"""Phi-3""",ok,2026-07-08,NOT_AUDITED
Phi-3,2024-04-23,2025-07-14,447,1,raw_count,"""Phi-3""",ok,2026-07-08,NOT_AUDITED
Phi-3,2024-04-23,2025-07-21,454,0,raw_count,"""Phi-3""",ok,2026-07-08,NOT_AUDITED
Phi-3,2024-04-23,2025-07-28,461,1,raw_count,"""Phi-3""",ok,2026-07-08,NOT_AUDITED
Phi-3,2024-04-23,2025-08-04,468,1,raw_count,"""Phi-3""",ok,2026-07-08,NOT_AUDITED
Phi-3,2024-04-23,2025-08-11,475,1,raw_count,"""Phi-3""",ok,2026-07-08,NOT_AUDITED
Phi-3,2024-04-23,2025-08-18,482,0,raw_count,"""Phi-3""",ok,2026-07-08,NOT_AUDITED
Phi-3,2024-04-23,2025-08-25,489,1,raw_count,"""Phi-3""",ok,2026-07-08,NOT_AUDITED
Phi-3,2024-04-23,2025-09-01,496,0,raw_count,"""Phi-3""",ok,2026-07-08,NOT_AUDITED
Phi-3,2024-04-23,2025-09-08,503,2,raw_count,"""Phi-3""",ok,2026-07-08,NOT_AUDITED
Phi-3,2024-04-23,2025-09-15,510,8,raw_count,"""Phi-3""",ok,2026-07-08,NOT_AUDITED
Phi-3,2024-04-23,2025-09-22,517,5,raw_count,"""Phi-3""",ok,2026-07-08,NOT_AUDITED
Phi-3,2024-04-23,2025-09-29,524,9,raw_count,"""Phi-3""",ok,2026-07-08,NOT_AUDITED
Phi-3,2024-04-23,2025-10-06,531,1,raw_count,"""Phi-3""",ok,2026-07-08,NOT_AUDITED
Phi-3,2024-04-23,2025-10-13,538,0,raw_count,"""Phi-3""",ok,2026-07-08,NOT_AUDITED
Phi-3,2024-04-23,2025-10-20,545,1,raw_count,"""Phi-3""",ok,2026-07-08,NOT_AUDITED
Phi-3,2024-04-23,2025-10-27,552,0,raw_count,"""Phi-3""",ok,2026-07-08,NOT_AUDITED
Phi-3,2024-04-23,2025-11-03,559,1,raw_count,"""Phi-3""",ok,2026-07-08,NOT_AUDITED
Phi-3,2024-04-23,2025-11-10,566,0,raw_count,"""Phi-3""",ok,2026-07-08,NOT_AUDITED
Phi-3,2024-04-23,2025-11-17,573,2,raw_count,"""Phi-3""",ok,2026-07-08,NOT_AUDITED
Phi-3,2024-04-23,2025-11-24,580,3,raw_count,"""Phi-3""",ok,2026-07-08,NOT_AUDITED
Phi-3,2024-04-23,2025-12-01,587,1,raw_count,"""Phi-3""",ok,2026-07-08,NOT_AUDITED
Phi-3,2024-04-23,2025-12-08,594,1,raw_count,"""Phi-3""",ok,2026-07-08,NOT_AUDITED
Phi-3,2024-04-23,2025-12-15,601,0,raw_count,"""Phi-3""",ok,2026-07-08,NOT_AUDITED
Phi-3,2024-04-23,2025-12-22,608,0,raw_count,"""Phi-3""",ok,2026-07-08,NOT_AUDITED
Phi-3,2024-04-23,2025-12-29,615,2,raw_count,"""Phi-3""",ok,2026-07-08,NOT_AUDITED
Phi-3,2024-04-23,2026-01-05,622,0,raw_count,"""Phi-3""",ok,2026-07-08,NOT_AUDITED
Phi-3,2024-04-23,2026-01-12,629,0,raw_count,"""Phi-3""",ok,2026-07-08,NOT_AUDITED
Phi-3,2024-04-23,2026-01-19,636,1,raw_count,"""Phi-3""",ok,2026-07-08,NOT_AUDITED
Phi-3,2024-04-23,2026-01-26,643,3,raw_count,"""Phi-3""",ok,2026-07-08,NOT_AUDITED
Phi-3,2024-04-23,2026-02-02,650,0,raw_count,"""Phi-3""",ok,2026-07-08,NOT_AUDITED
Phi-3,2024-04-23,2026-02-09,657,0,raw_count,"""Phi-3""",ok,2026-07-08,NOT_AUDITED
Phi-3,2024-04-23,2026-02-16,664,1,raw_count,"""Phi-3""",ok,2026-07-08,NOT_AUDITED
Phi-3,2024-04-23,2026-02-23,671,1,raw_count,"""Phi-3""",ok,2026-07-08,NOT_AUDITED
Phi-3,2024-04-23,2026-03-02,678,2,raw_count,"""Phi-3""",ok,2026-07-08,NOT_AUDITED
Phi-3,2024-04-23,2026-03-09,685,0,raw_count,"""Phi-3""",ok,2026-07-08,NOT_AUDITED
Phi-3,2024-04-23,2026-03-16,692,1,raw_count,"""Phi-3""",ok,2026-07-08,NOT_AUDITED
Phi-3,2024-04-23,2026-03-23,699,3,raw_count,"""Phi-3""",ok,2026-07-08,NOT_AUDITED
Phi-3,2024-04-23,2026-03-30,706,1,raw_count,"""Phi-3""",ok,2026-07-08,NOT_AUDITED
Phi-3,2024-04-23,2026-04-06,713,0,raw_count,"""Phi-3""",ok,2026-07-08,NOT_AUDITED
Phi-3,2024-04-23,2026-04-13,720,0,raw_count,"""Phi-3""",ok,2026-07-08,NOT_AUDITED
Phi-3,2024-04-23,2026-04-20,727,2,raw_count,"""Phi-3""",ok,2026-07-08,NOT_AUDITED
Phi-3,2024-04-23,2026-04-27,734,0,raw_count,"""Phi-3""",ok,2026-07-08,NOT_AUDITED
Phi-3,2024-04-23,2026-05-04,741,1,raw_count,"""Phi-3""",ok,2026-07-08,NOT_AUDITED
Phi-3,2024-04-23,2026-05-11,748,1,raw_count,"""Phi-3""",ok,2026-07-08,NOT_AUDITED
Phi-3,2024-04-23,2026-05-18,755,1,raw_count,"""Phi-3""",ok,2026-07-08,NOT_AUDITED
Phi-3,2024-04-23,2026-05-25,762,0,raw_count,"""Phi-3""",ok,2026-07-08,NOT_AUDITED
Phi-3,2024-04-23,2026-06-01,769,1,raw_count,"""Phi-3""",ok,2026-07-08,NOT_AUDITED
Phi-3,2024-04-23,2026-06-08,776,1,raw_count,"""Phi-3""",ok,2026-07-08,NOT_AUDITED
Phi-3,2024-04-23,2026-06-15,783,1,raw_count,"""Phi-3""",ok,2026-07-08,NOT_AUDITED
Phi-3,2024-04-23,2026-06-22,790,1,raw_count,"""Phi-3""",ok,2026-07-08,NOT_AUDITED
Phi-3,2024-04-23,2026-06-29,797,0,raw_count,"""Phi-3""",ok,2026-07-08,NOT_AUDITED
Rabbit R1,2024-01-09,2023-12-11,-29,0,raw_count,"""Rabbit R1""",ok,2026-07-08,NOT_AUDITED
Rabbit R1,2024-01-09,2023-12-18,-22,0,raw_count,"""Rabbit R1""",ok,2026-07-08,NOT_AUDITED
Rabbit R1,2024-01-09,2023-12-25,-15,0,raw_count,"""Rabbit R1""",ok,2026-07-08,NOT_AUDITED
Rabbit R1,2024-01-09,2024-01-01,-8,0,raw_count,"""Rabbit R1""",ok,2026-07-08,NOT_AUDITED
Rabbit R1,2024-01-09,2024-01-08,-1,126,raw_count,"""Rabbit R1""",ok,2026-07-08,NOT_AUDITED
Rabbit R1,2024-01-09,2024-01-15,6,17,raw_count,"""Rabbit R1""",ok,2026-07-08,NOT_AUDITED
Rabbit R1,2024-01-09,2024-01-22,13,14,raw_count,"""Rabbit R1""",ok,2026-07-08,NOT_AUDITED
Rabbit R1,2024-01-09,2024-01-29,20,7,raw_count,"""Rabbit R1""",ok,2026-07-08,NOT_AUDITED
Rabbit R1,2024-01-09,2024-02-05,27,7,raw_count,"""Rabbit R1""",ok,2026-07-08,NOT_AUDITED
Rabbit R1,2024-01-09,2024-02-12,34,7,raw_count,"""Rabbit R1""",ok,2026-07-08,NOT_AUDITED
Rabbit R1,2024-01-09,2024-02-19,41,25,raw_count,"""Rabbit R1""",ok,2026-07-08,NOT_AUDITED
Rabbit R1,2024-01-09,2024-02-26,48,8,raw_count,"""Rabbit R1""",ok,2026-07-08,NOT_AUDITED
Rabbit R1,2024-01-09,2024-03-04,55,4,raw_count,"""Rabbit R1""",ok,2026-07-08,NOT_AUDITED
Rabbit R1,2024-01-09,2024-03-11,62,2,raw_count,"""Rabbit R1""",ok,2026-07-08,NOT_AUDITED
Rabbit R1,2024-01-09,2024-03-18,69,10,raw_count,"""Rabbit R1""",ok,2026-07-08,NOT_AUDITED
Rabbit R1,2024-01-09,2024-03-25,76,11,raw_count,"""Rabbit R1""",ok,2026-07-08,NOT_AUDITED
Rabbit R1,2024-01-09,2024-04-01,83,4,raw_count,"""Rabbit R1""",ok,2026-07-08,NOT_AUDITED
Rabbit R1,2024-01-09,2024-04-08,90,5,raw_count,"""Rabbit R1""",ok,2026-07-08,NOT_AUDITED
Rabbit R1,2024-01-09,2024-04-15,97,3,raw_count,"""Rabbit R1""",ok,2026-07-08,NOT_AUDITED
Rabbit R1,2024-01-09,2024-04-22,104,27,raw_count,"""Rabbit R1""",ok,2026-07-08,NOT_AUDITED
Rabbit R1,2024-01-09,2024-04-29,111,41,raw_count,"""Rabbit R1""",ok,2026-07-08,NOT_AUDITED
Rabbit R1,2024-01-09,2024-05-06,118,13,raw_count,"""Rabbit R1""",ok,2026-07-08,NOT_AUDITED
Rabbit R1,2024-01-09,2024-05-13,125,67,raw_count,"""Rabbit R1""",ok,2026-07-08,NOT_AUDITED
Rabbit R1,2024-01-09,2024-05-20,132,14,raw_count,"""Rabbit R1""",ok,2026-07-08,NOT_AUDITED
Rabbit R1,2024-01-09,2024-05-27,139,12,raw_count,"""Rabbit R1""",ok,2026-07-08,NOT_AUDITED
Rabbit R1,2024-01-09,2024-06-03,146,27,raw_count,"""Rabbit R1""",ok,2026-07-08,NOT_AUDITED
Rabbit R1,2024-01-09,2024-06-10,153,4,raw_count,"""Rabbit R1""",ok,2026-07-08,NOT_AUDITED
Rabbit R1,2024-01-09,2024-06-17,160,1,raw_count,"""Rabbit R1""",ok,2026-07-08,NOT_AUDITED
Rabbit R1,2024-01-09,2024-06-24,167,10,raw_count,"""Rabbit R1""",ok,2026-07-08,NOT_AUDITED
Rabbit R1,2024-01-09,2024-07-01,174,6,raw_count,"""Rabbit R1""",ok,2026-07-08,NOT_AUDITED
Rabbit R1,2024-01-09,2024-07-08,181,3,raw_count,"""Rabbit R1""",ok,2026-07-08,NOT_AUDITED
Rabbit R1,2024-01-09,2024-07-15,188,4,raw_count,"""Rabbit R1""",ok,2026-07-08,NOT_AUDITED
Rabbit R1,2024-01-09,2024-07-22,195,3,raw_count,"""Rabbit R1""",ok,2026-07-08,NOT_AUDITED
Rabbit R1,2024-01-09,2024-07-29,202,12,raw_count,"""Rabbit R1""",ok,2026-07-08,NOT_AUDITED
Rabbit R1,2024-01-09,2024-08-05,209,5,raw_count,"""Rabbit R1""",ok,2026-07-08,NOT_AUDITED
Rabbit R1,2024-01-09,2024-08-12,216,4,raw_count,"""Rabbit R1""",ok,2026-07-08,NOT_AUDITED
Rabbit R1,2024-01-09,2024-08-19,223,3,raw_count,"""Rabbit R1""",ok,2026-07-08,NOT_AUDITED
Rabbit R1,2024-01-09,2024-08-26,230,4,raw_count,"""Rabbit R1""",ok,2026-07-08,NOT_AUDITED
Rabbit R1,2024-01-09,2024-09-02,237,0,raw_count,"""Rabbit R1""",ok,2026-07-08,NOT_AUDITED
Rabbit R1,2024-01-09,2024-09-09,244,1,raw_count,"""Rabbit R1""",ok,2026-07-08,NOT_AUDITED
Rabbit R1,2024-01-09,2024-09-16,251,7,raw_count,"""Rabbit R1""",ok,2026-07-08,NOT_AUDITED
Rabbit R1,2024-01-09,2024-09-23,258,15,raw_count,"""Rabbit R1""",ok,2026-07-08,NOT_AUDITED
Rabbit R1,2024-01-09,2024-09-30,265,2,raw_count,"""Rabbit R1""",ok,2026-07-08,NOT_AUDITED
Rabbit R1,2024-01-09,2024-10-07,272,2,raw_count,"""Rabbit R1""",ok,2026-07-08,NOT_AUDITED
Rabbit R1,2024-01-09,2024-10-14,279,0,raw_count,"""Rabbit R1""",ok,2026-07-08,NOT_AUDITED
Rabbit R1,2024-01-09,2024-10-21,286,0,raw_count,"""Rabbit R1""",ok,2026-07-08,NOT_AUDITED
Rabbit R1,2024-01-09,2024-10-28,293,0,raw_count,"""Rabbit R1""",ok,2026-07-08,NOT_AUDITED
Rabbit R1,2024-01-09,2024-11-04,300,0,raw_count,"""Rabbit R1""",ok,2026-07-08,NOT_AUDITED
Rabbit R1,2024-01-09,2024-11-11,307,3,raw_count,"""Rabbit R1""",ok,2026-07-08,NOT_AUDITED
Rabbit R1,2024-01-09,2024-11-18,314,5,raw_count,"""Rabbit R1""",ok,2026-07-08,NOT_AUDITED
Rabbit R1,2024-01-09,2024-11-25,321,3,raw_count,"""Rabbit R1""",ok,2026-07-08,NOT_AUDITED
Rabbit R1,2024-01-09,2024-12-02,328,2,raw_count,"""Rabbit R1""",ok,2026-07-08,NOT_AUDITED
Rabbit R1,2024-01-09,2024-12-09,335,10,raw_count,"""Rabbit R1""",ok,2026-07-08,NOT_AUDITED
Rabbit R1,2024-01-09,2024-12-16,342,2,raw_count,"""Rabbit R1""",ok,2026-07-08,NOT_AUDITED
Rabbit R1,2024-01-09,2024-12-23,349,9,raw_count,"""Rabbit R1""",ok,2026-07-08,NOT_AUDITED
Rabbit R1,2024-01-09,2024-12-30,356,11,raw_count,"""Rabbit R1""",ok,2026-07-08,NOT_AUDITED
Rabbit R1,2024-01-09,2025-01-06,363,4,raw_count,"""Rabbit R1""",ok,2026-07-08,NOT_AUDITED
Rabbit R1,2024-01-09,2025-01-13,370,3,raw_count,"""Rabbit R1""",ok,2026-07-08,NOT_AUDITED
Rabbit R1,2024-01-09,2025-01-20,377,0,raw_count,"""Rabbit R1""",ok,2026-07-08,NOT_AUDITED
Rabbit R1,2024-01-09,2025-01-27,384,1,raw_count,"""Rabbit R1""",ok,2026-07-08,NOT_AUDITED
Rabbit R1,2024-01-09,2025-02-03,391,3,raw_count,"""Rabbit R1""",ok,2026-07-08,NOT_AUDITED
Rabbit R1,2024-01-09,2025-02-10,398,1,raw_count,"""Rabbit R1""",ok,2026-07-08,NOT_AUDITED
Rabbit R1,2024-01-09,2025-02-17,405,8,raw_count,"""Rabbit R1""",ok,2026-07-08,NOT_AUDITED
Rabbit R1,2024-01-09,2025-02-24,412,3,raw_count,"""Rabbit R1""",ok,2026-07-08,NOT_AUDITED
Rabbit R1,2024-01-09,2025-03-03,419,2,raw_count,"""Rabbit R1""",ok,2026-07-08,NOT_AUDITED
Rabbit R1,2024-01-09,2025-03-10,426,3,raw_count,"""Rabbit R1""",ok,2026-07-08,NOT_AUDITED
Rabbit R1,2024-01-09,2025-03-17,433,0,raw_count,"""Rabbit R1""",ok,2026-07-08,NOT_AUDITED
Rabbit R1,2024-01-09,2025-03-24,440,0,raw_count,"""Rabbit R1""",ok,2026-07-08,NOT_AUDITED
Rabbit R1,2024-01-09,2025-03-31,447,0,raw_count,"""Rabbit R1""",ok,2026-07-08,NOT_AUDITED
Rabbit R1,2024-01-09,2025-04-07,454,2,raw_count,"""Rabbit R1""",ok,2026-07-08,NOT_AUDITED
Rabbit R1,2024-01-09,2025-04-14,461,1,raw_count,"""Rabbit R1""",ok,2026-07-08,NOT_AUDITED
Rabbit R1,2024-01-09,2025-04-21,468,2,raw_count,"""Rabbit R1""",ok,2026-07-08,NOT_AUDITED
Rabbit R1,2024-01-09,2025-04-28,475,0,raw_count,"""Rabbit R1""",ok,2026-07-08,NOT_AUDITED
Rabbit R1,2024-01-09,2025-05-05,482,2,raw_count,"""Rabbit R1""",ok,2026-07-08,NOT_AUDITED
Rabbit R1,2024-01-09,2025-05-12,489,0,raw_count,"""Rabbit R1""",ok,2026-07-08,NOT_AUDITED
Rabbit R1,2024-01-09,2025-05-19,496,10,raw_count,"""Rabbit R1""",ok,2026-07-08,NOT_AUDITED
Rabbit R1,2024-01-09,2025-05-26,503,4,raw_count,"""Rabbit R1""",ok,2026-07-08,NOT_AUDITED
Rabbit R1,2024-01-09,2025-06-02,510,3,raw_count,"""Rabbit R1""",ok,2026-07-08,NOT_AUDITED
Rabbit R1,2024-01-09,2025-06-09,517,1,raw_count,"""Rabbit R1""",ok,2026-07-08,NOT_AUDITED
Rabbit R1,2024-01-09,2025-06-16,524,0,raw_count,"""Rabbit R1""",ok,2026-07-08,NOT_AUDITED
Rabbit R1,2024-01-09,2025-06-23,531,0,raw_count,"""Rabbit R1""",ok,2026-07-08,NOT_AUDITED
Rabbit R1,2024-01-09,2025-06-30,538,1,raw_count,"""Rabbit R1""",ok,2026-07-08,NOT_AUDITED
Rabbit R1,2024-01-09,2025-07-07,545,4,raw_count,"""Rabbit R1""",ok,2026-07-08,NOT_AUDITED
Rabbit R1,2024-01-09,2025-07-14,552,0,raw_count,"""Rabbit R1""",ok,2026-07-08,NOT_AUDITED
Rabbit R1,2024-01-09,2025-07-21,559,8,raw_count,"""Rabbit R1""",ok,2026-07-08,NOT_AUDITED
Rabbit R1,2024-01-09,2025-07-28,566,1,raw_count,"""Rabbit R1""",ok,2026-07-08,NOT_AUDITED
Rabbit R1,2024-01-09,2025-08-04,573,0,raw_count,"""Rabbit R1""",ok,2026-07-08,NOT_AUDITED
Rabbit R1,2024-01-09,2025-08-11,580,1,raw_count,"""Rabbit R1""",ok,2026-07-08,NOT_AUDITED
Rabbit R1,2024-01-09,2025-08-18,587,1,raw_count,"""Rabbit R1""",ok,2026-07-08,NOT_AUDITED
Rabbit R1,2024-01-09,2025-08-25,594,3,raw_count,"""Rabbit R1""",ok,2026-07-08,NOT_AUDITED
Rabbit R1,2024-01-09,2025-09-01,601,0,raw_count,"""Rabbit R1""",ok,2026-07-08,NOT_AUDITED
Rabbit R1,2024-01-09,2025-09-08,608,4,raw_count,"""Rabbit R1""",ok,2026-07-08,NOT_AUDITED
Rabbit R1,2024-01-09,2025-09-15,615,3,raw_count,"""Rabbit R1""",ok,2026-07-08,NOT_AUDITED
Rabbit R1,2024-01-09,2025-09-22,622,0,raw_count,"""Rabbit R1""",ok,2026-07-08,NOT_AUDITED
Rabbit R1,2024-01-09,2025-09-29,629,3,raw_count,"""Rabbit R1""",ok,2026-07-08,NOT_AUDITED
Rabbit R1,2024-01-09,2025-10-06,636,2,raw_count,"""Rabbit R1""",ok,2026-07-08,NOT_AUDITED
Rabbit R1,2024-01-09,2025-10-13,643,0,raw_count,"""Rabbit R1""",ok,2026-07-08,NOT_AUDITED
Rabbit R1,2024-01-09,2025-10-20,650,0,raw_count,"""Rabbit R1""",ok,2026-07-08,NOT_AUDITED
Rabbit R1,2024-01-09,2025-10-27,657,2,raw_count,"""Rabbit R1""",ok,2026-07-08,NOT_AUDITED
Rabbit R1,2024-01-09,2025-11-03,664,1,raw_count,"""Rabbit R1""",ok,2026-07-08,NOT_AUDITED
Rabbit R1,2024-01-09,2025-11-10,671,0,raw_count,"""Rabbit R1""",ok,2026-07-08,NOT_AUDITED
Rabbit R1,2024-01-09,2025-11-17,678,2,raw_count,"""Rabbit R1""",ok,2026-07-08,NOT_AUDITED
Rabbit R1,2024-01-09,2025-11-24,685,3,raw_count,"""Rabbit R1""",ok,2026-07-08,NOT_AUDITED
Rabbit R1,2024-01-09,2025-12-01,692,3,raw_count,"""Rabbit R1""",ok,2026-07-08,NOT_AUDITED
Rabbit R1,2024-01-09,2025-12-08,699,0,raw_count,"""Rabbit R1""",ok,2026-07-08,NOT_AUDITED
Rabbit R1,2024-01-09,2025-12-15,706,0,raw_count,"""Rabbit R1""",ok,2026-07-08,NOT_AUDITED
Rabbit R1,2024-01-09,2025-12-22,713,1,raw_count,"""Rabbit R1""",ok,2026-07-08,NOT_AUDITED
Rabbit R1,2024-01-09,2025-12-29,720,10,raw_count,"""Rabbit R1""",ok,2026-07-08,NOT_AUDITED
Rabbit R1,2024-01-09,2026-01-05,727,14,raw_count,"""Rabbit R1""",ok,2026-07-08,NOT_AUDITED
Rabbit R1,2024-01-09,2026-01-12,734,2,raw_count,"""Rabbit R1""",ok,2026-07-08,NOT_AUDITED
Rabbit R1,2024-01-09,2026-01-19,741,3,raw_count,"""Rabbit R1""",ok,2026-07-08,NOT_AUDITED
Rabbit R1,2024-01-09,2026-01-26,748,2,raw_count,"""Rabbit R1""",ok,2026-07-08,NOT_AUDITED
Rabbit R1,2024-01-09,2026-02-02,755,0,raw_count,"""Rabbit R1""",ok,2026-07-08,NOT_AUDITED
Rabbit R1,2024-01-09,2026-02-09,762,1,raw_count,"""Rabbit R1""",ok,2026-07-08,NOT_AUDITED
Rabbit R1,2024-01-09,2026-02-16,769,3,raw_count,"""Rabbit R1""",ok,2026-07-08,NOT_AUDITED
Rabbit R1,2024-01-09,2026-02-23,776,1,raw_count,"""Rabbit R1""",ok,2026-07-08,NOT_AUDITED
Rabbit R1,2024-01-09,2026-03-02,783,1,raw_count,"""Rabbit R1""",ok,2026-07-08,NOT_AUDITED
Rabbit R1,2024-01-09,2026-03-09,790,0,raw_count,"""Rabbit R1""",ok,2026-07-08,NOT_AUDITED
Rabbit R1,2024-01-09,2026-03-16,797,59,raw_count,"""Rabbit R1""",ok,2026-07-08,NOT_AUDITED
Rabbit R1,2024-01-09,2026-03-23,804,1,raw_count,"""Rabbit R1""",ok,2026-07-08,NOT_AUDITED
Rabbit R1,2024-01-09,2026-03-30,811,0,raw_count,"""Rabbit R1""",ok,2026-07-08,NOT_AUDITED
Rabbit R1,2024-01-09,2026-04-06,818,2,raw_count,"""Rabbit R1""",ok,2026-07-08,NOT_AUDITED
Rabbit R1,2024-01-09,2026-04-13,825,0,raw_count,"""Rabbit R1""",ok,2026-07-08,NOT_AUDITED
Rabbit R1,2024-01-09,2026-04-20,832,0,raw_count,"""Rabbit R1""",ok,2026-07-08,NOT_AUDITED
Rabbit R1,2024-01-09,2026-04-27,839,3,raw_count,"""Rabbit R1""",ok,2026-07-08,NOT_AUDITED
Rabbit R1,2024-01-09,2026-05-04,846,2,raw_count,"""Rabbit R1""",ok,2026-07-08,NOT_AUDITED
Rabbit R1,2024-01-09,2026-05-11,853,0,raw_count,"""Rabbit R1""",ok,2026-07-08,NOT_AUDITED
Rabbit R1,2024-01-09,2026-05-18,860,2,raw_count,"""Rabbit R1""",ok,2026-07-08,NOT_AUDITED
Rabbit R1,2024-01-09,2026-05-25,867,5,raw_count,"""Rabbit R1""",ok,2026-07-08,NOT_AUDITED
Rabbit R1,2024-01-09,2026-06-01,874,1,raw_count,"""Rabbit R1""",ok,2026-07-08,NOT_AUDITED
Rabbit R1,2024-01-09,2026-06-08,881,0,raw_count,"""Rabbit R1""",ok,2026-07-08,NOT_AUDITED
Rabbit R1,2024-01-09,2026-06-15,888,1,raw_count,"""Rabbit R1""",ok,2026-07-08,NOT_AUDITED
Rabbit R1,2024-01-09,2026-06-22,895,1,raw_count,"""Rabbit R1""",ok,2026-07-08,NOT_AUDITED
Rabbit R1,2024-01-09,2026-06-29,902,0,raw_count,"""Rabbit R1""",ok,2026-07-08,NOT_AUDITED
Suno,2023-12-20,2023-11-20,-30,2,raw_count,"Suno (AI OR music OR song OR ""text-to-music"")",ok,2026-07-08,PASS
Suno,2023-12-20,2023-11-27,-23,5,raw_count,"Suno (AI OR music OR song OR ""text-to-music"")",ok,2026-07-08,PASS
Suno,2023-12-20,2023-12-04,-16,0,raw_count,"Suno (AI OR music OR song OR ""text-to-music"")",ok,2026-07-08,PASS
Suno,2023-12-20,2023-12-11,-9,1,raw_count,"Suno (AI OR music OR song OR ""text-to-music"")",ok,2026-07-08,PASS
Suno,2023-12-20,2023-12-18,-2,17,raw_count,"Suno (AI OR music OR song OR ""text-to-music"")",ok,2026-07-08,PASS
Suno,2023-12-20,2023-12-25,5,7,raw_count,"Suno (AI OR music OR song OR ""text-to-music"")",ok,2026-07-08,PASS
Suno,2023-12-20,2024-01-01,12,3,raw_count,"Suno (AI OR music OR song OR ""text-to-music"")",ok,2026-07-08,PASS
Suno,2023-12-20,2024-01-08,19,3,raw_count,"Suno (AI OR music OR song OR ""text-to-music"")",ok,2026-07-08,PASS
Suno,2023-12-20,2024-01-15,26,5,raw_count,"Suno (AI OR music OR song OR ""text-to-music"")",ok,2026-07-08,PASS
Suno,2023-12-20,2024-01-22,33,4,raw_count,"Suno (AI OR music OR song OR ""text-to-music"")",ok,2026-07-08,PASS
Suno,2023-12-20,2024-01-29,40,1,raw_count,"Suno (AI OR music OR song OR ""text-to-music"")",ok,2026-07-08,PASS
Suno,2023-12-20,2024-02-05,47,1,raw_count,"Suno (AI OR music OR song OR ""text-to-music"")",ok,2026-07-08,PASS
Suno,2023-12-20,2024-02-12,54,0,raw_count,"Suno (AI OR music OR song OR ""text-to-music"")",ok,2026-07-08,PASS
Suno,2023-12-20,2024-02-19,61,1,raw_count,"Suno (AI OR music OR song OR ""text-to-music"")",ok,2026-07-08,PASS
Suno,2023-12-20,2024-02-26,68,34,raw_count,"Suno (AI OR music OR song OR ""text-to-music"")",ok,2026-07-08,PASS
Suno,2023-12-20,2024-03-04,75,11,raw_count,"Suno (AI OR music OR song OR ""text-to-music"")",ok,2026-07-08,PASS
Suno,2023-12-20,2024-03-11,82,1,raw_count,"Suno (AI OR music OR song OR ""text-to-music"")",ok,2026-07-08,PASS
Suno,2023-12-20,2024-03-18,89,14,raw_count,"Suno (AI OR music OR song OR ""text-to-music"")",ok,2026-07-08,PASS
Suno,2023-12-20,2024-03-25,96,7,raw_count,"Suno (AI OR music OR song OR ""text-to-music"")",ok,2026-07-08,PASS
Suno,2023-12-20,2024-04-01,103,7,raw_count,"Suno (AI OR music OR song OR ""text-to-music"")",ok,2026-07-08,PASS
Suno,2023-12-20,2024-04-08,110,12,raw_count,"Suno (AI OR music OR song OR ""text-to-music"")",ok,2026-07-08,PASS
Suno,2023-12-20,2024-04-15,117,3,raw_count,"Suno (AI OR music OR song OR ""text-to-music"")",ok,2026-07-08,PASS
Suno,2023-12-20,2024-04-22,124,2,raw_count,"Suno (AI OR music OR song OR ""text-to-music"")",ok,2026-07-08,PASS
Suno,2023-12-20,2024-04-29,131,6,raw_count,"Suno (AI OR music OR song OR ""text-to-music"")",ok,2026-07-08,PASS
Suno,2023-12-20,2024-05-06,138,5,raw_count,"Suno (AI OR music OR song OR ""text-to-music"")",ok,2026-07-08,PASS
Suno,2023-12-20,2024-05-13,145,5,raw_count,"Suno (AI OR music OR song OR ""text-to-music"")",ok,2026-07-08,PASS
Suno,2023-12-20,2024-05-20,152,28,raw_count,"Suno (AI OR music OR song OR ""text-to-music"")",ok,2026-07-08,PASS
Suno,2023-12-20,2024-05-27,159,6,raw_count,"Suno (AI OR music OR song OR ""text-to-music"")",ok,2026-07-08,PASS
Suno,2023-12-20,2024-06-03,166,4,raw_count,"Suno (AI OR music OR song OR ""text-to-music"")",ok,2026-07-08,PASS
Suno,2023-12-20,2024-06-10,173,5,raw_count,"Suno (AI OR music OR song OR ""text-to-music"")",ok,2026-07-08,PASS
Suno,2023-12-20,2024-06-17,180,7,raw_count,"Suno (AI OR music OR song OR ""text-to-music"")",ok,2026-07-08,PASS
Suno,2023-12-20,2024-06-24,187,244,raw_count,"Suno (AI OR music OR song OR ""text-to-music"")",ok,2026-07-08,PASS
Suno,2023-12-20,2024-07-01,194,21,raw_count,"Suno (AI OR music OR song OR ""text-to-music"")",ok,2026-07-08,PASS
Suno,2023-12-20,2024-07-08,201,10,raw_count,"Suno (AI OR music OR song OR ""text-to-music"")",ok,2026-07-08,PASS
Suno,2023-12-20,2024-07-15,208,21,raw_count,"Suno (AI OR music OR song OR ""text-to-music"")",ok,2026-07-08,PASS
Suno,2023-12-20,2024-07-22,215,3,raw_count,"Suno (AI OR music OR song OR ""text-to-music"")",ok,2026-07-08,PASS
Suno,2023-12-20,2024-07-29,222,33,raw_count,"Suno (AI OR music OR song OR ""text-to-music"")",ok,2026-07-08,PASS
Suno,2023-12-20,2024-08-05,229,8,raw_count,"Suno (AI OR music OR song OR ""text-to-music"")",ok,2026-07-08,PASS
Suno,2023-12-20,2024-08-12,236,6,raw_count,"Suno (AI OR music OR song OR ""text-to-music"")",ok,2026-07-08,PASS
Suno,2023-12-20,2024-08-19,243,17,raw_count,"Suno (AI OR music OR song OR ""text-to-music"")",ok,2026-07-08,PASS
Suno,2023-12-20,2024-08-26,250,6,raw_count,"Suno (AI OR music OR song OR ""text-to-music"")",ok,2026-07-08,PASS
Suno,2023-12-20,2024-09-02,257,13,raw_count,"Suno (AI OR music OR song OR ""text-to-music"")",ok,2026-07-08,PASS
Suno,2023-12-20,2024-09-09,264,12,raw_count,"Suno (AI OR music OR song OR ""text-to-music"")",ok,2026-07-08,PASS
Suno,2023-12-20,2024-09-16,271,6,raw_count,"Suno (AI OR music OR song OR ""text-to-music"")",ok,2026-07-08,PASS
Suno,2023-12-20,2024-09-23,278,10,raw_count,"Suno (AI OR music OR song OR ""text-to-music"")",ok,2026-07-08,PASS
Suno,2023-12-20,2024-09-30,285,3,raw_count,"Suno (AI OR music OR song OR ""text-to-music"")",ok,2026-07-08,PASS
Suno,2023-12-20,2024-10-07,292,8,raw_count,"Suno (AI OR music OR song OR ""text-to-music"")",ok,2026-07-08,PASS
Suno,2023-12-20,2024-10-14,299,7,raw_count,"Suno (AI OR music OR song OR ""text-to-music"")",ok,2026-07-08,PASS
Suno,2023-12-20,2024-10-21,306,13,raw_count,"Suno (AI OR music OR song OR ""text-to-music"")",ok,2026-07-08,PASS
Suno,2023-12-20,2024-10-28,313,10,raw_count,"Suno (AI OR music OR song OR ""text-to-music"")",ok,2026-07-08,PASS
Suno,2023-12-20,2024-11-04,320,6,raw_count,"Suno (AI OR music OR song OR ""text-to-music"")",ok,2026-07-08,PASS
Suno,2023-12-20,2024-11-11,327,13,raw_count,"Suno (AI OR music OR song OR ""text-to-music"")",ok,2026-07-08,PASS
Suno,2023-12-20,2024-11-18,334,10,raw_count,"Suno (AI OR music OR song OR ""text-to-music"")",ok,2026-07-08,PASS
Suno,2023-12-20,2024-11-25,341,7,raw_count,"Suno (AI OR music OR song OR ""text-to-music"")",ok,2026-07-08,PASS
Suno,2023-12-20,2024-12-02,348,10,raw_count,"Suno (AI OR music OR song OR ""text-to-music"")",ok,2026-07-08,PASS
Suno,2023-12-20,2024-12-09,355,7,raw_count,"Suno (AI OR music OR song OR ""text-to-music"")",ok,2026-07-08,PASS
Suno,2023-12-20,2024-12-16,362,7,raw_count,"Suno (AI OR music OR song OR ""text-to-music"")",ok,2026-07-08,PASS
Suno,2023-12-20,2024-12-23,369,7,raw_count,"Suno (AI OR music OR song OR ""text-to-music"")",ok,2026-07-08,PASS
Suno,2023-12-20,2024-12-30,376,10,raw_count,"Suno (AI OR music OR song OR ""text-to-music"")",ok,2026-07-08,PASS
Suno,2023-12-20,2025-01-06,383,5,raw_count,"Suno (AI OR music OR song OR ""text-to-music"")",ok,2026-07-08,PASS
Suno,2023-12-20,2025-01-13,390,9,raw_count,"Suno (AI OR music OR song OR ""text-to-music"")",ok,2026-07-08,PASS
Suno,2023-12-20,2025-01-20,397,12,raw_count,"Suno (AI OR music OR song OR ""text-to-music"")",ok,2026-07-08,PASS
Suno,2023-12-20,2025-01-27,404,8,raw_count,"Suno (AI OR music OR song OR ""text-to-music"")",ok,2026-07-08,PASS
Suno,2023-12-20,2025-02-03,411,8,raw_count,"Suno (AI OR music OR song OR ""text-to-music"")",ok,2026-07-08,PASS
Suno,2023-12-20,2025-02-10,418,13,raw_count,"Suno (AI OR music OR song OR ""text-to-music"")",ok,2026-07-08,PASS
Suno,2023-12-20,2025-02-17,425,3,raw_count,"Suno (AI OR music OR song OR ""text-to-music"")",ok,2026-07-08,PASS
Suno,2023-12-20,2025-02-24,432,18,raw_count,"Suno (AI OR music OR song OR ""text-to-music"")",ok,2026-07-08,PASS
Suno,2023-12-20,2025-03-03,439,20,raw_count,"Suno (AI OR music OR song OR ""text-to-music"")",ok,2026-07-08,PASS
Suno,2023-12-20,2025-03-10,446,10,raw_count,"Suno (AI OR music OR song OR ""text-to-music"")",ok,2026-07-08,PASS
Suno,2023-12-20,2025-03-17,453,11,raw_count,"Suno (AI OR music OR song OR ""text-to-music"")",ok,2026-07-08,PASS
Suno,2023-12-20,2025-03-24,460,16,raw_count,"Suno (AI OR music OR song OR ""text-to-music"")",ok,2026-07-08,PASS
Suno,2023-12-20,2025-03-31,467,3,raw_count,"Suno (AI OR music OR song OR ""text-to-music"")",ok,2026-07-08,PASS
Suno,2023-12-20,2025-04-07,474,18,raw_count,"Suno (AI OR music OR song OR ""text-to-music"")",ok,2026-07-08,PASS
Suno,2023-12-20,2025-04-14,481,15,raw_count,"Suno (AI OR music OR song OR ""text-to-music"")",ok,2026-07-08,PASS
Suno,2023-12-20,2025-04-21,488,11,raw_count,"Suno (AI OR music OR song OR ""text-to-music"")",ok,2026-07-08,PASS
Suno,2023-12-20,2025-04-28,495,4,raw_count,"Suno (AI OR music OR song OR ""text-to-music"")",ok,2026-07-08,PASS
Suno,2023-12-20,2025-05-05,502,11,raw_count,"Suno (AI OR music OR song OR ""text-to-music"")",ok,2026-07-08,PASS
Suno,2023-12-20,2025-05-12,509,2,raw_count,"Suno (AI OR music OR song OR ""text-to-music"")",ok,2026-07-08,PASS
Suno,2023-12-20,2025-05-19,516,7,raw_count,"Suno (AI OR music OR song OR ""text-to-music"")",ok,2026-07-08,PASS
Suno,2023-12-20,2025-05-26,523,8,raw_count,"Suno (AI OR music OR song OR ""text-to-music"")",ok,2026-07-08,PASS
Suno,2023-12-20,2025-06-02,530,24,raw_count,"Suno (AI OR music OR song OR ""text-to-music"")",ok,2026-07-08,PASS
Suno,2023-12-20,2025-06-09,537,33,raw_count,"Suno (AI OR music OR song OR ""text-to-music"")",ok,2026-07-08,PASS
Suno,2023-12-20,2025-06-16,544,0,raw_count,"Suno (AI OR music OR song OR ""text-to-music"")",ok,2026-07-08,PASS
Suno,2023-12-20,2025-06-23,551,0,raw_count,"Suno (AI OR music OR song OR ""text-to-music"")",ok,2026-07-08,PASS
Suno,2023-12-20,2025-06-30,558,20,raw_count,"Suno (AI OR music OR song OR ""text-to-music"")",ok,2026-07-08,PASS
Suno,2023-12-20,2025-07-07,565,17,raw_count,"Suno (AI OR music OR song OR ""text-to-music"")",ok,2026-07-08,PASS
Suno,2023-12-20,2025-07-14,572,51,raw_count,"Suno (AI OR music OR song OR ""text-to-music"")",ok,2026-07-08,PASS
Suno,2023-12-20,2025-07-21,579,13,raw_count,"Suno (AI OR music OR song OR ""text-to-music"")",ok,2026-07-08,PASS
Suno,2023-12-20,2025-07-28,586,53,raw_count,"Suno (AI OR music OR song OR ""text-to-music"")",ok,2026-07-08,PASS
Suno,2023-12-20,2025-08-04,593,13,raw_count,"Suno (AI OR music OR song OR ""text-to-music"")",ok,2026-07-08,PASS
Suno,2023-12-20,2025-08-11,600,11,raw_count,"Suno (AI OR music OR song OR ""text-to-music"")",ok,2026-07-08,PASS
Suno,2023-12-20,2025-08-18,607,13,raw_count,"Suno (AI OR music OR song OR ""text-to-music"")",ok,2026-07-08,PASS
Suno,2023-12-20,2025-08-25,614,43,raw_count,"Suno (AI OR music OR song OR ""text-to-music"")",ok,2026-07-08,PASS
Suno,2023-12-20,2025-09-01,621,23,raw_count,"Suno (AI OR music OR song OR ""text-to-music"")",ok,2026-07-08,PASS
Suno,2023-12-20,2025-09-08,628,6,raw_count,"Suno (AI OR music OR song OR ""text-to-music"")",ok,2026-07-08,PASS
Suno,2023-12-20,2025-09-15,635,24,raw_count,"Suno (AI OR music OR song OR ""text-to-music"")",ok,2026-07-08,PASS
Suno,2023-12-20,2025-09-22,642,42,raw_count,"Suno (AI OR music OR song OR ""text-to-music"")",ok,2026-07-08,PASS
Suno,2023-12-20,2025-09-29,649,10,raw_count,"Suno (AI OR music OR song OR ""text-to-music"")",ok,2026-07-08,PASS
Suno,2023-12-20,2025-10-06,656,9,raw_count,"Suno (AI OR music OR song OR ""text-to-music"")",ok,2026-07-08,PASS
Suno,2023-12-20,2025-10-13,663,15,raw_count,"Suno (AI OR music OR song OR ""text-to-music"")",ok,2026-07-08,PASS
Suno,2023-12-20,2025-10-20,670,14,raw_count,"Suno (AI OR music OR song OR ""text-to-music"")",ok,2026-07-08,PASS
Suno,2023-12-20,2025-10-27,677,173,raw_count,"Suno (AI OR music OR song OR ""text-to-music"")",ok,2026-07-08,PASS
Suno,2023-12-20,2025-11-03,684,27,raw_count,"Suno (AI OR music OR song OR ""text-to-music"")",ok,2026-07-08,PASS
Suno,2023-12-20,2025-11-10,691,31,raw_count,"Suno (AI OR music OR song OR ""text-to-music"")",ok,2026-07-08,PASS
Suno,2023-12-20,2025-11-17,698,55,raw_count,"Suno (AI OR music OR song OR ""text-to-music"")",ok,2026-07-08,PASS
Suno,2023-12-20,2025-11-24,705,61,raw_count,"Suno (AI OR music OR song OR ""text-to-music"")",ok,2026-07-08,PASS
Suno,2023-12-20,2025-12-01,712,27,raw_count,"Suno (AI OR music OR song OR ""text-to-music"")",ok,2026-07-08,PASS
Suno,2023-12-20,2025-12-08,719,19,raw_count,"Suno (AI OR music OR song OR ""text-to-music"")",ok,2026-07-08,PASS
Suno,2023-12-20,2025-12-15,726,30,raw_count,"Suno (AI OR music OR song OR ""text-to-music"")",ok,2026-07-08,PASS
Suno,2023-12-20,2025-12-22,733,15,raw_count,"Suno (AI OR music OR song OR ""text-to-music"")",ok,2026-07-08,PASS
Suno,2023-12-20,2025-12-29,740,16,raw_count,"Suno (AI OR music OR song OR ""text-to-music"")",ok,2026-07-08,PASS
Suno,2023-12-20,2026-01-05,747,17,raw_count,"Suno (AI OR music OR song OR ""text-to-music"")",ok,2026-07-08,PASS
Suno,2023-12-20,2026-01-12,754,17,raw_count,"Suno (AI OR music OR song OR ""text-to-music"")",ok,2026-07-08,PASS
Suno,2023-12-20,2026-01-19,761,8,raw_count,"Suno (AI OR music OR song OR ""text-to-music"")",ok,2026-07-08,PASS
Suno,2023-12-20,2026-01-26,768,41,raw_count,"Suno (AI OR music OR song OR ""text-to-music"")",ok,2026-07-08,PASS
Suno,2023-12-20,2026-02-02,775,14,raw_count,"Suno (AI OR music OR song OR ""text-to-music"")",ok,2026-07-08,PASS
Suno,2023-12-20,2026-02-09,782,7,raw_count,"Suno (AI OR music OR song OR ""text-to-music"")",ok,2026-07-08,PASS
Suno,2023-12-20,2026-02-16,789,10,raw_count,"Suno (AI OR music OR song OR ""text-to-music"")",ok,2026-07-08,PASS
Suno,2023-12-20,2026-02-23,796,49,raw_count,"Suno (AI OR music OR song OR ""text-to-music"")",ok,2026-07-08,PASS
Suno,2023-12-20,2026-03-02,803,11,raw_count,"Suno (AI OR music OR song OR ""text-to-music"")",ok,2026-07-08,PASS
Suno,2023-12-20,2026-03-09,810,10,raw_count,"Suno (AI OR music OR song OR ""text-to-music"")",ok,2026-07-08,PASS
Suno,2023-12-20,2026-03-16,817,14,raw_count,"Suno (AI OR music OR song OR ""text-to-music"")",ok,2026-07-08,PASS
Suno,2023-12-20,2026-03-23,824,17,raw_count,"Suno (AI OR music OR song OR ""text-to-music"")",ok,2026-07-08,PASS
Suno,2023-12-20,2026-03-30,831,28,raw_count,"Suno (AI OR music OR song OR ""text-to-music"")",ok,2026-07-08,PASS
Suno,2023-12-20,2026-04-06,838,12,raw_count,"Suno (AI OR music OR song OR ""text-to-music"")",ok,2026-07-08,PASS
Suno,2023-12-20,2026-04-13,845,13,raw_count,"Suno (AI OR music OR song OR ""text-to-music"")",ok,2026-07-08,PASS
Suno,2023-12-20,2026-04-20,852,7,raw_count,"Suno (AI OR music OR song OR ""text-to-music"")",ok,2026-07-08,PASS
Suno,2023-12-20,2026-04-27,859,43,raw_count,"Suno (AI OR music OR song OR ""text-to-music"")",ok,2026-07-08,PASS
Suno,2023-12-20,2026-05-04,866,17,raw_count,"Suno (AI OR music OR song OR ""text-to-music"")",ok,2026-07-08,PASS
Suno,2023-12-20,2026-05-11,873,14,raw_count,"Suno (AI OR music OR song OR ""text-to-music"")",ok,2026-07-08,PASS
Suno,2023-12-20,2026-05-18,880,83,raw_count,"Suno (AI OR music OR song OR ""text-to-music"")",ok,2026-07-08,PASS
Suno,2023-12-20,2026-05-25,887,53,raw_count,"Suno (AI OR music OR song OR ""text-to-music"")",ok,2026-07-08,PASS
Suno,2023-12-20,2026-06-01,894,35,raw_count,"Suno (AI OR music OR song OR ""text-to-music"")",ok,2026-07-08,PASS
Suno,2023-12-20,2026-06-08,901,17,raw_count,"Suno (AI OR music OR song OR ""text-to-music"")",ok,2026-07-08,PASS
Suno,2023-12-20,2026-06-15,908,15,raw_count,"Suno (AI OR music OR song OR ""text-to-music"")",ok,2026-07-08,PASS
Suno,2023-12-20,2026-06-22,915,45,raw_count,"Suno (AI OR music OR song OR ""text-to-music"")",ok,2026-07-08,PASS
Suno,2023-12-20,2026-06-29,922,7,raw_count,"Suno (AI OR music OR song OR ""text-to-music"")",ok,2026-07-08,PASS
Bolt.new,2024-10-04,2024-09-02,-32,0,raw_count,"""Bolt.new""",ok,2026-07-08,NOT_AUDITED
Bolt.new,2024-10-04,2024-09-09,-25,4,raw_count,"""Bolt.new""",ok,2026-07-08,NOT_AUDITED
Bolt.new,2024-10-04,2024-09-16,-18,2,raw_count,"""Bolt.new""",ok,2026-07-08,NOT_AUDITED
Bolt.new,2024-10-04,2024-09-23,-11,7,raw_count,"""Bolt.new""",ok,2026-07-08,NOT_AUDITED
Bolt.new,2024-10-04,2024-09-30,-4,3,raw_count,"""Bolt.new""",ok,2026-07-08,NOT_AUDITED
Bolt.new,2024-10-04,2024-10-07,3,6,raw_count,"""Bolt.new""",ok,2026-07-08,NOT_AUDITED
Bolt.new,2024-10-04,2024-10-14,10,1,raw_count,"""Bolt.new""",ok,2026-07-08,NOT_AUDITED
Bolt.new,2024-10-04,2024-10-21,17,1,raw_count,"""Bolt.new""",ok,2026-07-08,NOT_AUDITED
Bolt.new,2024-10-04,2024-10-28,24,1,raw_count,"""Bolt.new""",ok,2026-07-08,NOT_AUDITED
Bolt.new,2024-10-04,2024-11-04,31,0,raw_count,"""Bolt.new""",ok,2026-07-08,NOT_AUDITED
Bolt.new,2024-10-04,2024-11-11,38,1,raw_count,"""Bolt.new""",ok,2026-07-08,NOT_AUDITED
Bolt.new,2024-10-04,2024-11-18,45,4,raw_count,"""Bolt.new""",ok,2026-07-08,NOT_AUDITED
Bolt.new,2024-10-04,2024-11-25,52,0,raw_count,"""Bolt.new""",ok,2026-07-08,NOT_AUDITED
Bolt.new,2024-10-04,2024-12-02,59,2,raw_count,"""Bolt.new""",ok,2026-07-08,NOT_AUDITED
Bolt.new,2024-10-04,2024-12-09,66,0,raw_count,"""Bolt.new""",ok,2026-07-08,NOT_AUDITED
Bolt.new,2024-10-04,2024-12-16,73,1,raw_count,"""Bolt.new""",ok,2026-07-08,NOT_AUDITED
Bolt.new,2024-10-04,2024-12-23,80,4,raw_count,"""Bolt.new""",ok,2026-07-08,NOT_AUDITED
Bolt.new,2024-10-04,2024-12-30,87,0,raw_count,"""Bolt.new""",ok,2026-07-08,NOT_AUDITED
Bolt.new,2024-10-04,2025-01-06,94,0,raw_count,"""Bolt.new""",ok,2026-07-08,NOT_AUDITED
Bolt.new,2024-10-04,2025-01-13,101,1,raw_count,"""Bolt.new""",ok,2026-07-08,NOT_AUDITED
Bolt.new,2024-10-04,2025-01-20,108,3,raw_count,"""Bolt.new""",ok,2026-07-08,NOT_AUDITED
Bolt.new,2024-10-04,2025-01-27,115,4,raw_count,"""Bolt.new""",ok,2026-07-08,NOT_AUDITED
Bolt.new,2024-10-04,2025-02-03,122,1,raw_count,"""Bolt.new""",ok,2026-07-08,NOT_AUDITED
Bolt.new,2024-10-04,2025-02-10,129,1,raw_count,"""Bolt.new""",ok,2026-07-08,NOT_AUDITED
Bolt.new,2024-10-04,2025-02-17,136,10,raw_count,"""Bolt.new""",ok,2026-07-08,NOT_AUDITED
Bolt.new,2024-10-04,2025-02-24,143,2,raw_count,"""Bolt.new""",ok,2026-07-08,NOT_AUDITED
Bolt.new,2024-10-04,2025-03-03,150,3,raw_count,"""Bolt.new""",ok,2026-07-08,NOT_AUDITED
Bolt.new,2024-10-04,2025-03-10,157,1,raw_count,"""Bolt.new""",ok,2026-07-08,NOT_AUDITED
Bolt.new,2024-10-04,2025-03-17,164,1,raw_count,"""Bolt.new""",ok,2026-07-08,NOT_AUDITED
Bolt.new,2024-10-04,2025-03-24,171,5,raw_count,"""Bolt.new""",ok,2026-07-08,NOT_AUDITED
Bolt.new,2024-10-04,2025-03-31,178,3,raw_count,"""Bolt.new""",ok,2026-07-08,NOT_AUDITED
Bolt.new,2024-10-04,2025-04-07,185,1,raw_count,"""Bolt.new""",ok,2026-07-08,NOT_AUDITED
Bolt.new,2024-10-04,2025-04-14,192,2,raw_count,"""Bolt.new""",ok,2026-07-08,NOT_AUDITED
Bolt.new,2024-10-04,2025-04-21,199,1,raw_count,"""Bolt.new""",ok,2026-07-08,NOT_AUDITED
Bolt.new,2024-10-04,2025-04-28,206,1,raw_count,"""Bolt.new""",ok,2026-07-08,NOT_AUDITED
Bolt.new,2024-10-04,2025-05-05,213,2,raw_count,"""Bolt.new""",ok,2026-07-08,NOT_AUDITED
Bolt.new,2024-10-04,2025-05-12,220,6,raw_count,"""Bolt.new""",ok,2026-07-08,NOT_AUDITED
Bolt.new,2024-10-04,2025-05-19,227,17,raw_count,"""Bolt.new""",ok,2026-07-08,NOT_AUDITED
Bolt.new,2024-10-04,2025-05-26,234,4,raw_count,"""Bolt.new""",ok,2026-07-08,NOT_AUDITED
Bolt.new,2024-10-04,2025-06-02,241,0,raw_count,"""Bolt.new""",ok,2026-07-08,NOT_AUDITED
Bolt.new,2024-10-04,2025-06-09,248,1,raw_count,"""Bolt.new""",ok,2026-07-08,NOT_AUDITED
Bolt.new,2024-10-04,2025-06-16,255,0,raw_count,"""Bolt.new""",ok,2026-07-08,NOT_AUDITED
Bolt.new,2024-10-04,2025-06-23,262,0,raw_count,"""Bolt.new""",ok,2026-07-08,NOT_AUDITED
Bolt.new,2024-10-04,2025-06-30,269,4,raw_count,"""Bolt.new""",ok,2026-07-08,NOT_AUDITED
Bolt.new,2024-10-04,2025-07-07,276,0,raw_count,"""Bolt.new""",ok,2026-07-08,NOT_AUDITED
Bolt.new,2024-10-04,2025-07-14,283,4,raw_count,"""Bolt.new""",ok,2026-07-08,NOT_AUDITED
Bolt.new,2024-10-04,2025-07-21,290,3,raw_count,"""Bolt.new""",ok,2026-07-08,NOT_AUDITED
Bolt.new,2024-10-04,2025-07-28,297,1,raw_count,"""Bolt.new""",ok,2026-07-08,NOT_AUDITED
Bolt.new,2024-10-04,2025-08-04,304,5,raw_count,"""Bolt.new""",ok,2026-07-08,NOT_AUDITED
Bolt.new,2024-10-04,2025-08-11,311,5,raw_count,"""Bolt.new""",ok,2026-07-08,NOT_AUDITED
Bolt.new,2024-10-04,2025-08-18,318,1,raw_count,"""Bolt.new""",ok,2026-07-08,NOT_AUDITED
Bolt.new,2024-10-04,2025-08-25,325,3,raw_count,"""Bolt.new""",ok,2026-07-08,NOT_AUDITED
Bolt.new,2024-10-04,2025-09-01,332,0,raw_count,"""Bolt.new""",ok,2026-07-08,NOT_AUDITED
Bolt.new,2024-10-04,2025-09-08,339,1,raw_count,"""Bolt.new""",ok,2026-07-08,NOT_AUDITED
Bolt.new,2024-10-04,2025-09-15,346,1,raw_count,"""Bolt.new""",ok,2026-07-08,NOT_AUDITED
Bolt.new,2024-10-04,2025-09-22,353,2,raw_count,"""Bolt.new""",ok,2026-07-08,NOT_AUDITED
Bolt.new,2024-10-04,2025-09-29,360,2,raw_count,"""Bolt.new""",ok,2026-07-08,NOT_AUDITED
Bolt.new,2024-10-04,2025-10-06,367,10,raw_count,"""Bolt.new""",ok,2026-07-08,NOT_AUDITED
Bolt.new,2024-10-04,2025-10-13,374,3,raw_count,"""Bolt.new""",ok,2026-07-08,NOT_AUDITED
Bolt.new,2024-10-04,2025-10-20,381,1,raw_count,"""Bolt.new""",ok,2026-07-08,NOT_AUDITED
Bolt.new,2024-10-04,2025-10-27,388,0,raw_count,"""Bolt.new""",ok,2026-07-08,NOT_AUDITED
Bolt.new,2024-10-04,2025-11-03,395,3,raw_count,"""Bolt.new""",ok,2026-07-08,NOT_AUDITED
Bolt.new,2024-10-04,2025-11-10,402,1,raw_count,"""Bolt.new""",ok,2026-07-08,NOT_AUDITED
Bolt.new,2024-10-04,2025-11-17,409,1,raw_count,"""Bolt.new""",ok,2026-07-08,NOT_AUDITED
Bolt.new,2024-10-04,2025-11-24,416,9,raw_count,"""Bolt.new""",ok,2026-07-08,NOT_AUDITED
Bolt.new,2024-10-04,2025-12-01,423,2,raw_count,"""Bolt.new""",ok,2026-07-08,NOT_AUDITED
Bolt.new,2024-10-04,2025-12-08,430,3,raw_count,"""Bolt.new""",ok,2026-07-08,NOT_AUDITED
Bolt.new,2024-10-04,2025-12-15,437,2,raw_count,"""Bolt.new""",ok,2026-07-08,NOT_AUDITED
Bolt.new,2024-10-04,2025-12-22,444,3,raw_count,"""Bolt.new""",ok,2026-07-08,NOT_AUDITED
Bolt.new,2024-10-04,2025-12-29,451,2,raw_count,"""Bolt.new""",ok,2026-07-08,NOT_AUDITED
Bolt.new,2024-10-04,2026-01-05,458,0,raw_count,"""Bolt.new""",ok,2026-07-08,NOT_AUDITED
Bolt.new,2024-10-04,2026-01-12,465,6,raw_count,"""Bolt.new""",ok,2026-07-08,NOT_AUDITED
Bolt.new,2024-10-04,2026-01-19,472,2,raw_count,"""Bolt.new""",ok,2026-07-08,NOT_AUDITED
Bolt.new,2024-10-04,2026-01-26,479,3,raw_count,"""Bolt.new""",ok,2026-07-08,NOT_AUDITED
Bolt.new,2024-10-04,2026-02-02,486,1,raw_count,"""Bolt.new""",ok,2026-07-08,NOT_AUDITED
Bolt.new,2024-10-04,2026-02-09,493,1,raw_count,"""Bolt.new""",ok,2026-07-08,NOT_AUDITED
Bolt.new,2024-10-04,2026-02-16,500,1,raw_count,"""Bolt.new""",ok,2026-07-08,NOT_AUDITED
Bolt.new,2024-10-04,2026-02-23,507,1,raw_count,"""Bolt.new""",ok,2026-07-08,NOT_AUDITED
Bolt.new,2024-10-04,2026-03-02,514,3,raw_count,"""Bolt.new""",ok,2026-07-08,NOT_AUDITED
Bolt.new,2024-10-04,2026-03-09,521,1,raw_count,"""Bolt.new""",ok,2026-07-08,NOT_AUDITED
Bolt.new,2024-10-04,2026-03-16,528,3,raw_count,"""Bolt.new""",ok,2026-07-08,NOT_AUDITED
Bolt.new,2024-10-04,2026-03-23,535,0,raw_count,"""Bolt.new""",ok,2026-07-08,NOT_AUDITED
Bolt.new,2024-10-04,2026-03-30,542,0,raw_count,"""Bolt.new""",ok,2026-07-08,NOT_AUDITED
Bolt.new,2024-10-04,2026-04-06,549,2,raw_count,"""Bolt.new""",ok,2026-07-08,NOT_AUDITED
Bolt.new,2024-10-04,2026-04-13,556,2,raw_count,"""Bolt.new""",ok,2026-07-08,NOT_AUDITED
Bolt.new,2024-10-04,2026-04-20,563,2,raw_count,"""Bolt.new""",ok,2026-07-08,NOT_AUDITED
Bolt.new,2024-10-04,2026-04-27,570,2,raw_count,"""Bolt.new""",ok,2026-07-08,NOT_AUDITED
Bolt.new,2024-10-04,2026-05-04,577,5,raw_count,"""Bolt.new""",ok,2026-07-08,NOT_AUDITED
Bolt.new,2024-10-04,2026-05-11,584,2,raw_count,"""Bolt.new""",ok,2026-07-08,NOT_AUDITED
Bolt.new,2024-10-04,2026-05-18,591,2,raw_count,"""Bolt.new""",ok,2026-07-08,NOT_AUDITED
Bolt.new,2024-10-04,2026-05-25,598,4,raw_count,"""Bolt.new""",ok,2026-07-08,NOT_AUDITED
Bolt.new,2024-10-04,2026-06-01,605,0,raw_count,"""Bolt.new""",ok,2026-07-08,NOT_AUDITED
Bolt.new,2024-10-04,2026-06-08,612,2,raw_count,"""Bolt.new""",ok,2026-07-08,NOT_AUDITED
Bolt.new,2024-10-04,2026-06-15,619,0,raw_count,"""Bolt.new""",ok,2026-07-08,NOT_AUDITED
Bolt.new,2024-10-04,2026-06-22,626,3,raw_count,"""Bolt.new""",ok,2026-07-08,NOT_AUDITED
Bolt.new,2024-10-04,2026-06-29,633,1,raw_count,"""Bolt.new""",ok,2026-07-08,NOT_AUDITED
Sora,2024-02-15,2024-01-15,-31,33,raw_count,"Sora (OpenAI OR video OR ""text-to-video"")",ok,2026-07-08,PASS
Sora,2024-02-15,2024-01-22,-24,12,raw_count,"Sora (OpenAI OR video OR ""text-to-video"")",ok,2026-07-08,PASS
Sora,2024-02-15,2024-01-29,-17,6,raw_count,"Sora (OpenAI OR video OR ""text-to-video"")",ok,2026-07-08,PASS
Sora,2024-02-15,2024-02-05,-10,9,raw_count,"Sora (OpenAI OR video OR ""text-to-video"")",ok,2026-07-08,PASS
Sora,2024-02-15,2024-02-12,-3,169,raw_count,"Sora (OpenAI OR video OR ""text-to-video"")",ok,2026-07-08,PASS
Sora,2024-02-15,2024-02-19,4,212,raw_count,"Sora (OpenAI OR video OR ""text-to-video"")",ok,2026-07-08,PASS
Sora,2024-02-15,2024-02-26,11,144,raw_count,"Sora (OpenAI OR video OR ""text-to-video"")",ok,2026-07-08,PASS
Sora,2024-02-15,2024-03-04,18,81,raw_count,"Sora (OpenAI OR video OR ""text-to-video"")",ok,2026-07-08,PASS
Sora,2024-02-15,2024-03-11,25,85,raw_count,"Sora (OpenAI OR video OR ""text-to-video"")",ok,2026-07-08,PASS
Sora,2024-02-15,2024-03-18,32,99,raw_count,"Sora (OpenAI OR video OR ""text-to-video"")",ok,2026-07-08,PASS
Sora,2024-02-15,2024-03-25,39,142,raw_count,"Sora (OpenAI OR video OR ""text-to-video"")",ok,2026-07-08,PASS
Sora,2024-02-15,2024-04-01,46,97,raw_count,"Sora (OpenAI OR video OR ""text-to-video"")",ok,2026-07-08,PASS
Sora,2024-02-15,2024-04-08,53,80,raw_count,"Sora (OpenAI OR video OR ""text-to-video"")",ok,2026-07-08,PASS
Sora,2024-02-15,2024-04-15,60,33,raw_count,"Sora (OpenAI OR video OR ""text-to-video"")",ok,2026-07-08,PASS
Sora,2024-02-15,2024-04-22,67,32,raw_count,"Sora (OpenAI OR video OR ""text-to-video"")",ok,2026-07-08,PASS
Sora,2024-02-15,2024-04-29,74,17,raw_count,"Sora (OpenAI OR video OR ""text-to-video"")",ok,2026-07-08,PASS
Sora,2024-02-15,2024-05-06,81,46,raw_count,"Sora (OpenAI OR video OR ""text-to-video"")",ok,2026-07-08,PASS
Sora,2024-02-15,2024-05-13,88,76,raw_count,"Sora (OpenAI OR video OR ""text-to-video"")",ok,2026-07-08,PASS
Sora,2024-02-15,2024-05-20,95,57,raw_count,"Sora (OpenAI OR video OR ""text-to-video"")",ok,2026-07-08,PASS
Sora,2024-02-15,2024-05-27,102,28,raw_count,"Sora (OpenAI OR video OR ""text-to-video"")",ok,2026-07-08,PASS
Sora,2024-02-15,2024-06-03,109,40,raw_count,"Sora (OpenAI OR video OR ""text-to-video"")",ok,2026-07-08,PASS
Sora,2024-02-15,2024-06-10,116,28,raw_count,"Sora (OpenAI OR video OR ""text-to-video"")",ok,2026-07-08,PASS
Sora,2024-02-15,2024-06-17,123,25,raw_count,"Sora (OpenAI OR video OR ""text-to-video"")",ok,2026-07-08,PASS
Sora,2024-02-15,2024-06-24,130,52,raw_count,"Sora (OpenAI OR video OR ""text-to-video"")",ok,2026-07-08,PASS
Sora,2024-02-15,2024-07-01,137,17,raw_count,"Sora (OpenAI OR video OR ""text-to-video"")",ok,2026-07-08,PASS
Sora,2024-02-15,2024-07-08,144,15,raw_count,"Sora (OpenAI OR video OR ""text-to-video"")",ok,2026-07-08,PASS
Sora,2024-02-15,2024-07-15,151,15,raw_count,"Sora (OpenAI OR video OR ""text-to-video"")",ok,2026-07-08,PASS
Sora,2024-02-15,2024-07-22,158,15,raw_count,"Sora (OpenAI OR video OR ""text-to-video"")",ok,2026-07-08,PASS
Sora,2024-02-15,2024-07-29,165,22,raw_count,"Sora (OpenAI OR video OR ""text-to-video"")",ok,2026-07-08,PASS
Sora,2024-02-15,2024-08-05,172,18,raw_count,"Sora (OpenAI OR video OR ""text-to-video"")",ok,2026-07-08,PASS
Sora,2024-02-15,2024-08-12,179,34,raw_count,"Sora (OpenAI OR video OR ""text-to-video"")",ok,2026-07-08,PASS
Sora,2024-02-15,2024-08-19,186,13,raw_count,"Sora (OpenAI OR video OR ""text-to-video"")",ok,2026-07-08,PASS
Sora,2024-02-15,2024-08-26,193,13,raw_count,"Sora (OpenAI OR video OR ""text-to-video"")",ok,2026-07-08,PASS
Sora,2024-02-15,2024-09-02,200,37,raw_count,"Sora (OpenAI OR video OR ""text-to-video"")",ok,2026-07-08,PASS
Sora,2024-02-15,2024-09-09,207,12,raw_count,"Sora (OpenAI OR video OR ""text-to-video"")",ok,2026-07-08,PASS
Sora,2024-02-15,2024-09-16,214,16,raw_count,"Sora (OpenAI OR video OR ""text-to-video"")",ok,2026-07-08,PASS
Sora,2024-02-15,2024-09-23,221,54,raw_count,"Sora (OpenAI OR video OR ""text-to-video"")",ok,2026-07-08,PASS
Sora,2024-02-15,2024-09-30,228,21,raw_count,"Sora (OpenAI OR video OR ""text-to-video"")",ok,2026-07-08,PASS
Sora,2024-02-15,2024-10-07,235,9,raw_count,"Sora (OpenAI OR video OR ""text-to-video"")",ok,2026-07-08,PASS
Sora,2024-02-15,2024-10-14,242,15,raw_count,"Sora (OpenAI OR video OR ""text-to-video"")",ok,2026-07-08,PASS
Sora,2024-02-15,2024-10-21,249,12,raw_count,"Sora (OpenAI OR video OR ""text-to-video"")",ok,2026-07-08,PASS
Sora,2024-02-15,2024-10-28,256,8,raw_count,"Sora (OpenAI OR video OR ""text-to-video"")",ok,2026-07-08,PASS
Sora,2024-02-15,2024-11-04,263,7,raw_count,"Sora (OpenAI OR video OR ""text-to-video"")",ok,2026-07-08,PASS
Sora,2024-02-15,2024-11-11,270,45,raw_count,"Sora (OpenAI OR video OR ""text-to-video"")",ok,2026-07-08,PASS
Sora,2024-02-15,2024-11-18,277,17,raw_count,"Sora (OpenAI OR video OR ""text-to-video"")",ok,2026-07-08,PASS
Sora,2024-02-15,2024-11-25,284,61,raw_count,"Sora (OpenAI OR video OR ""text-to-video"")",ok,2026-07-08,PASS
Sora,2024-02-15,2024-12-02,291,35,raw_count,"Sora (OpenAI OR video OR ""text-to-video"")",ok,2026-07-08,PASS
Sora,2024-02-15,2024-12-09,298,157,raw_count,"Sora (OpenAI OR video OR ""text-to-video"")",ok,2026-07-08,PASS
Sora,2024-02-15,2024-12-16,305,117,raw_count,"Sora (OpenAI OR video OR ""text-to-video"")",ok,2026-07-08,PASS
Sora,2024-02-15,2024-12-23,312,58,raw_count,"Sora (OpenAI OR video OR ""text-to-video"")",ok,2026-07-08,PASS
Sora,2024-02-15,2024-12-30,319,29,raw_count,"Sora (OpenAI OR video OR ""text-to-video"")",ok,2026-07-08,PASS
Sora,2024-02-15,2025-01-06,326,20,raw_count,"Sora (OpenAI OR video OR ""text-to-video"")",ok,2026-07-08,PASS
Sora,2024-02-15,2025-01-13,333,24,raw_count,"Sora (OpenAI OR video OR ""text-to-video"")",ok,2026-07-08,PASS
Sora,2024-02-15,2025-01-20,340,13,raw_count,"Sora (OpenAI OR video OR ""text-to-video"")",ok,2026-07-08,PASS
Sora,2024-02-15,2025-01-27,347,34,raw_count,"Sora (OpenAI OR video OR ""text-to-video"")",ok,2026-07-08,PASS
Sora,2024-02-15,2025-02-03,354,24,raw_count,"Sora (OpenAI OR video OR ""text-to-video"")",ok,2026-07-08,PASS
Sora,2024-02-15,2025-02-10,361,9,raw_count,"Sora (OpenAI OR video OR ""text-to-video"")",ok,2026-07-08,PASS
Sora,2024-02-15,2025-02-17,368,14,raw_count,"Sora (OpenAI OR video OR ""text-to-video"")",ok,2026-07-08,PASS
Sora,2024-02-15,2025-02-24,375,22,raw_count,"Sora (OpenAI OR video OR ""text-to-video"")",ok,2026-07-08,PASS
Sora,2024-02-15,2025-03-03,382,14,raw_count,"Sora (OpenAI OR video OR ""text-to-video"")",ok,2026-07-08,PASS
Sora,2024-02-15,2025-03-10,389,10,raw_count,"Sora (OpenAI OR video OR ""text-to-video"")",ok,2026-07-08,PASS
Sora,2024-02-15,2025-03-17,396,16,raw_count,"Sora (OpenAI OR video OR ""text-to-video"")",ok,2026-07-08,PASS
Sora,2024-02-15,2025-03-24,403,39,raw_count,"Sora (OpenAI OR video OR ""text-to-video"")",ok,2026-07-08,PASS
Sora,2024-02-15,2025-03-31,410,21,raw_count,"Sora (OpenAI OR video OR ""text-to-video"")",ok,2026-07-08,PASS
Sora,2024-02-15,2025-04-07,417,25,raw_count,"Sora (OpenAI OR video OR ""text-to-video"")",ok,2026-07-08,PASS
Sora,2024-02-15,2025-04-14,424,18,raw_count,"Sora (OpenAI OR video OR ""text-to-video"")",ok,2026-07-08,PASS
Sora,2024-02-15,2025-04-21,431,10,raw_count,"Sora (OpenAI OR video OR ""text-to-video"")",ok,2026-07-08,PASS
Sora,2024-02-15,2025-04-28,438,7,raw_count,"Sora (OpenAI OR video OR ""text-to-video"")",ok,2026-07-08,PASS
Sora,2024-02-15,2025-05-05,445,19,raw_count,"Sora (OpenAI OR video OR ""text-to-video"")",ok,2026-07-08,PASS
Sora,2024-02-15,2025-05-12,452,17,raw_count,"Sora (OpenAI OR video OR ""text-to-video"")",ok,2026-07-08,PASS
Sora,2024-02-15,2025-05-19,459,34,raw_count,"Sora (OpenAI OR video OR ""text-to-video"")",ok,2026-07-08,PASS
Sora,2024-02-15,2025-05-26,466,19,raw_count,"Sora (OpenAI OR video OR ""text-to-video"")",ok,2026-07-08,PASS
Sora,2024-02-15,2025-06-02,473,18,raw_count,"Sora (OpenAI OR video OR ""text-to-video"")",ok,2026-07-08,PASS
Sora,2024-02-15,2025-06-09,480,276,raw_count,"Sora (OpenAI OR video OR ""text-to-video"")",ok,2026-07-08,PASS
Sora,2024-02-15,2025-06-16,487,0,raw_count,"Sora (OpenAI OR video OR ""text-to-video"")",ok,2026-07-08,PASS
Sora,2024-02-15,2025-06-23,494,0,raw_count,"Sora (OpenAI OR video OR ""text-to-video"")",ok,2026-07-08,PASS
Sora,2024-02-15,2025-06-30,501,5,raw_count,"Sora (OpenAI OR video OR ""text-to-video"")",ok,2026-07-08,PASS
Sora,2024-02-15,2025-07-07,508,13,raw_count,"Sora (OpenAI OR video OR ""text-to-video"")",ok,2026-07-08,PASS
Sora,2024-02-15,2025-07-14,515,20,raw_count,"Sora (OpenAI OR video OR ""text-to-video"")",ok,2026-07-08,PASS
Sora,2024-02-15,2025-07-21,522,14,raw_count,"Sora (OpenAI OR video OR ""text-to-video"")",ok,2026-07-08,PASS
Sora,2024-02-15,2025-07-28,529,11,raw_count,"Sora (OpenAI OR video OR ""text-to-video"")",ok,2026-07-08,PASS
Sora,2024-02-15,2025-08-04,536,21,raw_count,"Sora (OpenAI OR video OR ""text-to-video"")",ok,2026-07-08,PASS
Sora,2024-02-15,2025-08-11,543,11,raw_count,"Sora (OpenAI OR video OR ""text-to-video"")",ok,2026-07-08,PASS
Sora,2024-02-15,2025-08-18,550,30,raw_count,"Sora (OpenAI OR video OR ""text-to-video"")",ok,2026-07-08,PASS
Sora,2024-02-15,2025-08-25,557,18,raw_count,"Sora (OpenAI OR video OR ""text-to-video"")",ok,2026-07-08,PASS
Sora,2024-02-15,2025-09-01,564,17,raw_count,"Sora (OpenAI OR video OR ""text-to-video"")",ok,2026-07-08,PASS
Sora,2024-02-15,2025-09-08,571,13,raw_count,"Sora (OpenAI OR video OR ""text-to-video"")",ok,2026-07-08,PASS
Sora,2024-02-15,2025-09-15,578,8,raw_count,"Sora (OpenAI OR video OR ""text-to-video"")",ok,2026-07-08,PASS
Sora,2024-02-15,2025-09-22,585,14,raw_count,"Sora (OpenAI OR video OR ""text-to-video"")",ok,2026-07-08,PASS
Sora,2024-02-15,2025-09-29,592,270,raw_count,"Sora (OpenAI OR video OR ""text-to-video"")",ok,2026-07-08,PASS
Sora,2024-02-15,2025-10-06,599,224,raw_count,"Sora (OpenAI OR video OR ""text-to-video"")",ok,2026-07-08,PASS
Sora,2024-02-15,2025-10-13,606,158,raw_count,"Sora (OpenAI OR video OR ""text-to-video"")",ok,2026-07-08,PASS
Sora,2024-02-15,2025-10-20,613,234,raw_count,"Sora (OpenAI OR video OR ""text-to-video"")",ok,2026-07-08,PASS
Sora,2024-02-15,2025-10-27,620,114,raw_count,"Sora (OpenAI OR video OR ""text-to-video"")",ok,2026-07-08,PASS
Sora,2024-02-15,2025-11-03,627,84,raw_count,"Sora (OpenAI OR video OR ""text-to-video"")",ok,2026-07-08,PASS
Sora,2024-02-15,2025-11-10,634,101,raw_count,"Sora (OpenAI OR video OR ""text-to-video"")",ok,2026-07-08,PASS
Sora,2024-02-15,2025-11-17,641,89,raw_count,"Sora (OpenAI OR video OR ""text-to-video"")",ok,2026-07-08,PASS
Sora,2024-02-15,2025-11-24,648,59,raw_count,"Sora (OpenAI OR video OR ""text-to-video"")",ok,2026-07-08,PASS
Sora,2024-02-15,2025-12-01,655,44,raw_count,"Sora (OpenAI OR video OR ""text-to-video"")",ok,2026-07-08,PASS
Sora,2024-02-15,2025-12-08,662,320,raw_count,"Sora (OpenAI OR video OR ""text-to-video"")",ok,2026-07-08,PASS
Sora,2024-02-15,2025-12-15,669,558,raw_count,"Sora (OpenAI OR video OR ""text-to-video"")",ok,2026-07-08,PASS
Sora,2024-02-15,2025-12-22,676,73,raw_count,"Sora (OpenAI OR video OR ""text-to-video"")",ok,2026-07-08,PASS
Sora,2024-02-15,2025-12-29,683,120,raw_count,"Sora (OpenAI OR video OR ""text-to-video"")",ok,2026-07-08,PASS
Sora,2024-02-15,2026-01-05,690,36,raw_count,"Sora (OpenAI OR video OR ""text-to-video"")",ok,2026-07-08,PASS
Sora,2024-02-15,2026-01-12,697,43,raw_count,"Sora (OpenAI OR video OR ""text-to-video"")",ok,2026-07-08,PASS
Sora,2024-02-15,2026-01-19,704,31,raw_count,"Sora (OpenAI OR video OR ""text-to-video"")",ok,2026-07-08,PASS
Sora,2024-02-15,2026-01-26,711,32,raw_count,"Sora (OpenAI OR video OR ""text-to-video"")",ok,2026-07-08,PASS
Sora,2024-02-15,2026-02-02,718,52,raw_count,"Sora (OpenAI OR video OR ""text-to-video"")",ok,2026-07-08,PASS
Sora,2024-02-15,2026-02-09,725,46,raw_count,"Sora (OpenAI OR video OR ""text-to-video"")",ok,2026-07-08,PASS
Sora,2024-02-15,2026-02-16,732,48,raw_count,"Sora (OpenAI OR video OR ""text-to-video"")",ok,2026-07-08,PASS
Sora,2024-02-15,2026-02-23,739,11,raw_count,"Sora (OpenAI OR video OR ""text-to-video"")",ok,2026-07-08,PASS
Sora,2024-02-15,2026-03-02,746,36,raw_count,"Sora (OpenAI OR video OR ""text-to-video"")",ok,2026-07-08,PASS
Sora,2024-02-15,2026-03-09,753,71,raw_count,"Sora (OpenAI OR video OR ""text-to-video"")",ok,2026-07-08,PASS
Sora,2024-02-15,2026-03-16,760,18,raw_count,"Sora (OpenAI OR video OR ""text-to-video"")",ok,2026-07-08,PASS
Sora,2024-02-15,2026-03-23,767,227,raw_count,"Sora (OpenAI OR video OR ""text-to-video"")",ok,2026-07-08,PASS
Sora,2024-02-15,2026-03-30,774,159,raw_count,"Sora (OpenAI OR video OR ""text-to-video"")",ok,2026-07-08,PASS
Sora,2024-02-15,2026-04-06,781,29,raw_count,"Sora (OpenAI OR video OR ""text-to-video"")",ok,2026-07-08,PASS
Sora,2024-02-15,2026-04-13,788,82,raw_count,"Sora (OpenAI OR video OR ""text-to-video"")",ok,2026-07-08,PASS
Sora,2024-02-15,2026-04-20,795,32,raw_count,"Sora (OpenAI OR video OR ""text-to-video"")",ok,2026-07-08,PASS
Sora,2024-02-15,2026-04-27,802,41,raw_count,"Sora (OpenAI OR video OR ""text-to-video"")",ok,2026-07-08,PASS
Sora,2024-02-15,2026-05-04,809,25,raw_count,"Sora (OpenAI OR video OR ""text-to-video"")",ok,2026-07-08,PASS
Sora,2024-02-15,2026-05-11,816,17,raw_count,"Sora (OpenAI OR video OR ""text-to-video"")",ok,2026-07-08,PASS
Sora,2024-02-15,2026-05-18,823,14,raw_count,"Sora (OpenAI OR video OR ""text-to-video"")",ok,2026-07-08,PASS
Sora,2024-02-15,2026-05-25,830,6,raw_count,"Sora (OpenAI OR video OR ""text-to-video"")",ok,2026-07-08,PASS
Sora,2024-02-15,2026-06-01,837,8,raw_count,"Sora (OpenAI OR video OR ""text-to-video"")",ok,2026-07-08,PASS
Sora,2024-02-15,2026-06-08,844,31,raw_count,"Sora (OpenAI OR video OR ""text-to-video"")",ok,2026-07-08,PASS
Sora,2024-02-15,2026-06-15,851,21,raw_count,"Sora (OpenAI OR video OR ""text-to-video"")",ok,2026-07-08,PASS
Sora,2024-02-15,2026-06-22,858,16,raw_count,"Sora (OpenAI OR video OR ""text-to-video"")",ok,2026-07-08,PASS
Sora,2024-02-15,2026-06-29,865,0,raw_count,"Sora (OpenAI OR video OR ""text-to-video"")",ok,2026-07-08,PASS
